zone_id,daytype,hour,subway,taxi,fhv
1,weekday,0,0.0,0.1,0.0
1,weekday,1,0.0,0.2,0.0
1,weekday,2,0.0,0.1,0.0
1,weekday,3,0.0,0.1,0.0
1,weekday,4,0.0,0.1,0.0
1,weekday,5,0.0,0.4,0.0
1,weekday,6,0.0,0.2,0.0
1,weekday,7,0.0,0.4,0.0
1,weekday,8,0.0,0.8,0.0
1,weekday,9,0.0,0.5,0.0
1,weekday,10,0.0,0.9,0.0
1,weekday,11,0.0,0.8,0.0
1,weekday,12,0.0,0.8,0.0
1,weekday,13,0.0,0.6,0.0
1,weekday,14,0.0,0.9,0.0
1,weekday,15,0.0,1.2,0.0
1,weekday,16,0.0,1.1,0.0
1,weekday,17,0.0,1.1,0.0
1,weekday,18,0.0,1.0,0.0
1,weekday,19,0.0,0.5,0.0
1,weekday,20,0.0,0.8,0.0
1,weekday,21,0.0,0.2,0.0
1,weekday,22,0.0,0.3,0.0
1,weekday,23,0.0,0.0,0.0
1,weekend,0,0.0,0.1,0.0
1,weekend,1,0.0,0.1,0.0
1,weekend,2,0.0,0.1,0.0
1,weekend,3,0.0,0.1,0.0
1,weekend,4,0.0,0.4,0.0
1,weekend,5,0.0,0.9,0.0
1,weekend,6,0.0,0.2,0.0
1,weekend,7,0.0,1.4,0.0
1,weekend,8,0.0,1.0,0.0
1,weekend,9,0.0,0.4,0.0
1,weekend,10,0.0,0.2,0.0
1,weekend,11,0.0,1.3,0.0
1,weekend,12,0.0,0.9,0.0
1,weekend,13,0.0,1.8,0.0
1,weekend,14,0.0,3.7,0.0
1,weekend,15,0.0,2.8,0.0
1,weekend,16,0.0,0.7,0.0
1,weekend,17,0.0,1.9,0.0
1,weekend,18,0.0,1.4,0.0
1,weekend,19,0.0,2.4,0.0
1,weekend,20,0.0,1.0,0.0
1,weekend,21,0.0,0.4,0.0
1,weekend,22,0.0,0.2,0.0
1,weekend,23,0.0,0.2,0.0
2,weekday,0,0.0,0.0,0.0
2,weekday,1,0.0,0.0,0.0
2,weekday,2,0.0,0.0,0.0
2,weekday,3,0.0,0.0,0.0
2,weekday,4,0.0,0.0,0.0
2,weekday,5,0.0,0.0,0.0
2,weekday,6,0.0,0.0,0.0
2,weekday,7,0.0,0.0,0.0
2,weekday,8,0.0,0.0,0.0
2,weekday,9,0.0,0.0,0.0
2,weekday,10,0.0,0.0,0.0
2,weekday,11,0.0,0.0,0.0
2,weekday,12,0.0,0.0,0.1
2,weekday,13,0.0,0.1,0.3
2,weekday,14,0.0,0.0,0.1
2,weekday,15,0.0,0.0,0.1
2,weekday,16,0.0,0.0,0.2
2,weekday,17,0.0,0.0,0.3
2,weekday,18,0.0,0.0,0.3
2,weekday,19,0.0,0.0,0.2
2,weekday,20,0.0,0.0,0.1
2,weekday,21,0.0,0.0,0.1
2,weekday,22,0.0,0.0,0.0
2,weekday,23,0.0,0.1,0.1
2,weekend,0,0.0,0.0,0.0
2,weekend,1,0.0,0.0,0.0
2,weekend,2,0.0,0.0,0.1
2,weekend,3,0.0,0.0,0.0
2,weekend,4,0.0,0.0,0.0
2,weekend,5,0.0,0.0,0.0
2,weekend,6,0.0,0.0,0.0
2,weekend,7,0.0,0.0,0.0
2,weekend,8,0.0,0.0,0.1
2,weekend,9,0.0,0.0,0.0
2,weekend,10,0.0,0.0,0.1
2,weekend,11,0.0,0.0,0.3
2,weekend,12,0.0,0.0,0.1
2,weekend,13,0.0,0.0,0.2
2,weekend,14,0.0,0.0,0.2
2,weekend,15,0.0,0.0,0.1
2,weekend,16,0.0,0.0,0.1
2,weekend,17,0.0,0.0,0.2
2,weekend,18,0.0,0.0,0.1
2,weekend,19,0.0,0.0,0.0
2,weekend,20,0.0,0.0,0.1
2,weekend,21,0.0,0.0,0.1
2,weekend,22,0.0,0.0,0.0
2,weekend,23,0.0,0.0,0.0
3,weekday,0,4.5,0.3,30.3
3,weekday,1,2.8,0.2,17.8
3,weekday,2,4.4,0.0,11.8
3,weekday,3,7.1,0.1,10.5
3,weekday,4,33.9,0.5,17.9
3,weekday,5,344.5,0.8,35.2
3,weekday,6,574.8,1.4,72.7
3,weekday,7,817.3,1.4,115.6
3,weekday,8,638.5,1.9,122.3
3,weekday,9,317.2,0.9,95.5
3,weekday,10,220.9,0.5,80.3
3,weekday,11,181.8,0.5,74.8
3,weekday,12,191.0,0.7,75.9
3,weekday,13,223.1,0.8,75.6
3,weekday,14,235.1,0.7,98.6
3,weekday,15,281.1,0.9,98.8
3,weekday,16,234.7,0.6,90.4
3,weekday,17,203.1,0.2,90.5
3,weekday,18,155.1,0.4,71.6
3,weekday,19,103.2,0.4,58.8
3,weekday,20,82.2,0.3,56.2
3,weekday,21,54.5,0.2,50.3
3,weekday,22,28.6,0.7,50.5
3,weekday,23,16.5,0.5,57.2
3,weekend,0,10.2,0.8,48.7
3,weekend,1,5.9,0.4,37.3
3,weekend,2,6.0,0.0,28.1
3,weekend,3,4.6,0.0,16.7
3,weekend,4,11.8,0.1,17.3
3,weekend,5,46.2,0.4,26.0
3,weekend,6,85.6,0.7,43.6
3,weekend,7,84.6,1.1,54.7
3,weekend,8,99.0,0.9,57.4
3,weekend,9,90.3,0.9,67.9
3,weekend,10,91.3,0.8,79.3
3,weekend,11,94.9,0.9,75.8
3,weekend,12,97.8,0.8,67.4
3,weekend,13,107.6,1.0,75.7
3,weekend,14,107.2,1.1,76.1
3,weekend,15,96.8,1.0,88.2
3,weekend,16,81.4,1.0,74.6
3,weekend,17,84.4,0.3,77.1
3,weekend,18,71.3,1.1,80.6
3,weekend,19,52.3,1.3,66.9
3,weekend,20,48.2,1.3,70.9
3,weekend,21,40.9,1.3,77.0
3,weekend,22,24.2,1.3,68.0
3,weekend,23,14.8,1.7,80.0
4,weekday,0,0.0,13.4,53.0
4,weekday,1,0.0,10.2,37.6
4,weekday,2,0.0,7.0,28.0
4,weekday,3,0.0,3.3,16.1
4,weekday,4,0.0,2.6,27.6
4,weekday,5,0.0,6.0,35.8
4,weekday,6,0.0,10.8,53.3
4,weekday,7,0.0,16.6,75.1
4,weekday,8,0.0,18.4,78.5
4,weekday,9,0.0,24.0,94.7
4,weekday,10,0.0,17.5,82.8
4,weekday,11,0.0,11.8,66.3
4,weekday,12,0.0,11.1,59.6
4,weekday,13,0.0,10.6,61.9
4,weekday,14,0.0,12.8,65.1
4,weekday,15,0.0,12.6,57.8
4,weekday,16,0.0,11.8,53.9
4,weekday,17,0.0,17.8,63.5
4,weekday,18,0.0,22.4,77.8
4,weekday,19,0.0,18.5,80.2
4,weekday,20,0.0,16.5,73.8
4,weekday,21,0.0,16.8,71.1
4,weekday,22,0.0,21.4,67.2
4,weekday,23,0.0,19.7,64.4
4,weekend,0,0.0,92.4,155.2
4,weekend,1,0.0,103.4,164.0
4,weekend,2,0.0,97.8,139.3
4,weekend,3,0.0,57.7,87.3
4,weekend,4,0.0,26.7,59.4
4,weekend,5,0.0,5.9,43.3
4,weekend,6,0.0,7.1,43.9
4,weekend,7,0.0,10.0,47.9
4,weekend,8,0.0,13.1,54.1
4,weekend,9,0.0,16.2,73.6
4,weekend,10,0.0,21.1,88.4
4,weekend,11,0.0,22.8,93.2
4,weekend,12,0.0,22.2,90.1
4,weekend,13,0.0,24.3,86.1
4,weekend,14,0.0,24.4,90.8
4,weekend,15,0.0,21.2,86.3
4,weekend,16,0.0,18.8,85.0
4,weekend,17,0.0,23.8,97.3
4,weekend,18,0.0,25.7,101.7
4,weekend,19,0.0,25.2,98.2
4,weekend,20,0.0,19.9,93.6
4,weekend,21,0.0,19.7,101.4
4,weekend,22,0.0,27.1,105.3
4,weekend,23,0.0,39.6,103.3
5,weekday,0,0.0,0.0,2.7
5,weekday,1,0.0,0.0,1.5
5,weekday,2,0.0,0.0,1.8
5,weekday,3,0.0,0.0,1.6
5,weekday,4,0.0,0.0,2.5
5,weekday,5,0.0,0.0,6.9
5,weekday,6,0.0,0.0,13.0
5,weekday,7,0.0,0.0,16.4
5,weekday,8,0.0,0.0,21.2
5,weekday,9,0.0,0.0,13.1
5,weekday,10,0.0,0.0,11.4
5,weekday,11,0.0,0.0,10.5
5,weekday,12,0.0,0.0,10.8
5,weekday,13,0.0,0.0,10.5
5,weekday,14,0.0,0.0,10.8
5,weekday,15,0.0,0.0,13.9
5,weekday,16,0.0,0.0,13.3
5,weekday,17,0.0,0.0,9.8
5,weekday,18,0.0,0.0,7.1
5,weekday,19,0.0,0.0,7.4
5,weekday,20,0.0,0.0,5.7
5,weekday,21,0.0,0.0,4.0
5,weekday,22,0.0,0.0,3.2
5,weekday,23,0.0,0.0,2.9
5,weekend,0,0.0,0.0,7.0
5,weekend,1,0.0,0.0,4.9
5,weekend,2,0.0,0.0,4.6
5,weekend,3,0.0,0.0,3.4
5,weekend,4,0.0,0.0,2.9
5,weekend,5,0.0,0.0,5.4
5,weekend,6,0.0,0.0,5.0
5,weekend,7,0.0,0.0,8.1
5,weekend,8,0.0,0.0,10.6
5,weekend,9,0.0,0.0,10.8
5,weekend,10,0.0,0.0,11.6
5,weekend,11,0.0,0.0,11.1
5,weekend,12,0.0,0.0,9.1
5,weekend,13,0.0,0.0,10.0
5,weekend,14,0.0,0.0,11.4
5,weekend,15,0.0,0.0,11.3
5,weekend,16,0.0,0.0,12.1
5,weekend,17,0.0,0.0,10.3
5,weekend,18,0.0,0.0,8.4
5,weekend,19,0.0,0.0,10.0
5,weekend,20,0.0,0.0,9.4
5,weekend,21,0.0,0.0,7.9
5,weekend,22,0.0,0.0,5.7
5,weekend,23,0.0,0.0,6.0
6,weekday,0,0.0,0.1,7.2
6,weekday,1,0.0,0.0,5.0
6,weekday,2,0.0,0.0,2.9
6,weekday,3,0.0,0.0,1.9
6,weekday,4,0.0,0.1,3.8
6,weekday,5,0.0,0.1,6.8
6,weekday,6,0.0,0.4,12.1
6,weekday,7,0.0,0.5,19.5
6,weekday,8,0.0,0.5,34.8
6,weekday,9,0.0,0.1,30.5
6,weekday,10,0.0,0.1,23.9
6,weekday,11,0.0,0.0,25.3
6,weekday,12,0.0,0.2,20.1
6,weekday,13,0.0,0.0,21.2
6,weekday,14,0.0,0.1,30.0
6,weekday,15,0.0,0.8,23.6
6,weekday,16,0.0,0.1,25.3
6,weekday,17,0.0,0.0,22.4
6,weekday,18,0.0,0.1,20.3
6,weekday,19,0.0,0.0,16.1
6,weekday,20,0.0,0.1,13.6
6,weekday,21,0.0,0.1,12.4
6,weekday,22,0.0,0.1,14.5
6,weekday,23,0.0,0.2,10.4
6,weekend,0,0.0,0.3,14.6
6,weekend,1,0.0,0.1,8.7
6,weekend,2,0.0,0.0,8.1
6,weekend,3,0.0,0.0,5.2
6,weekend,4,0.0,0.0,6.3
6,weekend,5,0.0,0.1,5.3
6,weekend,6,0.0,0.3,9.7
6,weekend,7,0.0,0.2,13.3
6,weekend,8,0.0,0.2,15.9
6,weekend,9,0.0,0.1,20.2
6,weekend,10,0.0,0.1,21.0
6,weekend,11,0.0,0.0,16.0
6,weekend,12,0.0,0.2,18.1
6,weekend,13,0.0,0.1,17.7
6,weekend,14,0.0,0.1,21.3
6,weekend,15,0.0,0.4,21.2
6,weekend,16,0.0,1.3,23.8
6,weekend,17,0.0,0.1,19.3
6,weekend,18,0.0,0.3,18.8
6,weekend,19,0.0,0.0,17.1
6,weekend,20,0.0,0.1,15.2
6,weekend,21,0.0,0.2,16.4
6,weekend,22,0.0,0.3,17.1
6,weekend,23,0.0,0.3,15.6
7,weekday,0,164.4,14.9,159.1
7,weekday,1,84.5,8.6,110.2
7,weekday,2,55.2,5.5,86.3
7,weekday,3,68.6,4.4,80.6
7,weekday,4,188.0,6.8,121.3
7,weekday,5,709.4,8.2,169.1
7,weekday,6,1898.2,13.2,239.6
7,weekday,7,4217.2,20.4,346.2
7,weekday,8,6538.8,24.2,373.7
7,weekday,9,3682.1,13.8,314.6
7,weekday,10,2217.2,11.8,251.7
7,weekday,11,1823.6,12.8,230.3
7,weekday,12,1674.5,12.2,230.1
7,weekday,13,1750.8,13.6,237.9
7,weekday,14,2087.2,14.0,256.2
7,weekday,15,2295.2,10.2,261.9
7,weekday,16,2286.2,12.6,269.7
7,weekday,17,2552.5,13.1,301.5
7,weekday,18,2130.2,12.5,309.6
7,weekday,19,1328.5,13.1,285.6
7,weekday,20,1008.4,12.9,251.5
7,weekday,21,743.8,13.8,261.1
7,weekday,22,602.3,18.4,253.1
7,weekday,23,322.2,17.2,205.1
7,weekend,0,302.7,34.3,405.4
7,weekend,1,162.6,26.0,374.7
7,weekend,2,108.3,21.0,292.6
7,weekend,3,70.8,23.1,240.4
7,weekend,4,109.3,25.3,231.4
7,weekend,5,249.7,11.1,170.6
7,weekend,6,515.3,11.4,170.0
7,weekend,7,768.0,11.1,189.9
7,weekend,8,1108.0,13.6,232.1
7,weekend,9,1450.1,18.7,291.1
7,weekend,10,1696.0,24.3,328.4
7,weekend,11,1852.7,26.0,349.9
7,weekend,12,1936.2,21.1,360.0
7,weekend,13,2026.0,20.6,369.2
7,weekend,14,1973.0,25.1,386.9
7,weekend,15,1895.0,23.1,369.2
7,weekend,16,1704.3,22.0,370.0
7,weekend,17,1558.4,24.0,376.7
7,weekend,18,1467.0,27.6,386.4
7,weekend,19,1106.0,21.0,358.2
7,weekend,20,857.2,24.1,327.1
7,weekend,21,698.1,23.4,339.0
7,weekend,22,605.2,31.7,333.9
7,weekend,23,395.6,31.7,310.9
8,weekday,0,0.0,0.2,0.4
8,weekday,1,0.0,0.1,0.4
8,weekday,2,0.0,0.1,0.3
8,weekday,3,0.0,0.1,0.2
8,weekday,4,0.0,0.1,0.1
8,weekday,5,0.0,0.0,0.6
8,weekday,6,0.0,0.0,0.6
8,weekday,7,0.0,0.0,1.2
8,weekday,8,0.0,0.2,1.3
8,weekday,9,0.0,0.1,1.2
8,weekday,10,0.0,0.1,0.7
8,weekday,11,0.0,0.1,0.7
8,weekday,12,0.0,0.0,1.6
8,weekday,13,0.0,0.1,1.2
8,weekday,14,0.0,0.3,0.6
8,weekday,15,0.0,0.1,1.4
8,weekday,16,0.0,0.1,1.6
8,weekday,17,0.0,0.1,1.6
8,weekday,18,0.0,0.1,1.8
8,weekday,19,0.0,0.1,2.1
8,weekday,20,0.0,0.1,3.1
8,weekday,21,0.0,0.3,3.3
8,weekday,22,0.0,0.6,3.8
8,weekday,23,0.0,0.2,0.9
8,weekend,0,0.0,0.1,2.2
8,weekend,1,0.0,0.1,1.0
8,weekend,2,0.0,0.0,0.8
8,weekend,3,0.0,0.0,0.6
8,weekend,4,0.0,0.1,0.3
8,weekend,5,0.0,0.0,0.1
8,weekend,6,0.0,0.1,0.2
8,weekend,7,0.0,0.0,0.1
8,weekend,8,0.0,0.0,0.8
8,weekend,9,0.0,0.1,0.9
8,weekend,10,0.0,0.2,1.6
8,weekend,11,0.0,0.2,2.0
8,weekend,12,0.0,0.1,3.0
8,weekend,13,0.0,0.1,2.4
8,weekend,14,0.0,0.4,4.6
8,weekend,15,0.0,0.4,4.1
8,weekend,16,0.0,0.2,4.6
8,weekend,17,0.0,0.3,6.0
8,weekend,18,0.0,0.3,4.7
8,weekend,19,0.0,0.0,5.0
8,weekend,20,0.0,0.8,4.9
8,weekend,21,0.0,0.1,4.7
8,weekend,22,0.0,0.7,4.4
8,weekend,23,0.0,0.3,4.1
9,weekday,0,0.0,0.3,11.9
9,weekday,1,0.0,0.0,7.1
9,weekday,2,0.0,0.1,4.6
9,weekday,3,0.0,0.1,4.8
9,weekday,4,0.0,0.1,8.8
9,weekday,5,0.0,0.4,13.2
9,weekday,6,0.0,0.2,17.1
9,weekday,7,0.0,0.4,34.0
9,weekday,8,0.0,0.6,54.5
9,weekday,9,0.0,0.3,42.1
9,weekday,10,0.0,0.4,39.8
9,weekday,11,0.0,0.4,40.6
9,weekday,12,0.0,0.6,35.4
9,weekday,13,0.0,0.4,37.2
9,weekday,14,0.0,0.7,46.9
9,weekday,15,0.0,0.5,45.5
9,weekday,16,0.0,0.4,38.4
9,weekday,17,0.0,0.2,38.4
9,weekday,18,0.0,0.4,35.4
9,weekday,19,0.0,0.2,25.6
9,weekday,20,0.0,0.2,19.1
9,weekday,21,0.0,0.0,18.9
9,weekday,22,0.0,0.1,19.7
9,weekday,23,0.0,0.2,15.4
9,weekend,0,0.0,0.4,24.7
9,weekend,1,0.0,0.4,18.0
9,weekend,2,0.0,0.1,11.8
9,weekend,3,0.0,0.2,9.1
9,weekend,4,0.0,0.1,11.2
9,weekend,5,0.0,0.1,11.7
9,weekend,6,0.0,0.2,14.7
9,weekend,7,0.0,0.1,14.9
9,weekend,8,0.0,0.0,25.6
9,weekend,9,0.0,0.4,30.4
9,weekend,10,0.0,0.6,38.3
9,weekend,11,0.0,0.2,35.8
9,weekend,12,0.0,0.2,34.7
9,weekend,13,0.0,0.3,32.6
9,weekend,14,0.0,0.4,34.1
9,weekend,15,0.0,0.0,34.9
9,weekend,16,0.0,0.2,32.9
9,weekend,17,0.0,0.1,32.7
9,weekend,18,0.0,0.4,31.1
9,weekend,19,0.0,0.1,26.4
9,weekend,20,0.0,0.2,26.6
9,weekend,21,0.0,0.3,23.8
9,weekend,22,0.0,0.4,21.9
9,weekend,23,0.0,0.8,20.9
10,weekday,0,0.0,3.2,42.2
10,weekday,1,0.0,2.7,29.2
10,weekday,2,0.0,0.9,24.2
10,weekday,3,0.0,0.9,30.6
10,weekday,4,0.0,1.3,55.2
10,weekday,5,0.0,2.5,96.0
10,weekday,6,0.0,3.9,123.6
10,weekday,7,0.0,5.6,191.0
10,weekday,8,0.0,7.8,204.6
10,weekday,9,0.0,4.7,159.5
10,weekday,10,0.0,3.4,121.9
10,weekday,11,0.0,2.8,100.9
10,weekday,12,0.0,3.2,107.4
10,weekday,13,0.0,3.3,112.1
10,weekday,14,0.0,4.1,120.6
10,weekday,15,0.0,3.7,112.9
10,weekday,16,0.0,4.9,108.5
10,weekday,17,0.0,1.8,101.5
10,weekday,18,0.0,1.6,89.5
10,weekday,19,0.0,1.9,78.6
10,weekday,20,0.0,3.2,66.4
10,weekday,21,0.0,1.9,66.2
10,weekday,22,0.0,2.8,67.6
10,weekday,23,0.0,2.6,62.2
10,weekend,0,0.0,3.8,75.6
10,weekend,1,0.0,3.2,62.3
10,weekend,2,0.0,2.7,53.1
10,weekend,3,0.0,1.6,48.9
10,weekend,4,0.0,1.0,58.8
10,weekend,5,0.0,0.9,81.6
10,weekend,6,0.0,2.9,87.3
10,weekend,7,0.0,1.6,98.6
10,weekend,8,0.0,2.9,106.8
10,weekend,9,0.0,3.3,121.1
10,weekend,10,0.0,3.9,122.3
10,weekend,11,0.0,5.1,126.4
10,weekend,12,0.0,4.9,115.0
10,weekend,13,0.0,4.8,119.4
10,weekend,14,0.0,5.3,117.6
10,weekend,15,0.0,4.8,120.4
10,weekend,16,0.0,5.8,104.9
10,weekend,17,0.0,3.6,103.8
10,weekend,18,0.0,3.4,103.2
10,weekend,19,0.0,4.0,102.0
10,weekend,20,0.0,5.7,96.2
10,weekend,21,0.0,6.9,105.0
10,weekend,22,0.0,6.4,98.1
10,weekend,23,0.0,6.8,90.2
11,weekday,0,0.0,0.1,13.7
11,weekday,1,0.0,0.2,8.3
11,weekday,2,0.0,0.2,6.2
11,weekday,3,0.0,0.1,5.0
11,weekday,4,0.0,0.1,10.6
11,weekday,5,0.0,0.9,15.1
11,weekday,6,0.0,0.5,29.2
11,weekday,7,0.0,1.2,60.9
11,weekday,8,0.0,1.2,67.6
11,weekday,9,0.0,0.8,57.4
11,weekday,10,0.0,0.9,40.2
11,weekday,11,0.0,0.6,40.2
11,weekday,12,0.0,0.7,33.9
11,weekday,13,0.0,0.6,39.2
11,weekday,14,0.0,0.5,49.8
11,weekday,15,0.0,1.1,37.6
11,weekday,16,0.0,0.3,37.4
11,weekday,17,0.0,0.6,45.7
11,weekday,18,0.0,0.5,38.6
11,weekday,19,0.0,0.2,35.4
11,weekday,20,0.0,0.4,28.4
11,weekday,21,0.0,0.4,26.1
11,weekday,22,0.0,0.6,25.7
11,weekday,23,0.0,0.3,21.5
11,weekend,0,0.0,0.3,30.9
11,weekend,1,0.0,0.2,22.1
11,weekend,2,0.0,0.0,15.7
11,weekend,3,0.0,0.1,10.7
11,weekend,4,0.0,0.1,9.2
11,weekend,5,0.0,0.2,12.9
11,weekend,6,0.0,0.3,19.9
11,weekend,7,0.0,0.8,25.2
11,weekend,8,0.0,0.6,33.6
11,weekend,9,0.0,0.9,41.2
11,weekend,10,0.0,1.1,44.2
11,weekend,11,0.0,0.9,37.8
11,weekend,12,0.0,0.7,39.9
11,weekend,13,0.0,1.0,44.0
11,weekend,14,0.0,0.6,47.8
11,weekend,15,0.0,0.2,40.2
11,weekend,16,0.0,0.3,39.3
11,weekend,17,0.0,0.7,38.6
11,weekend,18,0.0,0.4,46.9
11,weekend,19,0.0,0.4,36.9
11,weekend,20,0.0,0.2,33.7
11,weekend,21,0.0,0.4,37.4
11,weekend,22,0.0,0.1,38.9
11,weekend,23,0.0,0.7,34.8
12,weekday,0,0.0,0.1,0.8
12,weekday,1,0.0,0.1,0.3
12,weekday,2,0.0,0.0,0.3
12,weekday,3,0.0,0.0,0.0
12,weekday,4,0.0,0.0,0.0
12,weekday,5,0.0,0.1,0.2
12,weekday,6,0.0,0.1,0.2
12,weekday,7,0.0,0.1,0.2
12,weekday,8,0.0,0.4,0.8
12,weekday,9,0.0,1.2,0.7
12,weekday,10,0.0,1.6,2.5
12,weekday,11,0.0,2.6,3.8
12,weekday,12,0.0,4.6,5.2
12,weekday,13,0.0,6.8,7.7
12,weekday,14,0.0,5.5,8.7
12,weekday,15,0.0,7.8,8.8
12,weekday,16,0.0,6.6,9.6
12,weekday,17,0.0,5.4,7.5
12,weekday,18,0.0,4.0,6.0
12,weekday,19,0.0,3.1,3.6
12,weekday,20,0.0,1.8,3.0
12,weekday,21,0.0,2.3,3.6
12,weekday,22,0.0,1.0,3.1
12,weekday,23,0.0,0.4,1.3
12,weekend,0,0.0,0.3,1.2
12,weekend,1,0.0,0.4,0.6
12,weekend,2,0.0,0.2,1.7
12,weekend,3,0.0,0.0,0.2
12,weekend,4,0.0,0.0,0.3
12,weekend,5,0.0,0.0,0.3
12,weekend,6,0.0,0.1,0.3
12,weekend,7,0.0,0.2,0.3
12,weekend,8,0.0,0.4,0.6
12,weekend,9,0.0,1.0,0.8
12,weekend,10,0.0,2.8,1.2
12,weekend,11,0.0,4.6,4.4
12,weekend,12,0.0,6.9,7.0
12,weekend,13,0.0,11.8,7.6
12,weekend,14,0.0,8.7,10.7
12,weekend,15,0.0,8.2,9.9
12,weekend,16,0.0,9.6,11.1
12,weekend,17,0.0,8.0,8.7
12,weekend,18,0.0,7.0,6.0
12,weekend,19,0.0,3.1,4.6
12,weekend,20,0.0,2.2,3.0
12,weekend,21,0.0,1.0,1.7
12,weekend,22,0.0,0.7,1.4
12,weekend,23,0.0,0.1,0.9
13,weekday,0,0.0,10.9,89.1
13,weekday,1,0.0,5.8,63.9
13,weekday,2,0.0,1.8,43.8
13,weekday,3,0.0,1.2,29.6
13,weekday,4,0.0,1.8,29.6
13,weekday,5,0.0,5.0,41.3
13,weekday,6,0.0,14.1,84.1
13,weekday,7,0.0,31.5,137.5
13,weekday,8,0.0,50.4,186.2
13,weekday,9,0.0,42.5,147.2
13,weekday,10,0.0,38.6,119.2
13,weekday,11,0.0,43.7,134.9
13,weekday,12,0.0,50.2,131.6
13,weekday,13,0.0,55.4,137.9
13,weekday,14,0.0,55.9,148.4
13,weekday,15,0.0,63.6,150.2
13,weekday,16,0.0,78.9,181.4
13,weekday,17,0.0,103.0,249.2
13,weekday,18,0.0,116.6,240.8
13,weekday,19,0.0,90.2,201.2
13,weekday,20,0.0,81.7,202.4
13,weekday,21,0.0,76.7,276.4
13,weekday,22,0.0,59.2,210.5
13,weekday,23,0.0,30.9,140.5
13,weekend,0,0.0,12.9,55.4
13,weekend,1,0.0,10.1,30.6
13,weekend,2,0.0,4.8,18.0
13,weekend,3,0.0,2.3,14.2
13,weekend,4,0.0,3.3,16.2
13,weekend,5,0.0,1.6,19.7
13,weekend,6,0.0,3.7,29.2
13,weekend,7,0.0,7.8,49.0
13,weekend,8,0.0,14.0,69.0
13,weekend,9,0.0,22.8,92.3
13,weekend,10,0.0,33.0,119.9
13,weekend,11,0.0,43.3,132.7
13,weekend,12,0.0,49.9,134.2
13,weekend,13,0.0,51.4,132.1
13,weekend,14,0.0,50.1,137.1
13,weekend,15,0.0,48.3,130.3
13,weekend,16,0.0,57.1,132.8
13,weekend,17,0.0,57.1,146.9
13,weekend,18,0.0,63.7,159.6
13,weekend,19,0.0,47.6,138.2
13,weekend,20,0.0,37.4,115.0
13,weekend,21,0.0,27.9,101.9
13,weekend,22,0.0,19.7,83.3
13,weekend,23,0.0,14.1,59.0
14,weekday,0,58.1,1.5,62.6
14,weekday,1,32.4,0.6,45.1
14,weekday,2,32.4,0.5,28.9
14,weekday,3,47.7,0.9,25.2
14,weekday,4,170.4,0.6,42.3
14,weekday,5,789.4,1.6,70.8
14,weekday,6,1710.6,3.4,139.1
14,weekday,7,3278.9,7.5,239.8
14,weekday,8,3248.2,6.5,291.8
14,weekday,9,1778.6,3.3,218.1
14,weekday,10,1246.9,3.1,188.9
14,weekday,11,1123.6,5.7,183.2
14,weekday,12,1033.4,5.4,177.8
14,weekday,13,1094.2,4.8,178.1
14,weekday,14,1182.0,4.4,208.4
14,weekday,15,1160.1,4.1,208.1
14,weekday,16,1222.9,2.8,208.6
14,weekday,17,1264.6,2.6,213.9
14,weekday,18,899.7,2.4,204.5
14,weekday,19,596.4,1.8,178.9
14,weekday,20,477.4,1.5,145.5
14,weekday,21,324.1,1.8,138.7
14,weekday,22,256.0,3.4,127.8
14,weekday,23,124.8,2.8,97.6
14,weekend,0,96.7,4.2,162.3
14,weekend,1,45.1,2.4,122.4
14,weekend,2,33.9,2.1,89.1
14,weekend,3,36.8,1.6,75.6
14,weekend,4,69.0,1.3,57.3
14,weekend,5,221.6,0.7,55.2
14,weekend,6,424.7,2.3,79.2
14,weekend,7,655.1,2.2,98.2
14,weekend,8,828.8,2.9,114.7
14,weekend,9,968.4,4.2,147.0
14,weekend,10,969.2,4.2,186.7
14,weekend,11,979.1,2.4,198.3
14,weekend,12,964.6,4.4,199.2
14,weekend,13,993.0,3.4,216.7
14,weekend,14,904.3,4.6,207.8
14,weekend,15,827.6,3.7,193.8
14,weekend,16,787.7,3.0,205.0
14,weekend,17,734.4,3.0,204.4
14,weekend,18,639.7,4.2,213.0
14,weekend,19,496.8,3.2,191.6
14,weekend,20,411.7,2.8,187.0
14,weekend,21,328.9,3.8,176.3
14,weekend,22,266.4,6.0,168.1
14,weekend,23,133.7,4.4,146.6
15,weekday,0,0.0,0.4,6.4
15,weekday,1,0.0,0.0,4.3
15,weekday,2,0.0,0.1,2.5
15,weekday,3,0.0,0.0,2.6
15,weekday,4,0.0,0.1,6.4
15,weekday,5,0.0,0.1,12.4
15,weekday,6,0.0,0.1,20.2
15,weekday,7,0.0,0.3,25.6
15,weekday,8,0.0,0.5,36.4
15,weekday,9,0.0,0.4,32.0
15,weekday,10,0.0,0.4,32.2
15,weekday,11,0.0,0.3,27.4
15,weekday,12,0.0,0.2,28.5
15,weekday,13,0.0,0.4,28.9
15,weekday,14,0.0,0.3,31.7
15,weekday,15,0.0,0.2,30.0
15,weekday,16,0.0,0.6,32.4
15,weekday,17,0.0,0.4,27.9
15,weekday,18,0.0,0.2,25.3
15,weekday,19,0.0,0.1,20.1
15,weekday,20,0.0,0.1,18.0
15,weekday,21,0.0,0.3,21.2
15,weekday,22,0.0,0.3,16.1
15,weekday,23,0.0,0.3,9.5
15,weekend,0,0.0,0.4,19.6
15,weekend,1,0.0,0.4,11.4
15,weekend,2,0.0,0.0,5.9
15,weekend,3,0.0,0.0,5.4
15,weekend,4,0.0,0.0,5.8
15,weekend,5,0.0,0.0,8.4
15,weekend,6,0.0,0.0,12.1
15,weekend,7,0.0,0.2,12.3
15,weekend,8,0.0,0.4,19.1
15,weekend,9,0.0,0.3,21.3
15,weekend,10,0.0,0.1,24.2
15,weekend,11,0.0,0.1,29.9
15,weekend,12,0.0,0.3,33.3
15,weekend,13,0.0,0.4,29.3
15,weekend,14,0.0,0.8,31.0
15,weekend,15,0.0,0.2,31.4
15,weekend,16,0.0,0.1,34.9
15,weekend,17,0.0,0.3,32.0
15,weekend,18,0.0,0.4,30.7
15,weekend,19,0.0,0.2,28.1
15,weekend,20,0.0,0.6,27.2
15,weekend,21,0.0,0.9,27.0
15,weekend,22,0.0,0.8,21.8
15,weekend,23,0.0,0.6,16.2
16,weekday,0,0.0,0.5,36.4
16,weekday,1,0.0,0.2,27.5
16,weekday,2,0.0,0.2,20.9
16,weekday,3,0.0,0.2,13.4
16,weekday,4,0.0,0.1,14.7
16,weekday,5,0.0,0.2,25.4
16,weekday,6,0.0,0.7,45.3
16,weekday,7,0.0,0.6,77.8
16,weekday,8,0.0,1.5,98.1
16,weekday,9,0.0,0.6,70.6
16,weekday,10,0.0,0.6,70.0
16,weekday,11,0.0,0.5,60.1
16,weekday,12,0.0,0.9,65.2
16,weekday,13,0.0,0.5,65.8
16,weekday,14,0.0,0.8,82.2
16,weekday,15,0.0,0.9,77.2
16,weekday,16,0.0,0.5,78.4
16,weekday,17,0.0,0.4,86.1
16,weekday,18,0.0,0.5,82.0
16,weekday,19,0.0,0.4,69.1
16,weekday,20,0.0,0.3,52.6
16,weekday,21,0.0,0.2,49.9
16,weekday,22,0.0,0.6,54.5
16,weekday,23,0.0,0.8,44.3
16,weekend,0,0.0,1.6,84.7
16,weekend,1,0.0,1.2,93.7
16,weekend,2,0.0,1.3,71.4
16,weekend,3,0.0,0.3,49.4
16,weekend,4,0.0,0.2,33.3
16,weekend,5,0.0,0.1,23.2
16,weekend,6,0.0,0.0,26.1
16,weekend,7,0.0,0.3,36.0
16,weekend,8,0.0,0.2,47.6
16,weekend,9,0.0,0.1,55.1
16,weekend,10,0.0,0.8,60.3
16,weekend,11,0.0,0.7,68.2
16,weekend,12,0.0,1.3,71.9
16,weekend,13,0.0,0.9,71.7
16,weekend,14,0.0,0.6,72.4
16,weekend,15,0.0,0.6,75.8
16,weekend,16,0.0,0.6,75.9
16,weekend,17,0.0,0.3,76.1
16,weekend,18,0.0,0.4,75.2
16,weekend,19,0.0,0.8,69.2
16,weekend,20,0.0,0.4,67.2
16,weekend,21,0.0,0.9,65.8
16,weekend,22,0.0,1.9,66.8
16,weekend,23,0.0,0.9,63.9
17,weekday,0,132.3,4.9,155.2
17,weekday,1,58.1,3.6,88.8
17,weekday,2,49.9,1.6,59.6
17,weekday,3,49.2,1.5,50.5
17,weekday,4,125.4,2.8,61.7
17,weekday,5,423.3,2.9,83.9
17,weekday,6,1185.9,3.9,115.3
17,weekday,7,2692.4,6.4,150.4
17,weekday,8,4630.8,9.6,183.1
17,weekday,9,2974.2,9.4,220.9
17,weekday,10,1760.1,8.3,263.2
17,weekday,11,1492.8,6.7,240.1
17,weekday,12,1429.5,7.2,240.6
17,weekday,13,1475.8,6.9,232.9
17,weekday,14,1644.7,7.6,249.0
17,weekday,15,1737.9,7.9,246.5
17,weekday,16,1921.6,7.2,253.8
17,weekday,17,2285.8,8.2,286.2
17,weekday,18,1854.7,8.6,310.5
17,weekday,19,1285.8,7.9,314.3
17,weekday,20,845.4,6.2,270.7
17,weekday,21,610.6,5.5,260.5
17,weekday,22,466.5,9.2,281.9
17,weekday,23,286.6,6.6,241.6
17,weekend,0,264.4,20.8,413.9
17,weekend,1,140.4,10.8,306.9
17,weekend,2,90.7,8.8,201.7
17,weekend,3,59.3,6.2,149.7
17,weekend,4,79.0,6.9,109.9
17,weekend,5,160.8,4.9,90.8
17,weekend,6,350.0,4.6,93.4
17,weekend,7,552.8,6.0,128.8
17,weekend,8,810.6,5.2,145.9
17,weekend,9,1167.4,8.6,192.6
17,weekend,10,1459.1,8.9,246.6
17,weekend,11,1660.9,8.4,282.3
17,weekend,12,1787.8,11.6,290.0
17,weekend,13,1881.2,12.3,279.6
17,weekend,14,1755.8,12.7,299.8
17,weekend,15,1582.7,10.6,315.3
17,weekend,16,1470.8,9.0,327.4
17,weekend,17,1383.8,14.1,352.9
17,weekend,18,1336.4,13.8,371.6
17,weekend,19,1092.7,13.2,372.7
17,weekend,20,784.4,11.4,318.1
17,weekend,21,621.8,12.7,325.0
17,weekend,22,508.8,12.6,342.3
17,weekend,23,345.4,16.2,331.6
18,weekday,0,81.2,0.9,86.5
18,weekday,1,48.8,0.5,51.6
18,weekday,2,46.9,0.3,34.8
18,weekday,3,110.8,0.2,28.8
18,weekday,4,313.7,1.1,41.8
18,weekday,5,1020.5,1.0,64.9
18,weekday,6,1842.8,1.9,112.7
18,weekday,7,2672.8,3.0,195.6
18,weekday,8,2494.2,3.1,253.9
18,weekday,9,1320.5,1.9,195.6
18,weekday,10,959.5,1.7,159.8
18,weekday,11,916.6,1.6,133.6
18,weekday,12,937.7,1.2,139.5
18,weekday,13,1133.6,1.2,157.8
18,weekday,14,1176.8,1.2,155.5
18,weekday,15,1244.6,1.2,149.8
18,weekday,16,1152.0,0.8,150.0
18,weekday,17,1058.8,1.4,172.4
18,weekday,18,750.5,1.1,166.5
18,weekday,19,571.1,0.8,138.4
18,weekday,20,452.9,0.9,128.2
18,weekday,21,339.7,0.8,118.8
18,weekday,22,258.0,1.0,113.8
18,weekday,23,155.6,0.9,98.9
18,weekend,0,100.3,1.3,153.0
18,weekend,1,69.2,1.7,108.6
18,weekend,2,46.1,0.6,80.6
18,weekend,3,64.8,0.4,64.8
18,weekend,4,153.9,0.7,59.6
18,weekend,5,365.9,1.2,68.4
18,weekend,6,648.2,2.2,82.4
18,weekend,7,760.8,1.3,91.0
18,weekend,8,775.3,2.4,126.7
18,weekend,9,749.1,2.3,133.0
18,weekend,10,710.2,1.2,146.2
18,weekend,11,686.6,1.6,146.6
18,weekend,12,743.2,1.9,149.7
18,weekend,13,848.4,1.2,150.1
18,weekend,14,867.1,2.6,157.7
18,weekend,15,791.4,1.6,163.9
18,weekend,16,652.1,2.2,154.6
18,weekend,17,607.3,1.4,155.0
18,weekend,18,551.1,2.1,163.9
18,weekend,19,441.7,1.3,159.7
18,weekend,20,375.3,1.7,152.3
18,weekend,21,324.6,1.6,157.1
18,weekend,22,276.4,1.7,158.7
18,weekend,23,169.3,2.1,145.9
19,weekday,0,0.0,0.9,9.9
19,weekday,1,0.0,0.4,4.9
19,weekday,2,0.0,0.4,4.6
19,weekday,3,0.0,0.8,6.8
19,weekday,4,0.0,0.4,10.1
19,weekday,5,0.0,0.5,15.1
19,weekday,6,0.0,0.7,27.2
19,weekday,7,0.0,1.4,43.4
19,weekday,8,0.0,1.4,52.9
19,weekday,9,0.0,1.2,45.4
19,weekday,10,0.0,1.1,35.1
19,weekday,11,0.0,0.4,35.4
19,weekday,12,0.0,0.9,33.6
19,weekday,13,0.0,0.7,33.2
19,weekday,14,0.0,0.8,42.4
19,weekday,15,0.0,1.3,37.5
19,weekday,16,0.0,1.2,39.5
19,weekday,17,0.0,0.2,29.9
19,weekday,18,0.0,0.2,27.6
19,weekday,19,0.0,0.1,22.4
19,weekday,20,0.0,0.3,21.0
19,weekday,21,0.0,0.1,17.9
19,weekday,22,0.0,0.6,18.7
19,weekday,23,0.0,1.3,22.1
19,weekend,0,0.0,1.0,23.9
19,weekend,1,0.0,1.1,16.9
19,weekend,2,0.0,1.4,10.6
19,weekend,3,0.0,0.4,9.9
19,weekend,4,0.0,0.0,14.0
19,weekend,5,0.0,0.9,12.0
19,weekend,6,0.0,0.7,14.9
19,weekend,7,0.0,1.2,24.1
19,weekend,8,0.0,0.2,23.9
19,weekend,9,0.0,1.1,25.8
19,weekend,10,0.0,1.0,29.6
19,weekend,11,0.0,0.7,28.1
19,weekend,12,0.0,0.7,27.3
19,weekend,13,0.0,0.6,30.8
19,weekend,14,0.0,1.3,31.7
19,weekend,15,0.0,1.1,33.2
19,weekend,16,0.0,1.1,34.6
19,weekend,17,0.0,0.7,29.2
19,weekend,18,0.0,0.7,30.3
19,weekend,19,0.0,0.4,29.1
19,weekend,20,0.0,0.6,25.1
19,weekend,21,0.0,0.4,27.1
19,weekend,22,0.0,2.2,22.9
19,weekend,23,0.0,2.8,29.1
20,weekday,0,0.0,0.4,50.0
20,weekday,1,0.0,0.1,27.9
20,weekday,2,0.0,0.1,18.0
20,weekday,3,0.0,0.1,14.0
20,weekday,4,0.0,0.3,19.6
20,weekday,5,0.0,1.3,32.8
20,weekday,6,0.0,0.6,63.7
20,weekday,7,0.0,1.4,94.2
20,weekday,8,0.0,1.8,119.4
20,weekday,9,0.0,1.1,103.6
20,weekday,10,0.0,0.7,82.0
20,weekday,11,0.0,0.9,86.9
20,weekday,12,0.0,0.6,87.8
20,weekday,13,0.0,0.6,93.2
20,weekday,14,0.0,0.6,102.7
20,weekday,15,0.0,0.9,117.8
20,weekday,16,0.0,1.1,115.8
20,weekday,17,0.0,1.2,123.2
20,weekday,18,0.0,0.6,100.9
20,weekday,19,0.0,0.5,90.5
20,weekday,20,0.0,0.6,84.7
20,weekday,21,0.0,0.4,80.2
20,weekday,22,0.0,0.7,71.4
20,weekday,23,0.0,0.8,64.9
20,weekend,0,0.0,1.8,108.8
20,weekend,1,0.0,0.8,74.4
20,weekend,2,0.0,0.7,53.8
20,weekend,3,0.0,0.3,37.1
20,weekend,4,0.0,0.3,30.9
20,weekend,5,0.0,0.2,36.0
20,weekend,6,0.0,0.7,48.1
20,weekend,7,0.0,0.6,49.0
20,weekend,8,0.0,0.4,61.4
20,weekend,9,0.0,0.3,69.3
20,weekend,10,0.0,1.0,73.1
20,weekend,11,0.0,0.3,83.3
20,weekend,12,0.0,0.8,88.3
20,weekend,13,0.0,1.4,82.8
20,weekend,14,0.0,1.8,97.6
20,weekend,15,0.0,1.0,96.6
20,weekend,16,0.0,1.1,101.2
20,weekend,17,0.0,1.6,101.0
20,weekend,18,0.0,1.0,105.8
20,weekend,19,0.0,1.6,107.9
20,weekend,20,0.0,1.3,100.1
20,weekend,21,0.0,2.2,109.4
20,weekend,22,0.0,0.8,105.2
20,weekend,23,0.0,0.6,87.8
21,weekday,0,26.8,0.3,33.4
21,weekday,1,19.3,0.5,23.2
21,weekday,2,19.9,0.2,20.4
21,weekday,3,46.4,0.2,17.2
21,weekday,4,146.8,0.2,24.9
21,weekday,5,543.9,0.2,34.5
21,weekday,6,1374.9,1.1,58.4
21,weekday,7,2548.7,1.6,125.5
21,weekday,8,2308.8,1.2,145.4
21,weekday,9,1325.4,1.6,118.5
21,weekday,10,879.8,1.4,99.4
21,weekday,11,705.4,1.2,90.2
21,weekday,12,671.2,1.1,87.5
21,weekday,13,678.5,1.6,88.3
21,weekday,14,729.4,1.9,105.4
21,weekday,15,661.2,1.2,97.4
21,weekday,16,666.5,0.7,90.2
21,weekday,17,700.4,1.2,101.8
21,weekday,18,521.6,0.6,88.6
21,weekday,19,349.5,0.6,80.8
21,weekday,20,256.9,0.5,65.7
21,weekday,21,194.6,0.4,64.6
21,weekday,22,129.4,0.4,54.0
21,weekday,23,55.6,0.6,41.5
21,weekend,0,33.1,1.3,64.7
21,weekend,1,22.8,1.0,65.0
21,weekend,2,18.0,0.3,53.2
21,weekend,3,24.3,1.2,44.1
21,weekend,4,56.7,0.8,40.3
21,weekend,5,152.9,0.6,33.9
21,weekend,6,315.7,0.2,43.9
21,weekend,7,479.4,1.0,58.9
21,weekend,8,606.6,0.8,78.9
21,weekend,9,662.2,1.7,115.2
21,weekend,10,561.0,1.4,108.8
21,weekend,11,512.3,1.9,106.2
21,weekend,12,515.6,1.2,105.6
21,weekend,13,501.2,1.6,107.2
21,weekend,14,422.9,1.7,109.4
21,weekend,15,371.7,1.4,105.0
21,weekend,16,331.4,1.6,106.0
21,weekend,17,313.1,1.0,106.3
21,weekend,18,274.8,1.6,101.6
21,weekend,19,226.7,0.8,104.6
21,weekend,20,179.9,0.9,85.9
21,weekend,21,141.6,1.2,85.9
21,weekend,22,97.2,1.6,81.4
21,weekend,23,48.8,1.3,69.3
22,weekday,0,59.7,0.4,42.8
22,weekday,1,33.2,0.3,27.6
22,weekday,2,37.2,0.2,19.9
22,weekday,3,83.9,0.0,11.9
22,weekday,4,357.8,0.0,26.4
22,weekday,5,1512.6,0.6,40.1
22,weekday,6,2900.9,1.8,81.2
22,weekday,7,4848.1,3.0,160.5
22,weekday,8,4449.4,2.9,197.3
22,weekday,9,2666.9,2.5,154.2
22,weekday,10,1791.6,2.8,133.6
22,weekday,11,1435.4,2.2,125.6
22,weekday,12,1383.6,2.2,124.4
22,weekday,13,1513.2,1.5,128.9
22,weekday,14,1659.2,3.2,145.1
22,weekday,15,1592.6,2.3,134.4
22,weekday,16,1533.2,1.8,120.6
22,weekday,17,1522.7,1.8,126.4
22,weekday,18,1138.7,0.7,122.8
22,weekday,19,805.5,0.8,106.0
22,weekday,20,571.1,0.8,92.4
22,weekday,21,409.2,0.6,89.5
22,weekday,22,294.7,1.4,83.2
22,weekday,23,134.1,0.6,57.1
22,weekend,0,85.3,1.2,95.9
22,weekend,1,38.9,0.9,70.1
22,weekend,2,27.9,0.6,43.6
22,weekend,3,45.9,0.0,33.0
22,weekend,4,148.6,0.3,35.9
22,weekend,5,460.0,0.9,50.4
22,weekend,6,986.2,1.8,65.4
22,weekend,7,1372.6,1.2,88.8
22,weekend,8,1627.0,3.0,110.7
22,weekend,9,1759.2,2.3,153.4
22,weekend,10,1514.8,2.4,153.1
22,weekend,11,1357.3,1.6,141.7
22,weekend,12,1288.0,2.6,146.4
22,weekend,13,1281.9,2.2,153.2
22,weekend,14,1235.9,1.9,155.6
22,weekend,15,1061.2,2.9,146.0
22,weekend,16,902.0,1.4,145.4
22,weekend,17,861.1,3.2,160.6
22,weekend,18,728.3,2.3,163.3
22,weekend,19,587.1,0.8,154.2
22,weekend,20,489.7,0.8,140.6
22,weekend,21,367.4,1.6,129.3
22,weekend,22,253.0,1.9,124.3
22,weekend,23,126.7,1.2,92.7
23,weekday,0,0.0,0.1,20.8
23,weekday,1,0.0,0.0,9.8
23,weekday,2,0.0,0.1,7.3
23,weekday,3,0.0,0.0,8.1
23,weekday,4,0.0,0.1,15.1
23,weekday,5,0.0,0.0,28.6
23,weekday,6,0.0,0.0,30.6
23,weekday,7,0.0,0.1,52.8
23,weekday,8,0.0,0.0,70.2
23,weekday,9,0.0,0.0,63.6
23,weekday,10,0.0,0.1,54.2
23,weekday,11,0.0,0.2,60.7
23,weekday,12,0.0,0.0,60.9
23,weekday,13,0.0,0.1,63.2
23,weekday,14,0.0,0.1,75.4
23,weekday,15,0.0,0.1,81.8
23,weekday,16,0.0,0.1,75.1
23,weekday,17,0.0,0.1,83.3
23,weekday,18,0.0,0.0,60.9
23,weekday,19,0.0,0.1,38.3
23,weekday,20,0.0,0.1,33.4
23,weekday,21,0.0,0.1,30.2
23,weekday,22,0.0,0.1,26.2
23,weekday,23,0.0,0.1,32.1
23,weekend,0,0.0,0.1,32.0
23,weekend,1,0.0,0.0,22.6
23,weekend,2,0.0,0.0,16.6
23,weekend,3,0.0,0.0,15.8
23,weekend,4,0.0,0.1,15.2
23,weekend,5,0.0,0.1,18.3
23,weekend,6,0.0,0.0,35.1
23,weekend,7,0.0,0.0,33.8
23,weekend,8,0.0,0.1,33.7
23,weekend,9,0.0,0.0,37.0
23,weekend,10,0.0,0.1,45.9
23,weekend,11,0.0,0.1,46.1
23,weekend,12,0.0,0.0,38.9
23,weekend,13,0.0,0.0,43.0
23,weekend,14,0.0,0.0,48.8
23,weekend,15,0.0,0.1,48.3
23,weekend,16,0.0,0.0,44.6
23,weekend,17,0.0,0.0,50.0
23,weekend,18,0.0,0.0,42.2
23,weekend,19,0.0,0.0,37.6
23,weekend,20,0.0,0.0,34.2
23,weekend,21,0.0,0.0,32.7
23,weekend,22,0.0,0.1,30.9
23,weekend,23,0.0,0.0,43.6
24,weekday,0,37.7,6.1,23.6
24,weekday,1,16.1,3.6,14.2
24,weekday,2,10.2,1.2,9.9
24,weekday,3,9.3,1.4,7.5
24,weekday,4,13.6,2.5,13.1
24,weekday,5,42.6,5.8,17.0
24,weekday,6,169.3,11.8,25.3
24,weekday,7,509.9,22.4,36.4
24,weekday,8,1143.5,31.1,49.7
24,weekday,9,642.5,24.5,51.1
24,weekday,10,423.2,22.0,41.1
24,weekday,11,398.5,19.6,34.8
24,weekday,12,433.1,20.2,38.7
24,weekday,13,452.6,21.2,33.2
24,weekday,14,532.2,21.4,38.2
24,weekday,15,721.1,24.3,35.5
24,weekday,16,798.8,20.2,32.2
24,weekday,17,826.4,25.9,34.4
24,weekday,18,639.5,26.4,37.3
24,weekday,19,448.7,20.4,37.7
24,weekday,20,345.5,16.6,33.6
24,weekday,21,253.2,15.4,33.6
24,weekday,22,159.4,12.7,33.2
24,weekday,23,132.5,10.6,28.2
24,weekend,0,80.3,15.7,42.1
24,weekend,1,32.7,9.4,34.4
24,weekend,2,16.9,4.2,20.4
24,weekend,3,9.2,5.8,19.3
24,weekend,4,13.8,5.6,17.8
24,weekend,5,19.8,3.3,14.6
24,weekend,6,54.6,7.9,18.4
24,weekend,7,103.4,10.2,22.9
24,weekend,8,184.0,15.2,32.7
24,weekend,9,291.1,20.8,40.7
24,weekend,10,391.2,24.1,48.6
24,weekend,11,491.6,25.3,48.1
24,weekend,12,589.1,23.0,41.0
24,weekend,13,661.6,24.0,41.4
24,weekend,14,541.6,26.1,49.6
24,weekend,15,520.1,22.2,38.8
24,weekend,16,509.6,23.7,45.1
24,weekend,17,497.7,26.4,42.9
24,weekend,18,474.8,30.8,45.8
24,weekend,19,391.1,24.0,41.9
24,weekend,20,299.2,17.4,41.3
24,weekend,21,228.4,18.2,44.8
24,weekend,22,174.8,15.3,41.7
24,weekend,23,147.9,13.3,33.2
25,weekday,0,96.0,6.7,101.9
25,weekday,1,36.2,3.1,56.6
25,weekday,2,18.2,0.9,32.2
25,weekday,3,16.2,0.5,22.6
25,weekday,4,27.8,1.5,42.5
25,weekday,5,91.3,2.9,64.9
25,weekday,6,281.2,5.1,95.0
25,weekday,7,821.7,7.9,129.7
25,weekday,8,1806.4,7.8,169.0
25,weekday,9,1268.4,8.3,181.1
25,weekday,10,830.5,5.7,163.9
25,weekday,11,808.8,5.6,162.4
25,weekday,12,860.1,6.3,164.5
25,weekday,13,873.2,6.3,150.8
25,weekday,14,1023.6,7.1,150.9
25,weekday,15,1398.9,8.0,158.9
25,weekday,16,1538.3,8.5,173.9
25,weekday,17,1852.9,10.8,205.9
25,weekday,18,1522.5,12.6,230.1
25,weekday,19,1050.1,12.9,229.6
25,weekday,20,810.8,10.5,205.6
25,weekday,21,660.5,12.9,193.3
25,weekday,22,490.5,16.8,193.5
25,weekday,23,256.8,12.1,163.4
25,weekend,0,225.4,24.4,299.0
25,weekend,1,117.0,20.7,265.3
25,weekend,2,65.6,18.1,201.9
25,weekend,3,45.3,10.4,142.8
25,weekend,4,32.6,6.0,87.9
25,weekend,5,37.3,2.0,55.2
25,weekend,6,83.2,3.0,65.1
25,weekend,7,136.0,3.0,87.3
25,weekend,8,238.8,4.1,111.4
25,weekend,9,384.6,6.0,158.7
25,weekend,10,603.9,8.8,206.7
25,weekend,11,798.0,9.6,238.7
25,weekend,12,994.2,10.2,246.2
25,weekend,13,1035.9,9.7,228.8
25,weekend,14,1037.6,12.0,237.8
25,weekend,15,1084.6,10.3,234.3
25,weekend,16,1065.2,12.7,239.3
25,weekend,17,1078.7,14.3,268.0
25,weekend,18,1031.1,13.7,268.4
25,weekend,19,832.6,12.8,253.0
25,weekend,20,693.9,14.1,211.3
25,weekend,21,560.6,14.2,213.6
25,weekend,22,477.4,15.0,201.9
25,weekend,23,319.3,15.1,201.8
26,weekday,0,32.6,0.8,84.9
26,weekday,1,15.8,0.2,40.1
26,weekday,2,10.6,0.6,25.5
26,weekday,3,23.6,0.2,19.3
26,weekday,4,83.1,0.2,20.7
26,weekday,5,297.2,0.2,25.6
26,weekday,6,668.1,0.8,60.1
26,weekday,7,1331.1,1.8,116.9
26,weekday,8,1314.4,2.3,186.9
26,weekday,9,828.2,2.6,262.8
26,weekday,10,541.7,4.3,306.2
26,weekday,11,439.6,5.0,274.9
26,weekday,12,435.4,3.9,287.4
26,weekday,13,450.1,3.9,266.4
26,weekday,14,584.6,5.4,289.5
26,weekday,15,662.2,5.1,285.5
26,weekday,16,734.1,3.4,274.5
26,weekday,17,820.5,3.4,258.0
26,weekday,18,575.1,2.3,242.6
26,weekday,19,402.6,2.3,243.6
26,weekday,20,270.6,1.4,193.1
26,weekday,21,163.5,1.6,178.0
26,weekday,22,123.1,2.5,201.1
26,weekday,23,74.9,1.9,169.3
26,weekend,0,27.0,1.1,73.8
26,weekend,1,18.4,1.2,61.4
26,weekend,2,11.3,0.2,37.1
26,weekend,3,12.3,0.8,29.3
26,weekend,4,30.8,0.3,23.7
26,weekend,5,86.2,0.4,23.3
26,weekend,6,183.6,0.7,33.1
26,weekend,7,282.3,1.3,79.8
26,weekend,8,385.4,2.2,91.4
26,weekend,9,489.4,1.8,106.1
26,weekend,10,389.0,1.9,132.4
26,weekend,11,353.6,1.6,124.1
26,weekend,12,345.1,2.4,124.3
26,weekend,13,347.2,2.1,129.7
26,weekend,14,336.4,2.6,130.8
26,weekend,15,332.9,1.7,145.7
26,weekend,16,300.7,2.0,130.3
26,weekend,17,276.9,2.2,130.6
26,weekend,18,245.3,2.1,151.1
26,weekend,19,194.0,1.8,155.3
26,weekend,20,177.3,1.3,125.7
26,weekend,21,121.4,1.9,123.8
26,weekend,22,91.9,2.1,155.4
26,weekend,23,60.6,1.6,136.1
27,weekday,0,0.0,0.0,0.8
27,weekday,1,0.0,0.0,0.6
27,weekday,2,0.0,0.1,0.2
27,weekday,3,0.0,0.0,0.2
27,weekday,4,0.0,0.0,0.1
27,weekday,5,0.0,0.0,0.8
27,weekday,6,0.0,0.0,1.0
27,weekday,7,0.0,0.2,2.1
27,weekday,8,0.0,0.0,0.6
27,weekday,9,0.0,0.0,1.1
27,weekday,10,0.0,0.0,1.4
27,weekday,11,0.0,0.0,1.2
27,weekday,12,0.0,0.0,1.8
27,weekday,13,0.0,0.1,2.1
27,weekday,14,0.0,0.1,2.3
27,weekday,15,0.0,0.1,4.6
27,weekday,16,0.0,0.1,6.6
27,weekday,17,0.0,0.1,8.4
27,weekday,18,0.0,0.3,8.7
27,weekday,19,0.0,0.1,7.2
27,weekday,20,0.0,0.1,4.3
27,weekday,21,0.0,0.3,5.8
27,weekday,22,0.0,0.4,3.8
27,weekday,23,0.0,0.1,2.1
27,weekend,0,0.0,0.1,4.9
27,weekend,1,0.0,0.1,4.7
27,weekend,2,0.0,0.1,5.0
27,weekend,3,0.0,0.1,1.7
27,weekend,4,0.0,0.0,1.3
27,weekend,5,0.0,0.0,0.3
27,weekend,6,0.0,0.0,0.1
27,weekend,7,0.0,0.0,1.6
27,weekend,8,0.0,0.0,1.2
27,weekend,9,0.0,0.0,1.8
27,weekend,10,0.0,0.1,2.7
27,weekend,11,0.0,0.0,3.2
27,weekend,12,0.0,0.0,4.0
27,weekend,13,0.0,0.1,3.8
27,weekend,14,0.0,0.1,6.3
27,weekend,15,0.0,0.6,8.0
27,weekend,16,0.0,0.3,11.8
27,weekend,17,0.0,0.3,13.9
27,weekend,18,0.0,0.7,17.3
27,weekend,19,0.0,0.7,16.2
27,weekend,20,0.0,0.3,10.3
27,weekend,21,0.0,0.3,7.6
27,weekend,22,0.0,0.4,6.7
27,weekend,23,0.0,0.0,5.8
28,weekday,0,22.5,2.5,30.6
28,weekday,1,13.0,1.4,17.2
28,weekday,2,18.8,0.5,13.6
28,weekday,3,33.0,0.5,17.6
28,weekday,4,100.8,1.6,27.8
28,weekday,5,282.4,1.3,47.3
28,weekday,6,466.2,2.2,79.1
28,weekday,7,672.6,4.1,136.5
28,weekday,8,551.4,2.9,159.8
28,weekday,9,338.8,2.4,125.4
28,weekday,10,254.7,1.5,92.9
28,weekday,11,232.6,2.1,84.8
28,weekday,12,251.0,2.4,78.8
28,weekday,13,303.2,2.1,83.1
28,weekday,14,380.5,3.1,100.8
28,weekday,15,294.0,2.8,95.9
28,weekday,16,259.8,3.2,78.3
28,weekday,17,233.8,2.0,81.4
28,weekday,18,176.9,1.8,76.6
28,weekday,19,127.5,0.6,63.5
28,weekday,20,100.8,1.3,54.2
28,weekday,21,76.6,0.9,50.1
28,weekday,22,62.6,1.5,45.2
28,weekday,23,26.6,1.4,45.3
28,weekend,0,27.3,2.9,56.0
28,weekend,1,19.3,2.1,38.2
28,weekend,2,17.6,1.0,25.0
28,weekend,3,21.1,1.9,28.4
28,weekend,4,49.1,1.8,28.7
28,weekend,5,108.9,1.3,34.6
28,weekend,6,168.3,2.6,50.9
28,weekend,7,209.6,1.6,63.1
28,weekend,8,201.2,2.7,75.7
28,weekend,9,215.7,2.6,86.9
28,weekend,10,193.4,4.4,92.1
28,weekend,11,189.4,3.3,92.4
28,weekend,12,207.3,3.0,89.4
28,weekend,13,227.3,4.0,94.4
28,weekend,14,229.6,5.0,92.2
28,weekend,15,181.6,3.2,85.4
28,weekend,16,148.4,3.1,86.3
28,weekend,17,144.8,1.8,83.4
28,weekend,18,125.3,1.4,88.9
28,weekend,19,104.2,1.6,71.6
28,weekend,20,103.6,2.0,72.1
28,weekend,21,77.9,3.2,63.6
28,weekend,22,67.9,5.0,59.7
28,weekend,23,32.2,3.4,55.4
29,weekday,0,26.1,0.4,26.9
29,weekday,1,12.3,0.1,14.2
29,weekday,2,8.5,0.1,9.8
29,weekday,3,12.7,0.1,7.6
29,weekday,4,75.2,0.1,11.3
29,weekday,5,288.1,0.5,16.9
29,weekday,6,573.5,0.6,30.1
29,weekday,7,1130.5,1.5,65.4
29,weekday,8,1160.5,1.0,96.7
29,weekday,9,632.7,1.3,90.9
29,weekday,10,509.4,1.6,76.5
29,weekday,11,527.7,2.0,78.3
29,weekday,12,550.8,1.9,77.9
29,weekday,13,591.8,2.6,79.9
29,weekday,14,697.9,2.5,90.0
29,weekday,15,729.4,2.0,87.1
29,weekday,16,778.6,1.4,94.0
29,weekday,17,847.1,2.4,95.4
29,weekday,18,674.1,0.8,84.2
29,weekday,19,519.8,0.4,78.1
29,weekday,20,426.5,0.6,65.8
29,weekday,21,253.0,0.5,55.8
29,weekday,22,134.6,0.5,47.2
29,weekday,23,72.1,0.5,38.7
29,weekend,0,40.3,0.8,49.6
29,weekend,1,20.7,0.3,42.2
29,weekend,2,12.9,0.2,22.7
29,weekend,3,13.6,0.3,16.3
29,weekend,4,28.1,0.2,17.2
29,weekend,5,79.8,0.1,17.6
29,weekend,6,170.8,0.7,24.2
29,weekend,7,296.6,1.1,39.2
29,weekend,8,404.4,1.0,48.0
29,weekend,9,366.3,1.0,56.0
29,weekend,10,385.6,1.1,62.2
29,weekend,11,422.7,1.4,64.3
29,weekend,12,472.4,0.6,72.3
29,weekend,13,517.9,0.8,69.4
29,weekend,14,545.4,1.6,74.3
29,weekend,15,591.3,0.6,71.8
29,weekend,16,566.9,1.2,76.4
29,weekend,17,558.2,1.2,81.6
29,weekend,18,515.8,1.9,83.0
29,weekend,19,467.7,1.2,86.9
29,weekend,20,364.2,1.0,77.3
29,weekend,21,230.0,0.7,71.0
29,weekend,22,146.1,1.1,59.9
29,weekend,23,83.6,1.4,60.2
30,weekday,0,0.7,0.0,0.9
30,weekday,1,0.5,0.1,0.8
30,weekday,2,1.5,0.0,1.0
30,weekday,3,1.3,0.0,0.4
30,weekday,4,9.8,0.0,0.4
30,weekday,5,17.5,0.1,1.2
30,weekday,6,27.4,0.1,1.6
30,weekday,7,38.7,0.0,1.4
30,weekday,8,17.0,0.0,1.3
30,weekday,9,5.6,0.0,1.1
30,weekday,10,5.6,0.1,1.2
30,weekday,11,7.4,0.0,2.0
30,weekday,12,7.5,0.0,2.5
30,weekday,13,8.0,0.0,2.5
30,weekday,14,12.2,0.2,2.8
30,weekday,15,13.6,0.1,2.4
30,weekday,16,10.7,0.0,2.7
30,weekday,17,8.4,0.1,2.0
30,weekday,18,8.9,0.0,2.5
30,weekday,19,5.8,0.0,3.1
30,weekday,20,3.9,0.0,1.8
30,weekday,21,4.2,0.0,2.6
30,weekday,22,3.1,0.1,2.5
30,weekday,23,1.2,0.0,1.5
30,weekend,0,2.7,0.2,6.0
30,weekend,1,0.2,0.1,2.8
30,weekend,2,0.2,0.1,1.7
30,weekend,3,0.2,0.1,1.4
30,weekend,4,3.1,0.0,0.8
30,weekend,5,2.6,0.1,1.4
30,weekend,6,5.9,0.0,0.6
30,weekend,7,4.0,0.1,0.7
30,weekend,8,5.2,0.0,0.8
30,weekend,9,5.3,0.0,1.2
30,weekend,10,3.9,0.0,1.2
30,weekend,11,6.1,0.0,1.2
30,weekend,12,4.3,0.0,2.9
30,weekend,13,6.1,0.0,2.7
30,weekend,14,5.2,0.0,4.0
30,weekend,15,6.1,0.0,2.9
30,weekend,16,5.2,0.1,3.4
30,weekend,17,5.1,0.0,2.8
30,weekend,18,5.3,0.1,2.1
30,weekend,19,6.0,0.1,3.4
30,weekend,20,4.3,0.0,3.2
30,weekend,21,4.2,0.0,4.2
30,weekend,22,4.4,0.1,4.6
30,weekend,23,2.7,0.0,4.7
31,weekday,0,0.0,0.1,5.1
31,weekday,1,0.0,0.2,3.0
31,weekday,2,0.0,0.1,2.3
31,weekday,3,0.0,0.0,1.3
31,weekday,4,0.0,0.1,2.5
31,weekday,5,0.0,0.2,2.9
31,weekday,6,0.0,0.0,6.0
31,weekday,7,0.0,0.2,7.4
31,weekday,8,0.0,0.4,10.5
31,weekday,9,0.0,0.1,8.3
31,weekday,10,0.0,0.2,6.4
31,weekday,11,0.0,0.1,8.4
31,weekday,12,0.0,0.2,11.2
31,weekday,13,0.0,0.5,15.8
31,weekday,14,0.0,0.4,18.8
31,weekday,15,0.0,0.2,21.5
31,weekday,16,0.0,0.3,30.3
31,weekday,17,0.0,0.4,26.1
31,weekday,18,0.0,0.1,16.3
31,weekday,19,0.0,0.1,8.8
31,weekday,20,0.0,0.1,8.1
31,weekday,21,0.0,0.0,7.3
31,weekday,22,0.0,0.2,9.9
31,weekday,23,0.0,0.1,6.9
31,weekend,0,0.0,0.2,20.2
31,weekend,1,0.0,0.4,13.1
31,weekend,2,0.0,0.1,6.7
31,weekend,3,0.0,0.1,4.1
31,weekend,4,0.0,0.0,2.0
31,weekend,5,0.0,0.2,3.2
31,weekend,6,0.0,0.0,4.0
31,weekend,7,0.0,0.0,7.9
31,weekend,8,0.0,0.0,7.0
31,weekend,9,0.0,0.1,7.1
31,weekend,10,0.0,0.2,7.3
31,weekend,11,0.0,0.3,9.6
31,weekend,12,0.0,0.4,17.1
31,weekend,13,0.0,0.8,22.4
31,weekend,14,0.0,0.6,30.6
31,weekend,15,0.0,0.4,35.7
31,weekend,16,0.0,0.9,40.4
31,weekend,17,0.0,1.3,54.4
31,weekend,18,0.0,0.7,29.9
31,weekend,19,0.0,0.1,16.9
31,weekend,20,0.0,0.2,13.9
31,weekend,21,0.0,0.4,22.6
31,weekend,22,0.0,0.3,22.7
31,weekend,23,0.0,0.8,14.9
32,weekday,0,11.5,0.5,36.1
32,weekday,1,6.9,0.2,23.0
32,weekday,2,7.9,0.1,14.5
32,weekday,3,25.4,0.1,15.8
32,weekday,4,76.6,0.3,25.6
32,weekday,5,232.6,0.5,35.6
32,weekday,6,507.2,1.3,70.7
32,weekday,7,701.6,1.8,103.0
32,weekday,8,497.3,1.5,131.5
32,weekday,9,271.0,1.2,104.8
32,weekday,10,207.9,1.4,86.6
32,weekday,11,173.5,0.6,77.1
32,weekday,12,188.6,0.9,77.2
32,weekday,13,229.3,0.8,76.5
32,weekday,14,236.0,0.6,85.8
32,weekday,15,253.5,0.9,95.2
32,weekday,16,227.5,0.7,76.4
32,weekday,17,211.6,0.8,85.4
32,weekday,18,162.0,0.3,75.2
32,weekday,19,126.8,0.4,65.5
32,weekday,20,99.5,0.3,55.6
32,weekday,21,77.4,0.5,60.9
32,weekday,22,54.8,0.6,56.2
32,weekday,23,29.2,0.6,59.7
32,weekend,0,20.1,1.3,72.7
32,weekend,1,11.7,0.4,56.9
32,weekend,2,10.0,0.0,34.6
32,weekend,3,16.9,0.4,32.0
32,weekend,4,35.0,0.3,31.3
32,weekend,5,82.0,1.6,37.1
32,weekend,6,145.2,1.0,46.1
32,weekend,7,163.1,0.8,60.3
32,weekend,8,178.2,1.3,73.0
32,weekend,9,162.4,0.9,79.6
32,weekend,10,154.6,1.9,85.2
32,weekend,11,142.6,1.1,83.2
32,weekend,12,147.9,0.9,81.4
32,weekend,13,188.0,1.4,79.9
32,weekend,14,178.3,1.1,92.8
32,weekend,15,161.6,1.0,95.6
32,weekend,16,146.0,1.0,81.8
32,weekend,17,134.9,1.1,80.1
32,weekend,18,115.0,0.9,72.8
32,weekend,19,103.3,0.7,71.7
32,weekend,20,85.9,1.4,72.2
32,weekend,21,78.9,1.8,78.9
32,weekend,22,61.7,1.6,79.7
32,weekend,23,35.9,0.6,80.3
33,weekday,0,28.8,4.2,54.9
33,weekday,1,9.4,1.5,25.6
33,weekday,2,2.9,0.6,12.6
33,weekday,3,2.1,0.4,11.4
33,weekday,4,3.0,0.6,26.6
33,weekday,5,19.4,1.4,47.0
33,weekday,6,99.4,4.5,80.1
33,weekday,7,326.0,10.6,107.0
33,weekday,8,790.2,13.8,155.5
33,weekday,9,464.5,10.5,184.8
33,weekday,10,243.8,7.7,160.9
33,weekday,11,218.9,7.5,161.6
33,weekday,12,240.6,9.1,153.5
33,weekday,13,219.5,9.2,151.2
33,weekday,14,244.5,8.5,153.9
33,weekday,15,273.3,10.9,162.4
33,weekday,16,383.5,11.2,160.6
33,weekday,17,420.5,14.9,183.6
33,weekday,18,374.1,17.2,206.8
33,weekday,19,231.9,13.6,187.2
33,weekday,20,215.9,11.8,167.9
33,weekday,21,201.5,17.0,170.9
33,weekday,22,156.5,17.8,152.2
33,weekday,23,79.5,10.5,103.5
33,weekend,0,58.2,19.7,159.1
33,weekend,1,23.4,10.0,97.8
33,weekend,2,11.4,4.3,49.4
33,weekend,3,5.3,1.3,26.3
33,weekend,4,2.8,2.0,23.4
33,weekend,5,7.1,1.2,28.6
33,weekend,6,24.0,1.7,43.0
33,weekend,7,45.6,3.9,60.6
33,weekend,8,147.4,4.0,88.9
33,weekend,9,157.8,7.9,122.6
33,weekend,10,200.0,7.7,167.0
33,weekend,11,277.0,8.8,184.2
33,weekend,12,321.3,11.0,198.8
33,weekend,13,378.2,12.8,206.3
33,weekend,14,358.1,12.7,210.1
33,weekend,15,338.4,15.2,200.8
33,weekend,16,338.0,14.3,207.0
33,weekend,17,324.4,14.6,227.2
33,weekend,18,330.6,17.2,238.3
33,weekend,19,240.3,17.7,199.1
33,weekend,20,215.7,14.8,189.1
33,weekend,21,233.4,20.6,205.6
33,weekend,22,179.3,19.9,183.0
33,weekend,23,115.4,13.7,151.3
34,weekday,0,0.0,0.2,7.8
34,weekday,1,0.0,0.1,3.1
34,weekday,2,0.0,0.1,2.8
34,weekday,3,0.0,0.2,1.6
34,weekday,4,0.0,0.4,2.0
34,weekday,5,0.0,0.3,2.9
34,weekday,6,0.0,0.3,3.1
34,weekday,7,0.0,0.2,5.2
34,weekday,8,0.0,0.3,9.3
34,weekday,9,0.0,0.4,12.6
34,weekday,10,0.0,0.2,14.1
34,weekday,11,0.0,0.3,18.9
34,weekday,12,0.0,0.9,20.2
34,weekday,13,0.0,1.2,22.2
34,weekday,14,0.0,0.9,24.1
34,weekday,15,0.0,1.2,29.5
34,weekday,16,0.0,1.6,39.7
34,weekday,17,0.0,2.2,45.3
34,weekday,18,0.0,1.8,45.8
34,weekday,19,0.0,1.6,31.8
34,weekday,20,0.0,1.0,26.1
34,weekday,21,0.0,0.4,24.8
34,weekday,22,0.0,1.0,17.0
34,weekday,23,0.0,0.9,13.3
34,weekend,0,0.0,2.8,31.9
34,weekend,1,0.0,2.3,35.1
34,weekend,2,0.0,5.4,77.4
34,weekend,3,0.0,9.7,115.8
34,weekend,4,0.0,9.1,86.1
34,weekend,5,0.0,6.3,66.9
34,weekend,6,0.0,0.8,8.8
34,weekend,7,0.0,0.2,4.1
34,weekend,8,0.0,0.2,7.3
34,weekend,9,0.0,0.1,8.0
34,weekend,10,0.0,0.4,9.9
34,weekend,11,0.0,0.6,17.1
34,weekend,12,0.0,1.2,23.4
34,weekend,13,0.0,0.9,24.0
34,weekend,14,0.0,1.1,31.0
34,weekend,15,0.0,1.0,32.7
34,weekend,16,0.0,1.4,36.6
34,weekend,17,0.0,2.3,35.8
34,weekend,18,0.0,1.8,36.3
34,weekend,19,0.0,1.4,27.1
34,weekend,20,0.0,0.9,28.0
34,weekend,21,0.0,1.9,28.0
34,weekend,22,0.0,1.1,26.0
34,weekend,23,0.0,1.3,26.9
35,weekday,0,100.0,2.4,113.5
35,weekday,1,48.9,0.7,73.8
35,weekday,2,53.3,0.5,50.9
35,weekday,3,98.6,0.9,43.8
35,weekday,4,282.2,0.7,48.9
35,weekday,5,923.7,2.5,83.5
35,weekday,6,1732.9,4.2,127.1
35,weekday,7,2689.6,6.6,188.4
35,weekday,8,2226.9,8.6,244.7
35,weekday,9,1284.6,6.9,209.1
35,weekday,10,909.5,6.4,166.8
35,weekday,11,816.8,5.3,161.5
35,weekday,12,887.0,4.8,172.2
35,weekday,13,1016.7,5.5,173.4
35,weekday,14,1094.6,5.3,199.2
35,weekday,15,1222.2,4.8,228.5
35,weekday,16,1195.2,4.1,237.2
35,weekday,17,1008.5,4.9,236.3
35,weekday,18,722.2,2.8,208.1
35,weekday,19,556.4,1.9,179.9
35,weekday,20,450.2,1.9,160.1
35,weekday,21,405.4,3.0,159.9
35,weekday,22,312.4,3.2,157.5
35,weekday,23,178.0,2.8,152.0
35,weekend,0,125.9,4.7,197.1
35,weekend,1,70.2,2.4,149.6
35,weekend,2,53.9,1.8,115.8
35,weekend,3,66.7,1.6,90.7
35,weekend,4,120.8,3.9,75.1
35,weekend,5,280.3,2.3,77.6
35,weekend,6,487.2,2.2,86.6
35,weekend,7,614.8,4.3,114.3
35,weekend,8,648.9,5.1,142.6
35,weekend,9,611.7,7.1,146.3
35,weekend,10,610.3,7.4,172.2
35,weekend,11,597.4,6.1,176.4
35,weekend,12,654.0,6.0,166.7
35,weekend,13,750.9,6.1,183.7
35,weekend,14,784.6,5.2,204.2
35,weekend,15,706.0,5.4,223.2
35,weekend,16,603.9,4.6,212.3
35,weekend,17,542.9,4.7,209.6
35,weekend,18,517.2,4.6,209.8
35,weekend,19,419.0,3.8,196.8
35,weekend,20,384.7,3.9,184.2
35,weekend,21,374.3,4.9,201.6
35,weekend,22,300.0,6.2,189.0
35,weekend,23,174.3,4.7,184.0
36,weekday,0,219.0,8.5,258.1
36,weekday,1,107.9,5.0,177.5
36,weekday,2,70.5,3.6,126.8
36,weekday,3,92.2,1.8,94.4
36,weekday,4,286.4,2.9,95.4
36,weekday,5,1406.6,2.8,90.8
36,weekday,6,2857.8,2.6,105.2
36,weekday,7,4582.2,3.3,116.2
36,weekday,8,5972.8,3.4,148.6
36,weekday,9,3822.6,3.0,153.0
36,weekday,10,2397.5,2.6,139.4
36,weekday,11,2130.2,1.9,136.9
36,weekday,12,2064.8,2.6,148.1
36,weekday,13,2223.5,2.1,138.5
36,weekday,14,2472.6,2.9,157.2
36,weekday,15,2592.4,3.9,166.1
36,weekday,16,2575.2,3.4,187.6
36,weekday,17,2891.2,4.2,207.8
36,weekday,18,2395.4,3.2,229.0
36,weekday,19,1735.7,4.7,221.1
36,weekday,20,1360.3,4.4,216.1
36,weekday,21,1083.7,4.8,241.0
36,weekday,22,914.9,7.8,277.9
36,weekday,23,543.4,8.2,295.2
36,weekend,0,702.7,34.7,767.8
36,weekend,1,537.6,34.4,778.3
36,weekend,2,487.3,38.4,685.6
36,weekend,3,412.9,36.2,594.8
36,weekend,4,366.6,30.7,421.3
36,weekend,5,433.7,14.6,206.8
36,weekend,6,787.8,7.3,155.8
36,weekend,7,1095.9,4.2,157.9
36,weekend,8,1374.4,5.7,161.6
36,weekend,9,1779.9,6.8,178.7
36,weekend,10,2049.7,5.4,202.6
36,weekend,11,2188.9,7.4,220.2
36,weekend,12,2384.6,7.8,220.3
36,weekend,13,2473.8,5.3,242.3
36,weekend,14,2401.1,6.8,248.3
36,weekend,15,2296.4,6.8,276.8
36,weekend,16,2126.7,7.1,292.0
36,weekend,17,2008.2,7.4,313.2
36,weekend,18,1903.0,9.8,332.6
36,weekend,19,1674.9,8.9,346.2
36,weekend,20,1396.1,10.2,375.3
36,weekend,21,1160.8,14.6,421.4
36,weekend,22,1045.4,21.2,484.2
36,weekend,23,745.1,24.7,526.7
37,weekday,0,136.0,10.0,293.2
37,weekday,1,63.5,8.8,200.2
37,weekday,2,50.1,4.5,150.5
37,weekday,3,63.3,4.0,126.7
37,weekday,4,163.7,3.6,129.4
37,weekday,5,566.1,2.8,136.0
37,weekday,6,1154.1,4.5,163.7
37,weekday,7,2264.2,7.5,208.0
37,weekday,8,3414.2,6.6,249.5
37,weekday,9,2189.4,7.1,259.2
37,weekday,10,1385.1,5.6,234.6
37,weekday,11,1286.9,4.9,222.8
37,weekday,12,1251.6,6.6,222.2
37,weekday,13,1301.8,7.5,224.2
37,weekday,14,1499.9,7.6,241.2
37,weekday,15,1582.9,6.1,247.1
37,weekday,16,1734.9,7.6,265.3
37,weekday,17,1850.1,8.4,287.5
37,weekday,18,1388.5,8.3,316.1
37,weekday,19,998.2,7.0,324.1
37,weekday,20,732.9,5.9,295.8
37,weekday,21,524.5,7.1,306.6
37,weekday,22,449.5,9.9,345.0
37,weekday,23,247.9,12.5,355.8
37,weekend,0,293.6,40.0,848.8
37,weekend,1,189.0,43.6,825.6
37,weekend,2,168.4,42.9,743.0
37,weekend,3,130.6,36.9,610.0
37,weekend,4,115.7,28.7,400.4
37,weekend,5,175.6,15.8,257.2
37,weekend,6,284.1,11.1,218.3
37,weekend,7,433.4,9.7,226.6
37,weekend,8,618.7,10.3,254.6
37,weekend,9,850.6,13.8,297.7
37,weekend,10,1000.4,12.6,328.3
37,weekend,11,1128.7,11.3,342.8
37,weekend,12,1227.0,12.3,350.6
37,weekend,13,1289.3,13.7,361.8
37,weekend,14,1244.2,15.2,383.1
37,weekend,15,1137.3,13.4,400.0
37,weekend,16,1084.9,13.9,435.0
37,weekend,17,964.1,11.0,427.9
37,weekend,18,916.4,15.6,463.2
37,weekend,19,761.2,15.4,468.8
37,weekend,20,643.6,16.7,497.8
37,weekend,21,520.1,20.7,518.4
37,weekend,22,450.3,27.1,580.9
37,weekend,23,330.9,31.9,634.6
38,weekday,0,0.0,0.4,15.3
38,weekday,1,0.0,0.1,13.5
38,weekday,2,0.0,0.1,10.1
38,weekday,3,0.0,0.4,9.3
38,weekday,4,0.0,0.6,16.1
38,weekday,5,0.0,0.9,22.7
38,weekday,6,0.0,2.5,41.4
38,weekday,7,0.0,1.1,57.3
38,weekday,8,0.0,0.9,70.6
38,weekday,9,0.0,0.6,53.4
38,weekday,10,0.0,0.5,45.2
38,weekday,11,0.0,0.9,44.1
38,weekday,12,0.0,0.5,43.2
38,weekday,13,0.0,0.6,44.9
38,weekday,14,0.0,0.8,56.0
38,weekday,15,0.0,1.1,54.6
38,weekday,16,0.0,0.5,46.4
38,weekday,17,0.0,0.3,48.1
38,weekday,18,0.0,0.4,43.3
38,weekday,19,0.0,0.4,35.8
38,weekday,20,0.0,0.1,29.5
38,weekday,21,0.0,0.1,26.2
38,weekday,22,0.0,0.2,28.9
38,weekday,23,0.0,0.1,23.6
38,weekend,0,0.0,0.6,29.1
38,weekend,1,0.0,0.6,24.6
38,weekend,2,0.0,0.3,18.2
38,weekend,3,0.0,0.1,19.6
38,weekend,4,0.0,0.7,19.8
38,weekend,5,0.0,0.1,16.7
38,weekend,6,0.0,0.3,32.6
38,weekend,7,0.0,0.7,35.7
38,weekend,8,0.0,1.1,39.8
38,weekend,9,0.0,0.3,44.9
38,weekend,10,0.0,0.8,53.0
38,weekend,11,0.0,1.2,53.3
38,weekend,12,0.0,1.0,47.2
38,weekend,13,0.0,1.0,45.3
38,weekend,14,0.0,1.9,50.6
38,weekend,15,0.0,0.9,48.8
38,weekend,16,0.0,0.8,48.1
38,weekend,17,0.0,0.8,42.6
38,weekend,18,0.0,1.0,49.8
38,weekend,19,0.0,0.2,43.9
38,weekend,20,0.0,0.6,40.6
38,weekend,21,0.0,1.1,41.6
38,weekend,22,0.0,1.4,41.1
38,weekend,23,0.0,1.1,37.2
39,weekday,0,46.1,2.3,119.1
39,weekday,1,32.7,1.9,80.9
39,weekday,2,35.5,1.2,60.3
39,weekday,3,71.1,0.7,62.4
39,weekday,4,239.0,1.1,75.1
39,weekday,5,601.4,5.6,129.9
39,weekday,6,1077.1,8.8,221.0
39,weekday,7,1640.7,9.9,312.2
39,weekday,8,1338.5,10.3,350.2
39,weekday,9,660.7,11.5,276.6
39,weekday,10,458.4,8.5,227.5
39,weekday,11,391.5,6.6,211.8
39,weekday,12,446.9,6.4,216.8
39,weekday,13,524.1,7.0,230.1
39,weekday,14,576.9,6.1,277.7
39,weekday,15,581.7,5.6,262.6
39,weekday,16,549.2,5.1,262.1
39,weekday,17,571.8,4.1,272.6
39,weekday,18,449.9,3.6,254.9
39,weekday,19,328.8,2.6,211.6
39,weekday,20,268.1,2.2,186.8
39,weekday,21,265.8,2.4,182.6
39,weekday,22,179.0,3.5,189.3
39,weekday,23,86.1,2.6,159.9
39,weekend,0,58.7,5.3,224.0
39,weekend,1,40.4,2.8,177.9
39,weekend,2,29.1,1.6,135.8
39,weekend,3,37.2,1.8,114.2
39,weekend,4,93.0,1.4,96.3
39,weekend,5,198.2,2.7,114.2
39,weekend,6,308.2,3.0,133.6
39,weekend,7,317.1,4.2,177.2
39,weekend,8,300.0,7.6,208.1
39,weekend,9,296.9,8.6,250.2
39,weekend,10,282.4,9.0,271.2
39,weekend,11,290.0,6.7,271.9
39,weekend,12,316.4,6.6,255.8
39,weekend,13,363.7,7.0,256.7
39,weekend,14,384.2,8.6,281.3
39,weekend,15,316.4,6.3,278.7
39,weekend,16,283.1,6.1,269.7
39,weekend,17,261.8,5.4,256.9
39,weekend,18,251.3,6.9,257.8
39,weekend,19,215.2,6.2,256.9
39,weekend,20,181.8,4.3,243.9
39,weekend,21,210.4,3.6,243.3
39,weekend,22,156.9,6.9,238.0
39,weekend,23,89.3,5.9,224.9
40,weekday,0,24.4,1.5,30.9
40,weekday,1,8.9,0.9,15.5
40,weekday,2,5.8,0.2,8.5
40,weekday,3,3.6,0.1,7.4
40,weekday,4,9.5,0.4,16.4
40,weekday,5,60.9,1.1,26.2
40,weekday,6,218.8,3.4,46.6
40,weekday,7,779.8,4.8,67.9
40,weekday,8,1484.3,6.6,87.4
40,weekday,9,847.7,5.8,87.0
40,weekday,10,471.7,2.2,67.9
40,weekday,11,392.4,1.6,66.4
40,weekday,12,386.6,1.1,58.1
40,weekday,13,391.2,2.4,58.5
40,weekday,14,524.9,1.4,67.9
40,weekday,15,767.9,1.9,74.0
40,weekday,16,928.8,1.5,79.5
40,weekday,17,908.2,2.5,85.0
40,weekday,18,703.1,3.9,107.5
40,weekday,19,389.9,3.6,96.6
40,weekday,20,275.0,2.2,76.1
40,weekday,21,211.4,3.6,89.4
40,weekday,22,168.5,5.4,82.6
40,weekday,23,86.5,3.2,59.9
40,weekend,0,77.7,8.7,109.4
40,weekend,1,28.4,3.7,65.6
40,weekend,2,11.3,2.0,33.6
40,weekend,3,7.2,1.4,21.4
40,weekend,4,6.0,1.0,14.8
40,weekend,5,14.6,0.3,17.6
40,weekend,6,42.0,1.3,23.3
40,weekend,7,72.2,1.6,31.4
40,weekend,8,143.0,1.1,49.0
40,weekend,9,227.4,2.6,61.1
40,weekend,10,339.3,2.6,80.0
40,weekend,11,391.7,2.6,92.3
40,weekend,12,452.9,1.7,100.2
40,weekend,13,471.6,3.1,100.3
40,weekend,14,420.4,3.3,105.7
40,weekend,15,407.0,2.1,101.6
40,weekend,16,433.3,2.3,106.0
40,weekend,17,416.8,4.7,113.3
40,weekend,18,379.9,3.7,112.6
40,weekend,19,299.9,4.7,104.9
40,weekend,20,247.3,5.7,88.4
40,weekend,21,211.4,5.6,87.9
40,weekend,22,181.1,6.8,100.8
40,weekend,23,114.2,6.2,92.6
41,weekday,0,171.4,14.8,115.9
41,weekday,1,81.9,7.3,66.3
41,weekday,2,51.7,3.9,39.0
41,weekday,3,59.8,3.1,33.0
41,weekday,4,108.8,6.4,54.2
41,weekday,5,364.9,12.4,68.0
41,weekday,6,993.0,21.2,113.4
41,weekday,7,2556.2,39.8,184.9
41,weekday,8,3817.3,46.1,235.6
41,weekday,9,2348.4,36.6,227.1
41,weekday,10,1639.5,30.2,186.4
41,weekday,11,1598.9,27.5,182.6
41,weekday,12,1674.6,28.2,188.4
41,weekday,13,1780.0,30.3,192.7
41,weekday,14,1970.6,36.4,202.7
41,weekday,15,2494.9,36.7,202.6
41,weekday,16,2617.1,39.5,217.0
41,weekday,17,2722.5,46.2,229.6
41,weekday,18,2214.5,40.6,243.3
41,weekday,19,1591.6,34.6,228.9
41,weekday,20,1150.5,31.3,207.9
41,weekday,21,829.5,36.4,214.8
41,weekday,22,548.4,34.8,187.5
41,weekday,23,407.8,27.5,174.5
41,weekend,0,270.2,44.7,233.8
41,weekend,1,133.6,25.3,177.1
41,weekend,2,69.7,11.7,125.2
41,weekend,3,69.3,9.3,91.7
41,weekend,4,86.0,9.0,72.0
41,weekend,5,143.8,9.0,73.1
41,weekend,6,295.0,15.3,77.6
41,weekend,7,500.2,22.2,100.4
41,weekend,8,727.1,25.9,143.9
41,weekend,9,951.3,38.7,185.3
41,weekend,10,1174.9,44.8,215.2
41,weekend,11,1473.2,47.9,223.1
41,weekend,12,1643.9,51.4,221.8
41,weekend,13,1732.6,52.6,242.9
41,weekend,14,1638.2,52.2,251.1
41,weekend,15,1600.7,57.6,249.1
41,weekend,16,1499.4,48.0,250.0
41,weekend,17,1428.8,58.4,253.0
41,weekend,18,1372.9,59.9,262.8
41,weekend,19,1106.0,44.2,244.3
41,weekend,20,886.3,36.4,239.4
41,weekend,21,690.8,41.6,241.9
41,weekend,22,536.3,39.3,235.6
41,weekend,23,413.6,41.6,219.7
42,weekday,0,81.2,12.9,179.8
42,weekday,1,32.9,6.8,124.1
42,weekday,2,32.1,3.8,82.5
42,weekday,3,41.0,4.9,76.0
42,weekday,4,96.9,6.1,99.1
42,weekday,5,335.4,11.4,117.8
42,weekday,6,756.9,20.4,194.5
42,weekday,7,1484.2,31.9,321.9
42,weekday,8,1627.6,38.4,385.1
42,weekday,9,1022.8,25.4,345.9
42,weekday,10,694.4,17.0,269.0
42,weekday,11,670.9,16.5,232.6
42,weekday,12,687.9,16.5,231.2
42,weekday,13,773.5,18.8,244.7
42,weekday,14,954.8,21.6,254.1
42,weekday,15,993.0,21.4,258.5
42,weekday,16,1136.9,23.4,265.2
42,weekday,17,1014.5,24.6,277.4
42,weekday,18,702.9,23.9,284.5
42,weekday,19,516.7,17.6,260.3
42,weekday,20,386.5,18.0,224.7
42,weekday,21,294.8,20.0,230.8
42,weekday,22,198.7,20.8,234.4
42,weekday,23,151.2,20.0,231.4
42,weekend,0,100.8,30.6,305.4
42,weekend,1,43.8,19.3,247.6
42,weekend,2,38.8,12.2,207.2
42,weekend,3,41.7,9.3,172.7
42,weekend,4,59.7,11.4,155.8
42,weekend,5,114.4,10.3,126.0
42,weekend,6,217.1,17.1,141.9
42,weekend,7,324.1,18.8,188.8
42,weekend,8,425.8,21.8,236.8
42,weekend,9,466.6,30.7,271.7
42,weekend,10,506.8,27.3,282.3
42,weekend,11,570.9,26.7,291.1
42,weekend,12,608.8,30.4,281.4
42,weekend,13,640.9,31.9,276.2
42,weekend,14,631.1,31.1,288.4
42,weekend,15,600.3,28.8,291.6
42,weekend,16,546.6,28.3,287.8
42,weekend,17,483.1,29.3,279.7
42,weekend,18,425.9,29.9,304.4
42,weekend,19,344.4,26.6,297.0
42,weekend,20,306.0,25.9,270.2
42,weekend,21,259.9,25.8,282.7
42,weekend,22,198.8,25.0,295.1
42,weekend,23,152.4,28.7,306.9
43,weekday,0,179.9,10.4,14.5
43,weekday,1,51.4,3.9,9.2
43,weekday,2,18.9,1.2,4.5
43,weekday,3,13.6,1.1,2.0
43,weekday,4,15.5,1.2,4.4
43,weekday,5,68.4,4.7,7.2
43,weekday,6,314.5,12.9,11.2
43,weekday,7,1021.9,36.6,26.4
43,weekday,8,2202.9,64.5,39.9
43,weekday,9,1612.9,94.6,42.7
43,weekday,10,1198.6,97.5,44.0
43,weekday,11,1345.5,102.1,44.8
43,weekday,12,1795.4,130.2,54.9
43,weekday,13,2151.8,147.2,63.4
43,weekday,14,2752.5,181.2,67.5
43,weekday,15,3849.6,193.6,76.5
43,weekday,16,4727.7,189.6,75.2
43,weekday,17,5587.8,154.7,70.2
43,weekday,18,3917.5,137.2,56.5
43,weekday,19,2323.0,107.8,55.5
43,weekday,20,1715.6,100.1,55.8
43,weekday,21,1257.4,118.3,60.9
43,weekday,22,1020.6,91.0,53.8
43,weekday,23,514.5,41.6,34.6
43,weekend,0,238.3,28.3,26.7
43,weekend,1,77.6,9.9,12.9
43,weekend,2,30.3,6.2,9.8
43,weekend,3,19.1,2.6,5.1
43,weekend,4,14.7,3.3,5.6
43,weekend,5,30.4,3.6,6.8
43,weekend,6,71.0,5.2,7.2
43,weekend,7,152.4,12.3,14.0
43,weekend,8,273.3,24.7,19.6
43,weekend,9,631.9,53.6,33.0
43,weekend,10,727.6,70.2,42.9
43,weekend,11,937.6,83.0,57.2
43,weekend,12,1381.1,121.8,69.7
43,weekend,13,1745.6,148.7,87.0
43,weekend,14,1911.7,155.9,93.8
43,weekend,15,2130.1,168.6,87.7
43,weekend,16,2552.1,180.0,97.7
43,weekend,17,2754.6,156.8,106.8
43,weekend,18,1952.6,129.7,81.8
43,weekend,19,1335.9,105.2,75.6
43,weekend,20,974.7,93.4,68.8
43,weekend,21,720.2,78.2,63.6
43,weekend,22,635.4,49.0,46.6
43,weekend,23,357.8,26.1,23.8
44,weekday,0,0.0,0.0,4.7
44,weekday,1,0.0,0.0,2.8
44,weekday,2,0.0,0.0,2.1
44,weekday,3,0.0,0.0,1.9
44,weekday,4,0.0,0.0,3.8
44,weekday,5,0.0,0.0,7.7
44,weekday,6,0.0,0.0,9.0
44,weekday,7,0.0,0.0,12.5
44,weekday,8,0.0,0.0,17.8
44,weekday,9,0.0,0.0,14.4
44,weekday,10,0.0,0.0,14.9
44,weekday,11,0.0,0.1,15.3
44,weekday,12,0.0,0.0,16.5
44,weekday,13,0.0,0.0,15.9
44,weekday,14,0.0,0.0,19.6
44,weekday,15,0.0,0.0,21.6
44,weekday,16,0.0,0.1,22.1
44,weekday,17,0.0,0.0,20.9
44,weekday,18,0.0,0.1,17.9
44,weekday,19,0.0,0.0,15.5
44,weekday,20,0.0,0.0,13.4
44,weekday,21,0.0,0.0,11.4
44,weekday,22,0.0,0.0,10.4
44,weekday,23,0.0,0.0,7.8
44,weekend,0,0.0,0.1,28.0
44,weekend,1,0.0,0.1,20.1
44,weekend,2,0.0,0.0,16.9
44,weekend,3,0.0,0.0,9.3
44,weekend,4,0.0,0.0,8.6
44,weekend,5,0.0,0.0,3.2
44,weekend,6,0.0,0.0,6.6
44,weekend,7,0.0,0.0,6.9
44,weekend,8,0.0,0.0,7.7
44,weekend,9,0.0,0.0,12.4
44,weekend,10,0.0,0.0,16.0
44,weekend,11,0.0,0.0,15.2
44,weekend,12,0.0,0.0,14.6
44,weekend,13,0.0,0.0,16.4
44,weekend,14,0.0,0.0,16.2
44,weekend,15,0.0,0.0,19.4
44,weekend,16,0.0,0.0,20.7
44,weekend,17,0.0,0.0,16.9
44,weekend,18,0.0,0.0,20.0
44,weekend,19,0.0,0.0,16.9
44,weekend,20,0.0,0.0,16.7
44,weekend,21,0.0,0.1,15.4
44,weekend,22,0.0,0.0,15.2
44,weekend,23,0.0,0.0,16.4
45,weekday,0,124.7,7.2,45.2
45,weekday,1,41.2,3.5,33.1
45,weekday,2,21.4,1.9,19.7
45,weekday,3,14.5,0.7,15.1
45,weekday,4,21.2,1.2,16.5
45,weekday,5,48.6,1.6,14.8
45,weekday,6,183.5,2.8,22.1
45,weekday,7,600.9,5.3,37.9
45,weekday,8,1040.1,7.1,53.6
45,weekday,9,865.2,9.0,61.5
45,weekday,10,833.3,11.3,62.7
45,weekday,11,939.6,12.4,73.8
45,weekday,12,1070.5,15.6,72.5
45,weekday,13,1093.1,16.1,72.9
45,weekday,14,1375.2,15.4,81.8
45,weekday,15,2006.8,14.7,76.5
45,weekday,16,2948.4,20.1,82.1
45,weekday,17,3370.2,22.4,85.0
45,weekday,18,1878.4,20.9,81.4
45,weekday,19,1069.4,20.4,87.2
45,weekday,20,813.2,21.7,93.6
45,weekday,21,622.8,23.6,96.5
45,weekday,22,421.5,20.5,83.8
45,weekday,23,269.5,14.1,73.7
45,weekend,0,201.4,31.1,110.6
45,weekend,1,83.8,21.6,104.4
45,weekend,2,38.2,16.6,89.2
45,weekend,3,24.3,9.2,56.4
45,weekend,4,17.7,6.0,41.3
45,weekend,5,20.8,2.3,19.4
45,weekend,6,55.6,1.6,18.3
45,weekend,7,112.0,2.7,21.9
45,weekend,8,183.4,4.1,28.2
45,weekend,9,245.9,7.2,40.1
45,weekend,10,365.6,10.6,60.3
45,weekend,11,500.6,13.3,79.2
45,weekend,12,619.9,18.9,78.9
45,weekend,13,660.0,22.1,91.7
45,weekend,14,727.6,24.0,98.6
45,weekend,15,747.9,18.7,83.1
45,weekend,16,820.6,21.9,90.0
45,weekend,17,805.7,22.3,88.6
45,weekend,18,736.4,23.6,96.1
45,weekend,19,581.1,24.2,99.4
45,weekend,20,540.2,24.1,106.4
45,weekend,21,511.7,22.6,108.8
45,weekend,22,328.6,19.4,87.0
45,weekend,23,231.0,16.8,78.9
46,weekday,0,0.0,0.1,4.4
46,weekday,1,0.0,0.0,3.1
46,weekday,2,0.0,0.0,0.8
46,weekday,3,0.0,0.1,1.1
46,weekday,4,0.0,0.0,1.2
46,weekday,5,0.0,0.0,1.9
46,weekday,6,0.0,0.0,4.1
46,weekday,7,0.0,0.1,6.4
46,weekday,8,0.0,0.1,5.0
46,weekday,9,0.0,0.0,5.8
46,weekday,10,0.0,0.2,4.9
46,weekday,11,0.0,0.1,4.4
46,weekday,12,0.0,0.0,4.9
46,weekday,13,0.0,0.1,5.8
46,weekday,14,0.0,0.1,8.2
46,weekday,15,0.0,0.4,7.8
46,weekday,16,0.0,0.1,9.6
46,weekday,17,0.0,0.1,9.9
46,weekday,18,0.0,0.1,9.2
46,weekday,19,0.0,0.1,10.3
46,weekday,20,0.0,0.1,10.1
46,weekday,21,0.0,0.0,11.9
46,weekday,22,0.0,0.5,11.5
46,weekday,23,0.0,0.2,10.9
46,weekend,0,0.0,0.4,16.8
46,weekend,1,0.0,0.2,9.6
46,weekend,2,0.0,0.0,4.1
46,weekend,3,0.0,0.0,2.2
46,weekend,4,0.0,0.1,2.1
46,weekend,5,0.0,0.0,1.2
46,weekend,6,0.0,0.0,2.0
46,weekend,7,0.0,0.0,2.4
46,weekend,8,0.0,0.1,1.9
46,weekend,9,0.0,0.0,3.7
46,weekend,10,0.0,0.0,5.1
46,weekend,11,0.0,0.0,4.6
46,weekend,12,0.0,0.0,5.1
46,weekend,13,0.0,0.1,7.6
46,weekend,14,0.0,0.1,11.6
46,weekend,15,0.0,0.1,12.8
46,weekend,16,0.0,0.3,15.3
46,weekend,17,0.0,0.4,15.8
46,weekend,18,0.0,0.1,14.6
46,weekend,19,0.0,0.1,20.2
46,weekend,20,0.0,0.2,18.0
46,weekend,21,0.0,0.6,17.7
46,weekend,22,0.0,0.4,17.3
46,weekend,23,0.0,0.2,15.2
47,weekday,0,0.0,0.8,59.1
47,weekday,1,0.0,0.4,35.5
47,weekday,2,0.0,0.1,27.6
47,weekday,3,0.0,0.4,25.4
47,weekday,4,0.0,0.6,27.7
47,weekday,5,0.0,1.1,40.8
47,weekday,6,0.0,0.9,78.9
47,weekday,7,0.0,1.8,149.9
47,weekday,8,0.0,2.1,176.1
47,weekday,9,0.0,1.0,137.8
47,weekday,10,0.0,1.6,107.4
47,weekday,11,0.0,1.2,91.2
47,weekday,12,0.0,1.2,90.5
47,weekday,13,0.0,0.8,98.4
47,weekday,14,0.0,1.1,118.1
47,weekday,15,0.0,0.8,117.6
47,weekday,16,0.0,1.5,135.2
47,weekday,17,0.0,0.8,123.0
47,weekday,18,0.0,0.8,100.5
47,weekday,19,0.0,0.6,81.8
47,weekday,20,0.0,0.6,83.4
47,weekday,21,0.0,0.5,74.7
47,weekday,22,0.0,0.4,81.0
47,weekday,23,0.0,1.1,83.7
47,weekend,0,0.0,1.0,106.9
47,weekend,1,0.0,0.6,81.9
47,weekend,2,0.0,0.4,61.1
47,weekend,3,0.0,0.9,53.0
47,weekend,4,0.0,0.3,42.8
47,weekend,5,0.0,0.2,47.1
47,weekend,6,0.0,0.9,57.1
47,weekend,7,0.0,1.6,63.0
47,weekend,8,0.0,1.3,74.9
47,weekend,9,0.0,0.7,81.3
47,weekend,10,0.0,1.7,88.0
47,weekend,11,0.0,1.3,86.0
47,weekend,12,0.0,1.3,90.3
47,weekend,13,0.0,2.2,91.0
47,weekend,14,0.0,2.8,100.4
47,weekend,15,0.0,2.2,99.1
47,weekend,16,0.0,0.9,97.1
47,weekend,17,0.0,1.0,96.4
47,weekend,18,0.0,1.1,98.8
47,weekend,19,0.0,1.2,101.9
47,weekend,20,0.0,1.0,88.0
47,weekend,21,0.0,1.7,100.2
47,weekend,22,0.0,2.3,111.1
47,weekend,23,0.0,1.1,112.3
48,weekday,0,243.4,105.6,226.5
48,weekday,1,90.9,59.5,167.1
48,weekday,2,47.6,39.4,120.9
48,weekday,3,37.9,31.1,108.4
48,weekday,4,42.9,31.4,114.4
48,weekday,5,70.1,42.4,119.2
48,weekday,6,187.3,66.4,168.9
48,weekday,7,549.8,99.0,256.5
48,weekday,8,1021.1,139.2,361.6
48,weekday,9,911.9,141.5,346.7
48,weekday,10,772.1,124.2,289.6
48,weekday,11,726.6,117.2,270.9
48,weekday,12,755.4,122.6,231.6
48,weekday,13,743.8,130.5,226.1
48,weekday,14,980.4,131.4,211.1
48,weekday,15,1255.2,133.9,207.9
48,weekday,16,1461.6,156.6,219.8
48,weekday,17,1810.5,193.8,257.7
48,weekday,18,1434.1,222.5,303.6
48,weekday,19,1048.7,183.9,303.5
48,weekday,20,956.0,202.1,278.4
48,weekday,21,1174.5,302.2,306.2
48,weekday,22,916.6,282.5,336.8
48,weekday,23,552.0,199.5,300.6
48,weekend,0,601.1,322.2,455.0
48,weekend,1,289.6,233.3,446.2
48,weekend,2,181.6,157.8,385.2
48,weekend,3,126.6,123.0,303.6
48,weekend,4,107.7,103.3,236.1
48,weekend,5,68.2,46.6,155.1
48,weekend,6,112.8,36.7,145.6
48,weekend,7,187.3,50.2,150.6
48,weekend,8,355.7,76.8,212.3
48,weekend,9,631.4,117.7,258.3
48,weekend,10,761.0,144.3,309.4
48,weekend,11,848.7,149.1,311.3
48,weekend,12,894.8,156.0,300.7
48,weekend,13,851.1,170.8,277.4
48,weekend,14,930.3,146.0,283.7
48,weekend,15,991.1,157.9,267.0
48,weekend,16,1232.2,206.2,297.3
48,weekend,17,1281.8,220.7,331.1
48,weekend,18,1074.1,214.0,355.6
48,weekend,19,840.7,197.6,358.0
48,weekend,20,754.7,170.8,338.9
48,weekend,21,823.6,197.8,356.1
48,weekend,22,922.2,242.7,405.8
48,weekend,23,703.7,246.0,404.2
49,weekday,0,78.8,2.2,92.6
49,weekday,1,31.1,1.8,50.2
49,weekday,2,20.1,0.6,34.0
49,weekday,3,22.1,0.5,25.4
49,weekday,4,43.4,1.5,38.8
49,weekday,5,136.3,3.1,65.2
49,weekday,6,455.8,4.3,92.2
49,weekday,7,1409.7,7.4,132.5
49,weekday,8,2810.8,11.2,170.4
49,weekday,9,1787.6,9.1,194.8
49,weekday,10,964.2,6.2,173.2
49,weekday,11,829.3,6.1,154.1
49,weekday,12,794.6,5.8,149.2
49,weekday,13,807.6,5.8,145.9
49,weekday,14,889.1,6.4,155.7
49,weekday,15,1096.5,7.0,164.5
49,weekday,16,1264.1,7.2,168.1
49,weekday,17,1493.2,7.5,204.1
49,weekday,18,1256.7,7.6,228.5
49,weekday,19,723.2,7.1,208.4
49,weekday,20,495.8,4.4,168.8
49,weekday,21,417.3,5.6,181.5
49,weekday,22,310.5,7.5,194.1
49,weekday,23,189.1,6.1,161.5
49,weekend,0,200.9,15.7,290.0
49,weekend,1,86.6,8.9,220.0
49,weekend,2,40.7,4.7,118.0
49,weekend,3,28.3,2.6,85.4
49,weekend,4,32.4,3.4,63.3
49,weekend,5,50.4,2.3,57.0
49,weekend,6,129.1,2.8,63.6
49,weekend,7,198.6,3.0,81.6
49,weekend,8,319.1,4.9,125.8
49,weekend,9,512.6,7.6,154.0
49,weekend,10,739.4,6.3,205.0
49,weekend,11,876.9,11.0,222.6
49,weekend,12,1026.1,9.0,232.9
49,weekend,13,1052.8,9.3,243.0
49,weekend,14,959.4,9.7,233.7
49,weekend,15,873.3,10.9,243.4
49,weekend,16,843.4,11.2,244.3
49,weekend,17,849.0,9.8,255.6
49,weekend,18,747.9,12.3,277.6
49,weekend,19,592.8,10.6,258.4
49,weekend,20,454.1,7.6,219.6
49,weekend,21,400.9,9.9,229.1
49,weekend,22,317.7,12.6,243.2
49,weekend,23,231.4,13.2,231.4
50,weekday,0,0.0,18.1,77.6
50,weekday,1,0.0,8.5,43.8
50,weekday,2,0.0,4.8,36.7
50,weekday,3,0.0,5.6,31.9
50,weekday,4,0.0,6.8,43.4
50,weekday,5,0.0,7.3,53.4
50,weekday,6,0.0,17.2,113.5
50,weekday,7,0.0,39.7,191.1
50,weekday,8,0.0,76.4,270.4
50,weekday,9,0.0,65.4,283.3
50,weekday,10,0.0,52.5,219.8
50,weekday,11,0.0,48.4,162.9
50,weekday,12,0.0,48.9,148.8
50,weekday,13,0.0,50.5,151.7
50,weekday,14,0.0,50.5,144.1
50,weekday,15,0.0,55.3,150.4
50,weekday,16,0.0,60.4,153.4
50,weekday,17,0.0,66.8,162.2
50,weekday,18,0.0,73.6,178.0
50,weekday,19,0.0,59.1,181.2
50,weekday,20,0.0,59.7,163.9
50,weekday,21,0.0,70.5,165.6
50,weekday,22,0.0,61.6,139.6
50,weekday,23,0.0,35.3,109.8
50,weekend,0,0.0,76.1,219.3
50,weekend,1,0.0,41.4,160.9
50,weekend,2,0.0,39.8,154.8
50,weekend,3,0.0,37.2,161.9
50,weekend,4,0.0,37.1,128.6
50,weekend,5,0.0,24.1,101.8
50,weekend,6,0.0,16.9,86.7
50,weekend,7,0.0,29.2,122.7
50,weekend,8,0.0,40.7,154.8
50,weekend,9,0.0,52.1,182.1
50,weekend,10,0.0,48.3,181.7
50,weekend,11,0.0,63.6,193.1
50,weekend,12,0.0,68.4,185.9
50,weekend,13,0.0,75.8,194.8
50,weekend,14,0.0,65.1,173.4
50,weekend,15,0.0,61.4,159.6
50,weekend,16,0.0,69.0,164.6
50,weekend,17,0.0,70.8,175.0
50,weekend,18,0.0,68.6,180.3
50,weekend,19,0.0,52.2,179.6
50,weekend,20,0.0,46.1,166.4
50,weekend,21,0.0,47.3,184.4
50,weekend,22,0.0,40.8,159.6
50,weekend,23,0.0,45.7,152.3
51,weekday,0,1.8,0.5,48.5
51,weekday,1,1.0,0.2,28.8
51,weekday,2,2.3,0.2,14.2
51,weekday,3,3.3,0.1,16.7
51,weekday,4,10.9,1.9,26.5
51,weekday,5,106.9,3.2,50.2
51,weekday,6,221.9,3.1,86.9
51,weekday,7,281.9,4.4,142.2
51,weekday,8,207.7,3.9,162.1
51,weekday,9,104.4,2.5,136.5
51,weekday,10,75.9,2.3,109.2
51,weekday,11,69.3,2.0,107.0
51,weekday,12,70.0,1.5,113.5
51,weekday,13,82.9,1.1,137.9
51,weekday,14,112.9,1.6,154.1
51,weekday,15,120.3,1.5,155.6
51,weekday,16,97.9,1.2,141.6
51,weekday,17,79.2,1.5,150.1
51,weekday,18,48.1,1.5,150.5
51,weekday,19,38.4,0.8,128.9
51,weekday,20,29.1,1.8,130.4
51,weekday,21,20.2,1.4,130.7
51,weekday,22,11.8,1.2,97.8
51,weekday,23,11.0,0.8,82.1
51,weekend,0,2.3,1.7,97.9
51,weekend,1,2.2,0.7,71.8
51,weekend,2,1.4,0.2,46.3
51,weekend,3,4.6,0.2,33.0
51,weekend,4,4.2,0.4,31.9
51,weekend,5,14.4,1.0,39.3
51,weekend,6,27.2,1.7,61.2
51,weekend,7,36.8,1.1,74.3
51,weekend,8,34.0,3.3,86.0
51,weekend,9,29.9,2.3,111.0
51,weekend,10,36.6,2.9,130.7
51,weekend,11,27.4,3.0,127.9
51,weekend,12,34.7,1.4,121.0
51,weekend,13,39.0,2.1,143.3
51,weekend,14,33.6,2.3,173.2
51,weekend,15,42.0,3.8,177.1
51,weekend,16,29.4,1.8,174.8
51,weekend,17,31.9,2.0,168.8
51,weekend,18,24.2,3.3,187.7
51,weekend,19,21.3,2.3,176.0
51,weekend,20,25.8,1.7,151.1
51,weekend,21,15.3,2.0,143.1
51,weekend,22,8.2,2.2,120.3
51,weekend,23,6.9,2.9,106.8
52,weekday,0,0.0,0.6,18.4
52,weekday,1,0.0,0.4,6.9
52,weekday,2,0.0,0.1,3.8
52,weekday,3,0.0,0.1,3.7
52,weekday,4,0.0,0.3,7.8
52,weekday,5,0.0,0.6,15.6
52,weekday,6,0.0,1.9,23.1
52,weekday,7,0.0,7.1,37.4
52,weekday,8,0.0,6.9,52.1
52,weekday,9,0.0,5.2,55.6
52,weekday,10,0.0,2.6,45.9
52,weekday,11,0.0,2.7,50.4
52,weekday,12,0.0,2.8,45.1
52,weekday,13,0.0,2.5,45.6
52,weekday,14,0.0,1.9,48.2
52,weekday,15,0.0,3.4,52.1
52,weekday,16,0.0,3.6,56.6
52,weekday,17,0.0,3.6,58.4
52,weekday,18,0.0,3.2,65.6
52,weekday,19,0.0,2.5,57.3
52,weekday,20,0.0,2.4,48.2
52,weekday,21,0.0,3.3,58.0
52,weekday,22,0.0,4.9,51.0
52,weekday,23,0.0,4.2,38.6
52,weekend,0,0.0,2.7,45.8
52,weekend,1,0.0,1.7,27.0
52,weekend,2,0.0,1.6,15.9
52,weekend,3,0.0,0.2,5.7
52,weekend,4,0.0,0.0,7.2
52,weekend,5,0.0,0.0,7.7
52,weekend,6,0.0,0.3,11.9
52,weekend,7,0.0,1.7,18.2
52,weekend,8,0.0,1.0,25.4
52,weekend,9,0.0,2.0,39.4
52,weekend,10,0.0,3.6,44.3
52,weekend,11,0.0,3.0,58.4
52,weekend,12,0.0,3.0,62.2
52,weekend,13,0.0,2.4,68.0
52,weekend,14,0.0,3.2,69.8
52,weekend,15,0.0,3.1,67.4
52,weekend,16,0.0,2.9,70.6
52,weekend,17,0.0,5.8,63.0
52,weekend,18,0.0,3.6,70.0
52,weekend,19,0.0,2.2,64.1
52,weekend,20,0.0,4.7,55.4
52,weekend,21,0.0,4.4,54.3
52,weekend,22,0.0,5.9,52.4
52,weekend,23,0.0,4.4,45.4
53,weekday,0,0.0,0.6,23.7
53,weekday,1,0.0,0.2,14.6
53,weekday,2,0.0,0.1,11.5
53,weekday,3,0.0,0.4,15.8
53,weekday,4,0.0,0.6,20.6
53,weekday,5,0.0,0.2,31.7
53,weekday,6,0.0,0.4,44.1
53,weekday,7,0.0,0.6,67.0
53,weekday,8,0.0,0.9,79.2
53,weekday,9,0.0,1.0,66.5
53,weekday,10,0.0,0.4,54.6
53,weekday,11,0.0,0.6,49.3
53,weekday,12,0.0,0.4,49.9
53,weekday,13,0.0,0.8,52.1
53,weekday,14,0.0,0.5,61.7
53,weekday,15,0.0,0.8,61.4
53,weekday,16,0.0,0.2,52.7
53,weekday,17,0.0,0.5,53.1
53,weekday,18,0.0,0.8,43.3
53,weekday,19,0.0,0.9,38.4
53,weekday,20,0.0,0.3,31.9
53,weekday,21,0.0,0.7,33.7
53,weekday,22,0.0,0.8,28.9
53,weekday,23,0.0,0.9,30.0
53,weekend,0,0.0,1.7,47.2
53,weekend,1,0.0,0.8,34.8
53,weekend,2,0.0,0.1,25.8
53,weekend,3,0.0,0.4,23.0
53,weekend,4,0.0,0.7,23.1
53,weekend,5,0.0,0.3,25.2
53,weekend,6,0.0,0.1,30.9
53,weekend,7,0.0,0.2,42.6
53,weekend,8,0.0,1.0,47.0
53,weekend,9,0.0,0.7,56.9
53,weekend,10,0.0,0.9,57.4
53,weekend,11,0.0,0.8,61.6
53,weekend,12,0.0,0.7,54.2
53,weekend,13,0.0,0.3,58.9
53,weekend,14,0.0,0.6,56.0
53,weekend,15,0.0,1.6,54.3
53,weekend,16,0.0,0.3,47.9
53,weekend,17,0.0,0.7,44.3
53,weekend,18,0.0,0.2,42.6
53,weekend,19,0.0,0.8,47.2
53,weekend,20,0.0,0.7,44.9
53,weekend,21,0.0,1.8,43.4
53,weekend,22,0.0,2.0,44.2
53,weekend,23,0.0,1.7,45.6
54,weekday,0,0.0,0.3,5.8
54,weekday,1,0.0,0.2,3.2
54,weekday,2,0.0,0.1,1.9
54,weekday,3,0.0,0.2,1.0
54,weekday,4,0.0,0.1,4.1
54,weekday,5,0.0,0.2,5.5
54,weekday,6,0.0,0.5,11.3
54,weekday,7,0.0,1.5,17.7
54,weekday,8,0.0,1.9,28.0
54,weekday,9,0.0,2.3,26.5
54,weekday,10,0.0,1.0,19.8
54,weekday,11,0.0,0.5,15.2
54,weekday,12,0.0,0.8,14.5
54,weekday,13,0.0,0.5,14.1
54,weekday,14,0.0,0.4,14.7
54,weekday,15,0.0,0.4,15.9
54,weekday,16,0.0,0.8,17.8
54,weekday,17,0.0,1.2,19.8
54,weekday,18,0.0,0.8,23.2
54,weekday,19,0.0,0.6,18.2
54,weekday,20,0.0,1.0,22.1
54,weekday,21,0.0,1.4,25.8
54,weekday,22,0.0,1.4,24.3
54,weekday,23,0.0,0.8,15.2
54,weekend,0,0.0,1.8,23.2
54,weekend,1,0.0,0.6,10.8
54,weekend,2,0.0,0.4,7.9
54,weekend,3,0.0,0.1,2.6
54,weekend,4,0.0,0.4,4.1
54,weekend,5,0.0,0.1,3.3
54,weekend,6,0.0,0.6,5.3
54,weekend,7,0.0,0.2,6.8
54,weekend,8,0.0,0.9,11.7
54,weekend,9,0.0,0.8,17.6
54,weekend,10,0.0,1.0,21.0
54,weekend,11,0.0,0.2,20.3
54,weekend,12,0.0,0.3,22.8
54,weekend,13,0.0,0.8,23.2
54,weekend,14,0.0,1.2,24.6
54,weekend,15,0.0,1.1,24.3
54,weekend,16,0.0,0.9,24.2
54,weekend,17,0.0,1.0,26.3
54,weekend,18,0.0,1.4,28.3
54,weekend,19,0.0,0.9,24.7
54,weekend,20,0.0,1.3,21.9
54,weekend,21,0.0,1.6,23.6
54,weekend,22,0.0,1.7,31.2
54,weekend,23,0.0,1.6,21.7
55,weekday,0,113.5,1.1,40.8
55,weekday,1,66.6,0.6,27.9
55,weekday,2,46.1,0.2,18.4
55,weekday,3,48.1,0.1,15.5
55,weekday,4,143.8,0.4,21.4
55,weekday,5,385.8,0.9,33.9
55,weekday,6,780.8,3.3,66.1
55,weekday,7,1422.1,3.9,117.5
55,weekday,8,1214.7,4.1,157.1
55,weekday,9,744.9,2.8,116.9
55,weekday,10,607.2,3.1,95.2
55,weekday,11,667.2,3.7,98.0
55,weekday,12,728.1,4.5,103.5
55,weekday,13,914.9,2.6,106.6
55,weekday,14,1110.7,2.3,118.1
55,weekday,15,1254.0,3.8,117.6
55,weekday,16,1308.8,2.1,111.1
55,weekday,17,1300.6,2.2,112.1
55,weekday,18,1087.4,1.7,97.4
55,weekday,19,831.2,1.8,92.0
55,weekday,20,829.2,1.8,86.1
55,weekday,21,632.8,2.1,87.4
55,weekday,22,428.9,1.9,77.1
55,weekday,23,209.1,1.3,59.8
55,weekend,0,345.9,3.8,98.3
55,weekend,1,119.9,1.4,68.7
55,weekend,2,68.3,1.0,48.0
55,weekend,3,46.3,0.3,31.8
55,weekend,4,70.2,0.6,31.9
55,weekend,5,144.8,0.4,32.7
55,weekend,6,279.0,1.3,40.0
55,weekend,7,354.8,1.2,53.9
55,weekend,8,430.9,3.6,65.1
55,weekend,9,425.9,2.4,82.3
55,weekend,10,461.4,3.8,87.9
55,weekend,11,477.7,2.4,83.4
55,weekend,12,593.0,1.1,86.1
55,weekend,13,766.8,1.7,100.9
55,weekend,14,1026.4,1.6,107.2
55,weekend,15,1318.2,2.4,121.2
55,weekend,16,1586.0,2.1,123.3
55,weekend,17,1499.3,3.7,125.0
55,weekend,18,1058.2,2.2,121.9
55,weekend,19,876.2,1.3,117.8
55,weekend,20,801.1,3.2,111.9
55,weekend,21,786.0,2.3,124.3
55,weekend,22,602.1,2.8,115.7
55,weekend,23,386.7,3.3,108.0
56,weekday,0,0.0,1.5,45.9
56,weekday,1,0.0,0.5,26.4
56,weekday,2,0.0,0.5,20.8
56,weekday,3,0.0,0.4,24.5
56,weekday,4,0.0,1.5,42.2
56,weekday,5,0.0,1.6,70.2
56,weekday,6,0.0,1.8,99.9
56,weekday,7,0.0,3.6,142.4
56,weekday,8,0.0,2.9,163.9
56,weekday,9,0.0,2.1,138.5
56,weekday,10,0.0,1.9,106.9
56,weekday,11,0.0,1.5,89.4
56,weekday,12,0.0,1.5,85.9
56,weekday,13,0.0,1.1,96.6
56,weekday,14,0.0,2.6,106.6
56,weekday,15,0.0,2.2,97.4
56,weekday,16,0.0,1.2,84.9
56,weekday,17,0.0,0.9,82.6
56,weekday,18,0.0,1.0,83.3
56,weekday,19,0.0,0.7,70.1
56,weekday,20,0.0,1.4,62.2
56,weekday,21,0.0,1.1,68.0
56,weekday,22,0.0,1.9,69.4
56,weekday,23,0.0,1.5,59.0
56,weekend,0,0.0,5.9,113.9
56,weekend,1,0.0,2.0,72.2
56,weekend,2,0.0,1.2,58.7
56,weekend,3,0.0,1.2,49.0
56,weekend,4,0.0,2.1,46.9
56,weekend,5,0.0,2.3,64.4
56,weekend,6,0.0,1.8,81.7
56,weekend,7,0.0,2.0,92.7
56,weekend,8,0.0,3.1,102.6
56,weekend,9,0.0,3.1,121.9
56,weekend,10,0.0,3.9,132.1
56,weekend,11,0.0,2.8,116.3
56,weekend,12,0.0,1.4,106.4
56,weekend,13,0.0,3.7,119.2
56,weekend,14,0.0,2.3,124.6
56,weekend,15,0.0,2.8,114.4
56,weekend,16,0.0,2.2,104.6
56,weekend,17,0.0,2.3,108.8
56,weekend,18,0.0,3.3,108.1
56,weekend,19,0.0,3.1,112.7
56,weekend,20,0.0,4.6,107.7
56,weekend,21,0.0,7.0,126.6
56,weekend,22,0.0,11.2,134.9
56,weekend,23,0.0,11.9,140.4
57,weekday,0,0.0,0.2,8.3
57,weekday,1,0.0,0.1,2.5
57,weekday,2,0.0,0.1,2.8
57,weekday,3,0.0,0.1,3.5
57,weekday,4,0.0,0.2,4.1
57,weekday,5,0.0,0.3,4.1
57,weekday,6,0.0,0.2,6.8
57,weekday,7,0.0,0.1,10.4
57,weekday,8,0.0,0.0,10.6
57,weekday,9,0.0,0.0,7.4
57,weekday,10,0.0,0.1,5.9
57,weekday,11,0.0,0.0,5.5
57,weekday,12,0.0,0.1,4.7
57,weekday,13,0.0,0.1,6.1
57,weekday,14,0.0,0.1,6.2
57,weekday,15,0.0,0.0,4.3
57,weekday,16,0.0,0.0,5.8
57,weekday,17,0.0,0.0,6.6
57,weekday,18,0.0,0.0,5.0
57,weekday,19,0.0,0.1,3.8
57,weekday,20,0.0,0.1,5.2
57,weekday,21,0.0,0.5,6.5
57,weekday,22,0.0,0.5,11.8
57,weekday,23,0.0,0.4,10.8
57,weekend,0,0.0,0.9,11.2
57,weekend,1,0.0,0.3,10.0
57,weekend,2,0.0,0.1,7.1
57,weekend,3,0.0,0.0,6.9
57,weekend,4,0.0,0.1,7.2
57,weekend,5,0.0,0.0,6.9
57,weekend,6,0.0,0.1,6.3
57,weekend,7,0.0,0.1,5.3
57,weekend,8,0.0,0.0,8.2
57,weekend,9,0.0,0.2,7.6
57,weekend,10,0.0,0.1,5.8
57,weekend,11,0.0,0.2,7.2
57,weekend,12,0.0,0.0,7.1
57,weekend,13,0.0,0.0,6.7
57,weekend,14,0.0,0.3,8.3
57,weekend,15,0.0,0.2,8.0
57,weekend,16,0.0,0.2,9.0
57,weekend,17,0.0,0.0,9.6
57,weekend,18,0.0,0.0,9.3
57,weekend,19,0.0,0.2,7.4
57,weekend,20,0.0,0.1,8.3
57,weekend,21,0.0,0.1,8.7
57,weekend,22,0.0,1.0,13.1
57,weekend,23,0.0,0.3,14.0
58,weekday,0,0.0,0.0,3.5
58,weekday,1,0.0,0.0,2.6
58,weekday,2,0.0,0.0,1.5
58,weekday,3,0.0,0.0,2.4
58,weekday,4,0.0,0.0,2.6
58,weekday,5,0.0,0.1,5.4
58,weekday,6,0.0,0.1,12.9
58,weekday,7,0.0,0.1,22.1
58,weekday,8,0.0,0.2,22.9
58,weekday,9,0.0,0.1,14.3
58,weekday,10,0.0,0.2,12.3
58,weekday,11,0.0,0.0,10.1
58,weekday,12,0.0,0.1,10.5
58,weekday,13,0.0,0.4,12.1
58,weekday,14,0.0,0.0,11.5
58,weekday,15,0.0,0.1,11.7
58,weekday,16,0.0,0.1,11.9
58,weekday,17,0.0,0.0,11.4
58,weekday,18,0.0,0.0,9.7
58,weekday,19,0.0,0.1,6.4
58,weekday,20,0.0,0.1,6.6
58,weekday,21,0.0,0.0,7.0
58,weekday,22,0.0,0.0,6.2
58,weekday,23,0.0,0.1,6.4
58,weekend,0,0.0,0.2,9.0
58,weekend,1,0.0,0.2,7.6
58,weekend,2,0.0,0.1,3.8
58,weekend,3,0.0,0.2,3.6
58,weekend,4,0.0,0.0,3.7
58,weekend,5,0.0,0.1,4.4
58,weekend,6,0.0,0.0,5.4
58,weekend,7,0.0,0.1,9.1
58,weekend,8,0.0,0.1,8.4
58,weekend,9,0.0,0.0,10.8
58,weekend,10,0.0,0.2,12.6
58,weekend,11,0.0,0.1,11.8
58,weekend,12,0.0,0.0,12.1
58,weekend,13,0.0,0.0,10.9
58,weekend,14,0.0,0.0,10.9
58,weekend,15,0.0,0.0,15.1
58,weekend,16,0.0,0.0,12.1
58,weekend,17,0.0,0.2,13.7
58,weekend,18,0.0,0.1,12.8
58,weekend,19,0.0,0.1,14.6
58,weekend,20,0.0,0.0,11.8
58,weekend,21,0.0,0.1,11.0
58,weekend,22,0.0,0.1,8.8
58,weekend,23,0.0,0.7,10.4
59,weekday,0,0.0,0.0,1.3
59,weekday,1,0.0,0.0,0.7
59,weekday,2,0.0,0.0,0.4
59,weekday,3,0.0,0.0,0.5
59,weekday,4,0.0,0.0,1.2
59,weekday,5,0.0,0.0,1.2
59,weekday,6,0.0,0.1,1.6
59,weekday,7,0.0,0.2,4.2
59,weekday,8,0.0,0.2,5.9
59,weekday,9,0.0,0.0,3.7
59,weekday,10,0.0,0.0,3.5
59,weekday,11,0.0,0.0,2.6
59,weekday,12,0.0,0.1,2.2
59,weekday,13,0.0,0.1,3.0
59,weekday,14,0.0,0.0,4.6
59,weekday,15,0.0,0.0,5.1
59,weekday,16,0.0,0.0,6.3
59,weekday,17,0.0,0.0,4.3
59,weekday,18,0.0,0.0,4.9
59,weekday,19,0.0,0.1,3.9
59,weekday,20,0.0,0.0,3.5
59,weekday,21,0.0,0.1,3.6
59,weekday,22,0.0,0.0,1.7
59,weekday,23,0.0,0.1,1.9
59,weekend,0,0.0,0.2,2.3
59,weekend,1,0.0,0.0,2.4
59,weekend,2,0.0,0.0,1.7
59,weekend,3,0.0,0.0,1.9
59,weekend,4,0.0,0.0,0.6
59,weekend,5,0.0,0.0,1.8
59,weekend,6,0.0,0.0,1.2
59,weekend,7,0.0,0.0,1.3
59,weekend,8,0.0,0.0,1.4
59,weekend,9,0.0,0.0,1.8
59,weekend,10,0.0,0.0,4.7
59,weekend,11,0.0,0.0,3.6
59,weekend,12,0.0,0.0,2.7
59,weekend,13,0.0,0.1,3.8
59,weekend,14,0.0,0.0,3.3
59,weekend,15,0.0,0.1,3.8
59,weekend,16,0.0,0.0,3.7
59,weekend,17,0.0,0.1,4.6
59,weekend,18,0.0,0.0,6.4
59,weekend,19,0.0,0.0,7.4
59,weekend,20,0.0,0.1,9.7
59,weekend,21,0.0,0.1,13.4
59,weekend,22,0.0,0.2,10.7
59,weekend,23,0.0,0.0,5.6
60,weekday,0,14.1,0.5,42.1
60,weekday,1,6.2,0.3,24.5
60,weekday,2,9.4,0.1,18.5
60,weekday,3,18.1,0.1,12.0
60,weekday,4,51.1,0.6,16.6
60,weekday,5,195.8,0.9,32.7
60,weekday,6,343.5,2.2,47.4
60,weekday,7,481.9,1.4,94.1
60,weekday,8,422.9,2.2,131.4
60,weekday,9,286.7,1.4,93.6
60,weekday,10,214.1,1.0,67.6
60,weekday,11,187.1,0.6,61.6
60,weekday,12,203.8,1.5,61.0
60,weekday,13,241.0,0.9,70.7
60,weekday,14,282.7,0.5,75.8
60,weekday,15,343.1,0.7,72.0
60,weekday,16,308.4,0.5,76.4
60,weekday,17,261.9,0.4,84.9
60,weekday,18,156.9,0.5,73.6
60,weekday,19,124.4,0.5,66.7
60,weekday,20,98.9,0.4,55.0
60,weekday,21,74.3,0.5,57.2
60,weekday,22,57.4,0.8,61.9
60,weekday,23,29.2,0.8,53.3
60,weekend,0,17.0,0.7,69.9
60,weekend,1,9.1,0.7,54.2
60,weekend,2,5.8,0.1,43.0
60,weekend,3,9.9,0.4,26.0
60,weekend,4,20.8,0.6,25.8
60,weekend,5,43.7,0.3,29.4
60,weekend,6,83.3,0.6,36.4
60,weekend,7,99.4,1.1,48.6
60,weekend,8,110.6,1.3,55.8
60,weekend,9,103.6,1.8,64.8
60,weekend,10,106.0,1.0,70.1
60,weekend,11,103.1,1.3,66.0
60,weekend,12,118.1,2.2,65.8
60,weekend,13,122.8,2.0,69.7
60,weekend,14,138.2,1.3,82.9
60,weekend,15,123.6,1.2,80.3
60,weekend,16,110.2,1.0,82.4
60,weekend,17,109.3,1.0,80.7
60,weekend,18,83.2,1.7,83.1
60,weekend,19,74.8,0.9,74.6
60,weekend,20,63.2,1.0,76.1
60,weekend,21,59.3,1.9,85.4
60,weekend,22,46.4,1.1,85.3
60,weekend,23,27.3,1.1,70.8
61,weekday,0,120.3,8.4,282.4
61,weekday,1,72.0,4.6,164.7
61,weekday,2,57.8,2.9,109.5
61,weekday,3,115.2,2.3,93.1
61,weekday,4,306.6,3.7,110.2
61,weekday,5,961.4,7.2,158.3
61,weekday,6,2094.9,12.9,223.8
61,weekday,7,4035.8,15.1,299.9
61,weekday,8,4693.5,19.9,370.8
61,weekday,9,2895.2,15.5,381.1
61,weekday,10,1789.3,14.5,348.9
61,weekday,11,1538.3,12.4,319.5
61,weekday,12,1526.5,13.9,324.4
61,weekday,13,1681.9,14.0,325.5
61,weekday,14,1695.6,11.2,357.6
61,weekday,15,1788.6,10.5,380.4
61,weekday,16,1787.1,12.1,402.5
61,weekday,17,1822.2,11.5,471.4
61,weekday,18,1456.2,12.2,499.5
61,weekday,19,996.2,11.3,463.8
61,weekday,20,753.9,9.1,397.8
61,weekday,21,652.0,7.4,411.8
61,weekday,22,461.0,11.8,443.9
61,weekday,23,260.1,12.4,391.8
61,weekend,0,186.7,23.0,657.8
61,weekend,1,102.0,17.4,504.6
61,weekend,2,65.4,11.1,375.9
61,weekend,3,72.6,8.9,254.6
61,weekend,4,115.0,9.1,206.2
61,weekend,5,320.4,5.7,178.2
61,weekend,6,604.9,8.4,178.0
61,weekend,7,845.3,10.9,216.3
61,weekend,8,1003.0,11.6,275.1
61,weekend,9,1190.1,16.1,353.9
61,weekend,10,1301.0,16.2,406.0
61,weekend,11,1373.3,15.2,434.4
61,weekend,12,1491.9,19.7,442.8
61,weekend,13,1581.8,18.6,447.2
61,weekend,14,1475.0,17.6,492.7
61,weekend,15,1366.9,19.7,516.0
61,weekend,16,1190.4,19.1,526.0
61,weekend,17,1112.4,17.1,534.7
61,weekend,18,1017.8,16.0,559.0
61,weekend,19,797.4,17.9,555.0
61,weekend,20,623.9,19.3,526.6
61,weekend,21,597.4,17.1,570.4
61,weekend,22,461.4,26.1,571.2
61,weekend,23,288.7,24.9,564.8
62,weekday,0,69.5,1.8,69.6
62,weekday,1,27.8,1.5,42.4
62,weekday,2,23.1,0.7,28.1
62,weekday,3,35.9,0.6,23.6
62,weekday,4,95.5,1.4,29.4
62,weekday,5,243.9,1.7,43.4
62,weekday,6,607.5,3.9,67.5
62,weekday,7,1452.6,4.6,98.0
62,weekday,8,2480.2,5.1,119.4
62,weekday,9,1506.3,5.9,136.2
62,weekday,10,812.1,5.1,122.5
62,weekday,11,750.1,3.9,109.8
62,weekday,12,747.4,4.2,112.2
62,weekday,13,796.9,4.0,105.2
62,weekday,14,850.4,3.9,115.5
62,weekday,15,951.9,2.9,118.2
62,weekday,16,1001.2,2.6,120.7
62,weekday,17,1042.4,3.6,132.2
62,weekday,18,835.5,3.3,138.3
62,weekday,19,538.5,2.9,132.6
62,weekday,20,403.1,2.6,113.8
62,weekday,21,327.7,2.8,116.6
62,weekday,22,248.5,2.9,112.5
62,weekday,23,155.5,2.8,96.0
62,weekend,0,144.2,6.0,153.2
62,weekend,1,64.2,3.7,104.6
62,weekend,2,44.8,1.4,75.6
62,weekend,3,41.1,2.3,47.1
62,weekend,4,67.3,1.4,53.8
62,weekend,5,139.6,1.3,39.7
62,weekend,6,254.7,3.1,51.9
62,weekend,7,335.1,1.7,64.1
62,weekend,8,486.2,3.7,90.0
62,weekend,9,604.2,5.2,107.7
62,weekend,10,742.0,5.6,134.6
62,weekend,11,808.4,5.3,140.2
62,weekend,12,894.0,4.8,128.0
62,weekend,13,932.0,5.2,130.6
62,weekend,14,875.9,4.6,135.2
62,weekend,15,768.4,3.6,137.2
62,weekend,16,740.2,4.6,147.7
62,weekend,17,672.2,4.2,151.1
62,weekend,18,638.8,6.9,144.1
62,weekend,19,484.3,4.8,139.4
62,weekend,20,395.7,4.4,120.0
62,weekend,21,363.2,4.7,128.9
62,weekend,22,280.8,6.0,135.0
62,weekend,23,195.3,5.8,138.9
63,weekday,0,24.6,2.1,51.9
63,weekday,1,18.7,1.5,36.1
63,weekday,2,22.2,0.6,26.5
63,weekday,3,46.4,0.4,29.9
63,weekday,4,182.3,1.6,37.2
63,weekday,5,440.9,2.4,60.2
63,weekday,6,812.2,3.5,94.5
63,weekday,7,1244.8,6.3,129.9
63,weekday,8,1147.8,4.6,150.1
63,weekday,9,623.2,4.2,135.5
63,weekday,10,437.7,3.0,97.3
63,weekday,11,385.0,2.1,90.7
63,weekday,12,379.1,2.5,87.8
63,weekday,13,417.9,2.2,91.5
63,weekday,14,510.0,2.5,105.8
63,weekday,15,495.1,1.7,102.8
63,weekday,16,464.5,2.1,112.6
63,weekday,17,419.4,1.5,105.8
63,weekday,18,267.8,0.9,91.6
63,weekday,19,227.5,1.3,85.8
63,weekday,20,186.8,0.9,75.4
63,weekday,21,149.5,1.6,76.9
63,weekday,22,95.2,1.8,71.6
63,weekday,23,55.6,1.3,68.8
63,weekend,0,37.9,3.9,114.1
63,weekend,1,21.0,2.7,87.0
63,weekend,2,20.9,2.6,58.4
63,weekend,3,27.7,1.7,51.2
63,weekend,4,77.1,1.3,55.7
63,weekend,5,142.4,1.8,55.7
63,weekend,6,268.1,3.0,64.6
63,weekend,7,353.9,4.2,77.2
63,weekend,8,385.4,4.8,88.1
63,weekend,9,371.2,4.6,107.4
63,weekend,10,336.6,3.3,111.2
63,weekend,11,328.6,4.7,113.1
63,weekend,12,300.2,3.7,114.0
63,weekend,13,335.9,5.3,111.1
63,weekend,14,329.1,3.7,126.8
63,weekend,15,288.8,3.2,126.8
63,weekend,16,268.3,2.2,116.6
63,weekend,17,222.8,2.0,114.6
63,weekend,18,190.3,1.6,116.4
63,weekend,19,163.9,2.0,121.0
63,weekend,20,142.3,2.8,113.8
63,weekend,21,129.3,4.1,121.9
63,weekend,22,108.3,5.2,118.2
63,weekend,23,59.9,3.1,107.8
64,weekday,0,0.0,0.5,8.7
64,weekday,1,0.0,0.1,4.8
64,weekday,2,0.0,0.1,2.1
64,weekday,3,0.0,0.1,3.1
64,weekday,4,0.0,0.0,5.2
64,weekday,5,0.0,0.4,9.2
64,weekday,6,0.0,0.5,13.8
64,weekday,7,0.0,0.3,22.7
64,weekday,8,0.0,0.1,39.0
64,weekday,9,0.0,0.3,33.7
64,weekday,10,0.0,0.2,24.6
64,weekday,11,0.0,0.1,22.3
64,weekday,12,0.0,0.2,23.1
64,weekday,13,0.0,0.3,26.6
64,weekday,14,0.0,0.1,28.4
64,weekday,15,0.0,0.1,29.8
64,weekday,16,0.0,0.3,29.5
64,weekday,17,0.0,0.1,30.2
64,weekday,18,0.0,0.2,25.2
64,weekday,19,0.0,0.2,21.8
64,weekday,20,0.0,0.0,18.3
64,weekday,21,0.0,0.1,16.2
64,weekday,22,0.0,0.4,17.5
64,weekday,23,0.0,0.3,13.5
64,weekend,0,0.0,0.4,14.9
64,weekend,1,0.0,0.1,12.0
64,weekend,2,0.0,0.0,7.8
64,weekend,3,0.0,0.1,4.4
64,weekend,4,0.0,0.4,6.2
64,weekend,5,0.0,0.0,8.6
64,weekend,6,0.0,0.4,9.8
64,weekend,7,0.0,0.9,15.1
64,weekend,8,0.0,0.2,17.8
64,weekend,9,0.0,0.2,22.0
64,weekend,10,0.0,0.6,24.1
64,weekend,11,0.0,0.3,21.9
64,weekend,12,0.0,0.6,27.2
64,weekend,13,0.0,0.4,25.7
64,weekend,14,0.0,0.4,31.8
64,weekend,15,0.0,0.3,29.7
64,weekend,16,0.0,0.2,26.9
64,weekend,17,0.0,0.6,28.9
64,weekend,18,0.0,0.2,26.3
64,weekend,19,0.0,0.2,28.3
64,weekend,20,0.0,0.3,23.3
64,weekend,21,0.0,0.7,21.6
64,weekend,22,0.0,1.0,21.9
64,weekend,23,0.0,1.2,15.9
65,weekday,0,301.1,7.5,87.6
65,weekday,1,96.1,2.6,40.1
65,weekday,2,61.4,1.2,23.4
65,weekday,3,44.9,0.4,20.8
65,weekday,4,92.9,0.9,30.0
65,weekday,5,257.1,2.8,50.4
65,weekday,6,768.2,3.7,66.8
65,weekday,7,2215.8,6.8,97.9
65,weekday,8,4717.6,9.6,130.8
65,weekday,9,3539.3,10.9,153.9
65,weekday,10,2642.9,7.8,141.1
65,weekday,11,2730.1,9.1,142.9
65,weekday,12,2949.8,9.7,149.1
65,weekday,13,3052.6,10.0,134.5
65,weekday,14,3613.4,11.9,128.6
65,weekday,15,5255.1,14.8,130.0
65,weekday,16,6801.5,16.8,149.4
65,weekday,17,7645.8,22.6,176.5
65,weekday,18,4904.1,20.9,188.0
65,weekday,19,3046.1,17.0,182.2
65,weekday,20,2325.9,14.9,164.9
65,weekday,21,1785.4,16.3,150.4
65,weekday,22,1241.3,15.7,136.9
65,weekday,23,702.9,12.4,121.4
65,weekend,0,510.0,19.3,192.8
65,weekend,1,205.7,11.8,125.9
65,weekend,2,105.4,8.6,84.0
65,weekend,3,68.7,5.9,66.3
65,weekend,4,58.4,4.8,44.0
65,weekend,5,129.8,3.1,46.2
65,weekend,6,236.6,4.2,63.0
65,weekend,7,435.8,3.9,67.7
65,weekend,8,652.1,7.0,100.8
65,weekend,9,958.6,9.9,130.2
65,weekend,10,1366.6,15.2,170.3
65,weekend,11,1931.3,17.9,204.8
65,weekend,12,2264.6,17.4,199.3
65,weekend,13,2510.6,18.8,183.4
65,weekend,14,2686.6,16.8,196.0
65,weekend,15,2579.3,19.2,194.7
65,weekend,16,2631.8,18.7,202.4
65,weekend,17,2469.1,23.3,213.7
65,weekend,18,2228.6,23.8,219.6
65,weekend,19,1861.9,18.8,207.4
65,weekend,20,1533.6,18.2,179.0
65,weekend,21,1505.9,17.7,169.6
65,weekend,22,1119.6,14.0,153.3
65,weekend,23,783.1,13.8,162.6
66,weekday,0,49.2,6.2,55.9
66,weekday,1,20.3,1.8,25.5
66,weekday,2,7.8,0.8,13.5
66,weekday,3,4.4,0.2,8.1
66,weekday,4,10.4,0.3,15.9
66,weekday,5,35.8,0.7,32.1
66,weekday,6,125.8,3.5,54.1
66,weekday,7,402.2,4.9,75.6
66,weekday,8,753.5,7.2,115.2
66,weekday,9,522.7,6.4,127.0
66,weekday,10,337.8,3.7,96.2
66,weekday,11,380.8,3.5,91.0
66,weekday,12,464.3,6.7,96.9
66,weekday,13,573.5,7.8,105.1
66,weekday,14,670.4,9.8,113.5
66,weekday,15,788.4,9.7,117.8
66,weekday,16,964.2,12.2,127.6
66,weekday,17,1441.6,15.6,156.5
66,weekday,18,1223.9,20.8,186.7
66,weekday,19,727.9,18.2,170.8
66,weekday,20,626.4,18.8,161.2
66,weekday,21,601.6,24.5,183.6
66,weekday,22,352.5,25.1,159.8
66,weekday,23,163.1,16.5,116.6
66,weekend,0,137.0,20.0,157.1
66,weekend,1,55.3,13.9,109.4
66,weekend,2,26.1,7.0,63.3
66,weekend,3,15.4,3.7,31.7
66,weekend,4,12.4,1.7,19.1
66,weekend,5,11.0,2.1,21.7
66,weekend,6,34.0,0.9,24.6
66,weekend,7,54.7,1.3,38.3
66,weekend,8,103.2,2.4,48.6
66,weekend,9,166.2,3.0,70.2
66,weekend,10,278.4,5.9,95.9
66,weekend,11,465.7,8.4,128.3
66,weekend,12,628.4,16.1,156.7
66,weekend,13,784.2,16.2,174.4
66,weekend,14,899.4,18.4,182.2
66,weekend,15,946.6,17.9,187.6
66,weekend,16,1035.8,18.9,190.6
66,weekend,17,958.8,20.0,187.3
66,weekend,18,787.9,18.0,189.9
66,weekend,19,615.7,16.8,174.9
66,weekend,20,544.7,24.1,164.6
66,weekend,21,562.6,25.0,164.9
66,weekend,22,402.3,24.6,164.7
66,weekend,23,201.7,21.3,144.3
67,weekday,0,0.0,0.2,18.7
67,weekday,1,0.0,0.2,11.6
67,weekday,2,0.0,0.2,7.6
67,weekday,3,0.0,0.0,9.3
67,weekday,4,0.0,0.1,15.7
67,weekday,5,0.0,0.5,21.6
67,weekday,6,0.0,0.8,51.0
67,weekday,7,0.0,2.0,89.5
67,weekday,8,0.0,1.5,104.0
67,weekday,9,0.0,1.6,82.8
67,weekday,10,0.0,1.2,72.8
67,weekday,11,0.0,1.3,65.0
67,weekday,12,0.0,0.9,60.4
67,weekday,13,0.0,0.6,57.8
67,weekday,14,0.0,1.5,73.2
67,weekday,15,0.0,1.0,75.1
67,weekday,16,0.0,0.8,68.8
67,weekday,17,0.0,0.9,74.9
67,weekday,18,0.0,0.6,70.4
67,weekday,19,0.0,0.6,52.9
67,weekday,20,0.0,0.8,47.2
67,weekday,21,0.0,0.3,45.2
67,weekday,22,0.0,0.6,41.1
67,weekday,23,0.0,0.8,27.8
67,weekend,0,0.0,1.0,38.7
67,weekend,1,0.0,0.6,30.6
67,weekend,2,0.0,0.4,21.4
67,weekend,3,0.0,0.3,15.0
67,weekend,4,0.0,0.3,15.1
67,weekend,5,0.0,0.3,21.8
67,weekend,6,0.0,1.0,31.4
67,weekend,7,0.0,2.0,39.0
67,weekend,8,0.0,0.4,47.1
67,weekend,9,0.0,1.1,64.8
67,weekend,10,0.0,0.9,75.0
67,weekend,11,0.0,1.6,64.8
67,weekend,12,0.0,1.1,65.9
67,weekend,13,0.0,0.8,75.8
67,weekend,14,0.0,1.3,77.2
67,weekend,15,0.0,0.9,66.6
67,weekend,16,0.0,0.9,69.7
67,weekend,17,0.0,1.2,64.1
67,weekend,18,0.0,1.1,66.7
67,weekend,19,0.0,1.2,58.0
67,weekend,20,0.0,0.9,56.8
67,weekend,21,0.0,0.6,55.1
67,weekend,22,0.0,1.8,51.1
67,weekend,23,0.0,1.2,42.8
68,weekday,0,422.1,83.5,198.3
68,weekday,1,173.1,39.0,107.6
68,weekday,2,98.4,20.4,74.4
68,weekday,3,65.8,13.3,54.4
68,weekday,4,58.2,11.2,65.7
68,weekday,5,109.2,19.3,94.2
68,weekday,6,292.1,27.6,146.6
68,weekday,7,734.1,66.5,260.8
68,weekday,8,1446.8,139.6,387.8
68,weekday,9,1106.4,161.5,354.8
68,weekday,10,883.4,159.8,305.3
68,weekday,11,1082.2,173.7,304.5
68,weekday,12,1348.8,176.2,296.9
68,weekday,13,1660.5,213.6,340.4
68,weekday,14,2367.5,201.8,309.6
68,weekday,15,3110.1,208.5,314.9
68,weekday,16,3727.4,244.2,361.1
68,weekday,17,4551.9,285.9,412.4
68,weekday,18,3858.8,312.6,464.4
68,weekday,19,2740.9,265.9,442.9
68,weekday,20,2232.6,242.2,424.1
68,weekday,21,2073.1,258.4,389.8
68,weekday,22,1691.5,226.4,389.2
68,weekday,23,990.0,147.4,281.7
68,weekend,0,1135.4,208.6,356.9
68,weekend,1,718.6,157.9,259.4
68,weekend,2,427.1,132.2,204.3
68,weekend,3,235.6,92.6,173.2
68,weekend,4,161.4,62.8,123.7
68,weekend,5,78.6,21.6,83.1
68,weekend,6,122.0,19.1,89.4
68,weekend,7,191.9,26.0,103.7
68,weekend,8,274.1,51.6,161.7
68,weekend,9,439.7,92.4,235.4
68,weekend,10,675.1,126.9,300.0
68,weekend,11,1005.2,168.1,349.3
68,weekend,12,1487.9,189.1,351.3
68,weekend,13,1925.9,232.0,354.8
68,weekend,14,2305.3,238.3,362.4
68,weekend,15,2502.7,205.2,315.1
68,weekend,16,2700.6,219.0,332.7
68,weekend,17,2619.8,239.8,358.1
68,weekend,18,2466.4,247.3,397.8
68,weekend,19,2092.0,213.6,392.4
68,weekend,20,1789.8,190.2,344.9
68,weekend,21,1719.0,189.6,380.2
68,weekend,22,1368.2,187.3,393.3
68,weekend,23,1050.7,152.9,318.2
69,weekday,0,10.9,1.7,99.9
69,weekday,1,5.6,1.1,67.4
69,weekday,2,6.9,0.4,38.8
69,weekday,3,18.3,0.4,32.8
69,weekday,4,39.6,0.4,44.1
69,weekday,5,180.6,1.2,76.8
69,weekday,6,298.4,2.5,130.9
69,weekday,7,444.0,3.8,227.1
69,weekday,8,433.0,4.4,259.2
69,weekday,9,249.6,2.8,195.4
69,weekday,10,180.0,3.8,155.3
69,weekday,11,172.2,1.9,149.5
69,weekday,12,175.0,2.9,148.7
69,weekday,13,206.5,2.4,152.9
69,weekday,14,257.1,2.2,160.6
69,weekday,15,316.1,2.4,168.2
69,weekday,16,228.8,2.9,175.9
69,weekday,17,162.0,3.0,185.1
69,weekday,18,110.9,1.2,160.9
69,weekday,19,68.1,1.3,139.0
69,weekday,20,56.9,1.2,126.6
69,weekday,21,51.9,1.6,128.3
69,weekday,22,44.0,1.9,136.4
69,weekday,23,21.5,1.9,126.2
69,weekend,0,14.9,2.9,164.0
69,weekend,1,7.0,2.0,136.2
69,weekend,2,7.1,1.9,103.9
69,weekend,3,9.6,1.0,68.6
69,weekend,4,21.3,0.8,63.4
69,weekend,5,63.8,1.0,67.6
69,weekend,6,116.4,2.2,82.7
69,weekend,7,147.1,2.1,105.3
69,weekend,8,151.1,2.8,129.3
69,weekend,9,154.3,3.4,144.7
69,weekend,10,136.7,3.4,152.0
69,weekend,11,137.6,2.7,142.6
69,weekend,12,144.3,3.6,134.9
69,weekend,13,166.3,4.6,146.0
69,weekend,14,167.6,3.1,148.6
69,weekend,15,147.1,3.4,159.7
69,weekend,16,121.4,2.8,158.7
69,weekend,17,99.9,2.4,164.3
69,weekend,18,92.0,2.6,157.8
69,weekend,19,69.3,1.6,162.8
69,weekend,20,58.3,2.6,163.8
69,weekend,21,54.1,2.4,184.3
69,weekend,22,46.0,2.0,189.3
69,weekend,23,26.8,3.6,177.1
70,weekday,0,0.0,20.0,34.9
70,weekday,1,0.0,6.6,20.5
70,weekday,2,0.0,1.8,15.8
70,weekday,3,0.0,0.2,20.0
70,weekday,4,0.0,0.4,32.1
70,weekday,5,0.0,2.1,52.7
70,weekday,6,0.0,1.9,71.8
70,weekday,7,0.0,7.4,120.9
70,weekday,8,0.0,18.1,128.8
70,weekday,9,0.0,25.8,102.6
70,weekday,10,0.0,19.9,86.0
70,weekday,11,0.0,22.6,76.1
70,weekday,12,0.0,20.5,72.5
70,weekday,13,0.0,20.8,78.2
70,weekday,14,0.0,29.2,89.6
70,weekday,15,0.0,34.2,83.1
70,weekday,16,0.0,30.6,79.4
70,weekday,17,0.0,29.2,87.2
70,weekday,18,0.0,27.5,78.8
70,weekday,19,0.0,25.1,66.9
70,weekday,20,0.0,26.6,54.0
70,weekday,21,0.0,31.8,51.6
70,weekday,22,0.0,24.4,48.3
70,weekday,23,0.0,23.4,43.8
70,weekend,0,0.0,12.6,66.1
70,weekend,1,0.0,3.8,55.7
70,weekend,2,0.0,2.7,45.6
70,weekend,3,0.0,0.4,41.1
70,weekend,4,0.0,0.7,43.2
70,weekend,5,0.0,2.3,45.4
70,weekend,6,0.0,1.3,58.4
70,weekend,7,0.0,2.3,59.0
70,weekend,8,0.0,7.8,76.0
70,weekend,9,0.0,14.3,92.7
70,weekend,10,0.0,16.4,97.1
70,weekend,11,0.0,15.0,98.2
70,weekend,12,0.0,15.0,87.9
70,weekend,13,0.0,18.8,91.9
70,weekend,14,0.0,27.9,94.9
70,weekend,15,0.0,30.9,90.8
70,weekend,16,0.0,29.3,92.8
70,weekend,17,0.0,28.7,89.7
70,weekend,18,0.0,27.7,80.1
70,weekend,19,0.0,22.8,79.8
70,weekend,20,0.0,27.0,74.4
70,weekend,21,0.0,31.0,84.4
70,weekend,22,0.0,26.7,80.9
70,weekend,23,0.0,29.9,71.2
71,weekday,0,11.0,1.4,72.7
71,weekday,1,7.2,0.7,50.2
71,weekday,2,7.5,0.5,37.0
71,weekday,3,18.3,0.9,37.0
71,weekday,4,88.7,1.6,44.0
71,weekday,5,227.9,3.3,57.8
71,weekday,6,483.1,6.6,110.6
71,weekday,7,790.3,6.7,159.1
71,weekday,8,755.6,6.9,182.4
71,weekday,9,372.7,6.6,164.5
71,weekday,10,245.8,4.7,131.5
71,weekday,11,229.9,4.2,119.1
71,weekday,12,238.4,5.9,125.6
71,weekday,13,273.9,6.1,126.2
71,weekday,14,264.2,5.3,154.2
71,weekday,15,261.6,4.5,142.9
71,weekday,16,230.6,3.9,152.1
71,weekday,17,221.6,3.0,153.5
71,weekday,18,162.9,1.8,137.7
71,weekday,19,117.1,1.7,122.6
71,weekday,20,94.4,1.5,110.4
71,weekday,21,81.8,1.8,112.1
71,weekday,22,57.8,1.6,112.8
71,weekday,23,29.4,1.2,100.9
71,weekend,0,13.9,2.7,153.7
71,weekend,1,9.9,2.6,118.8
71,weekend,2,6.3,1.7,90.0
71,weekend,3,7.1,1.9,66.2
71,weekend,4,23.7,1.2,62.0
71,weekend,5,64.6,1.9,59.6
71,weekend,6,97.0,3.3,72.3
71,weekend,7,115.7,2.4,95.7
71,weekend,8,122.0,4.3,112.2
71,weekend,9,112.0,7.6,139.6
71,weekend,10,132.9,6.2,154.9
71,weekend,11,129.2,6.9,155.9
71,weekend,12,137.9,5.4,148.2
71,weekend,13,165.3,5.6,142.4
71,weekend,14,160.8,5.9,154.6
71,weekend,15,132.4,4.8,163.1
71,weekend,16,106.4,4.2,152.7
71,weekend,17,104.0,5.7,151.3
71,weekend,18,87.9,3.3,161.9
71,weekend,19,72.6,5.3,162.0
71,weekend,20,68.1,4.8,153.9
71,weekend,21,58.9,3.4,148.4
71,weekend,22,52.8,4.0,154.6
71,weekend,23,26.4,3.3,151.1
72,weekday,0,0.0,1.2,91.9
72,weekday,1,0.0,0.9,53.7
72,weekday,2,0.0,0.5,46.2
72,weekday,3,0.0,0.9,40.0
72,weekday,4,0.0,1.9,50.3
72,weekday,5,0.0,3.4,69.3
72,weekday,6,0.0,6.0,130.0
72,weekday,7,0.0,6.4,175.5
72,weekday,8,0.0,8.5,218.6
72,weekday,9,0.0,8.3,180.9
72,weekday,10,0.0,6.1,160.4
72,weekday,11,0.0,5.1,148.6
72,weekday,12,0.0,4.6,140.5
72,weekday,13,0.0,5.5,143.7
72,weekday,14,0.0,5.6,163.8
72,weekday,15,0.0,4.5,184.1
72,weekday,16,0.0,4.1,173.2
72,weekday,17,0.0,3.1,167.2
72,weekday,18,0.0,3.1,154.4
72,weekday,19,0.0,2.5,152.7
72,weekday,20,0.0,1.9,129.2
72,weekday,21,0.0,2.4,127.7
72,weekday,22,0.0,2.4,119.2
72,weekday,23,0.0,2.1,114.9
72,weekend,0,0.0,3.3,168.9
72,weekend,1,0.0,2.3,128.0
72,weekend,2,0.0,2.2,109.6
72,weekend,3,0.0,1.7,92.6
72,weekend,4,0.0,2.6,92.7
72,weekend,5,0.0,2.3,80.2
72,weekend,6,0.0,3.9,86.4
72,weekend,7,0.0,3.6,124.2
72,weekend,8,0.0,4.6,127.6
72,weekend,9,0.0,5.4,147.2
72,weekend,10,0.0,4.7,172.8
72,weekend,11,0.0,5.4,163.8
72,weekend,12,0.0,5.1,145.7
72,weekend,13,0.0,5.7,146.6
72,weekend,14,0.0,6.3,166.7
72,weekend,15,0.0,4.9,186.3
72,weekend,16,0.0,6.2,171.3
72,weekend,17,0.0,4.7,169.6
72,weekend,18,0.0,3.7,170.2
72,weekend,19,0.0,6.1,184.2
72,weekend,20,0.0,3.6,172.2
72,weekend,21,0.0,4.4,179.1
72,weekend,22,0.0,5.3,180.6
72,weekend,23,0.0,5.2,179.3
73,weekday,0,0.0,0.3,15.3
73,weekday,1,0.0,0.1,10.6
73,weekday,2,0.0,0.1,7.7
73,weekday,3,0.0,0.1,6.8
73,weekday,4,0.0,0.1,9.2
73,weekday,5,0.0,0.4,18.5
73,weekday,6,0.0,0.5,30.9
73,weekday,7,0.0,0.8,49.9
73,weekday,8,0.0,0.4,57.1
73,weekday,9,0.0,0.6,51.5
73,weekday,10,0.0,0.3,38.4
73,weekday,11,0.0,0.2,36.1
73,weekday,12,0.0,0.2,34.4
73,weekday,13,0.0,0.5,34.2
73,weekday,14,0.0,0.5,36.4
73,weekday,15,0.0,0.3,35.1
73,weekday,16,0.0,0.2,32.6
73,weekday,17,0.0,0.1,31.0
73,weekday,18,0.0,0.0,27.6
73,weekday,19,0.0,0.2,30.8
73,weekday,20,0.0,0.3,26.3
73,weekday,21,0.0,0.1,22.6
73,weekday,22,0.0,0.2,20.4
73,weekday,23,0.0,0.3,18.7
73,weekend,0,0.0,0.9,25.1
73,weekend,1,0.0,0.2,16.8
73,weekend,2,0.0,0.2,12.3
73,weekend,3,0.0,0.3,14.4
73,weekend,4,0.0,0.1,13.7
73,weekend,5,0.0,0.1,14.8
73,weekend,6,0.0,0.2,19.3
73,weekend,7,0.0,0.3,28.2
73,weekend,8,0.0,0.1,28.1
73,weekend,9,0.0,0.6,42.7
73,weekend,10,0.0,0.3,47.7
73,weekend,11,0.0,0.3,35.4
73,weekend,12,0.0,0.2,42.1
73,weekend,13,0.0,0.6,43.4
73,weekend,14,0.0,0.2,38.8
73,weekend,15,0.0,0.6,39.6
73,weekend,16,0.0,0.1,34.4
73,weekend,17,0.0,0.3,33.8
73,weekend,18,0.0,0.2,30.1
73,weekend,19,0.0,0.0,35.3
73,weekend,20,0.0,0.4,27.1
73,weekend,21,0.0,0.7,27.8
73,weekend,22,0.0,0.7,24.8
73,weekend,23,0.0,0.7,28.6
74,weekday,0,206.2,15.7,131.8
74,weekday,1,90.0,6.5,77.8
74,weekday,2,56.8,3.8,53.6
74,weekday,3,74.3,2.8,47.3
74,weekday,4,142.0,6.4,60.4
74,weekday,5,451.7,15.9,91.0
74,weekday,6,1139.4,42.8,156.8
74,weekday,7,2343.0,81.5,248.6
74,weekday,8,2875.5,89.4,285.1
74,weekday,9,1806.3,71.6,252.2
74,weekday,10,1349.9,59.0,197.5
74,weekday,11,1306.3,45.8,184.4
74,weekday,12,1325.0,44.3,179.4
74,weekday,13,1458.9,42.3,190.5
74,weekday,14,1832.4,50.2,201.4
74,weekday,15,2424.6,48.9,199.2
74,weekday,16,2478.5,51.2,205.2
74,weekday,17,2401.6,59.1,210.3
74,weekday,18,1733.1,64.6,223.2
74,weekday,19,1198.4,45.2,203.3
74,weekday,20,925.4,32.7,193.8
74,weekday,21,718.7,31.5,192.0
74,weekday,22,481.7,30.5,187.6
74,weekday,23,361.4,26.9,167.4
74,weekend,0,256.6,34.3,235.4
74,weekend,1,128.6,22.7,184.7
74,weekend,2,76.7,11.2,134.4
74,weekend,3,69.0,9.6,103.6
74,weekend,4,91.6,10.6,98.7
74,weekend,5,171.8,13.8,107.1
74,weekend,6,415.4,22.9,127.2
74,weekend,7,600.2,24.9,139.4
74,weekend,8,781.3,28.7,159.4
74,weekend,9,833.4,43.4,196.4
74,weekend,10,948.0,48.8,212.9
74,weekend,11,1012.8,54.9,212.9
74,weekend,12,1122.9,69.4,228.4
74,weekend,13,1202.8,66.7,222.4
74,weekend,14,1319.2,70.0,237.2
74,weekend,15,1290.0,68.3,245.2
74,weekend,16,1219.6,75.0,243.9
74,weekend,17,1261.1,77.9,249.4
74,weekend,18,1125.0,80.8,268.1
74,weekend,19,900.0,73.0,244.0
74,weekend,20,827.7,57.2,240.2
74,weekend,21,635.3,55.1,258.1
74,weekend,22,499.0,43.9,250.3
74,weekend,23,353.4,37.0,234.3
75,weekday,0,106.4,15.3,86.8
75,weekday,1,38.2,8.4,48.7
75,weekday,2,34.2,5.9,40.8
75,weekday,3,42.3,4.1,36.5
75,weekday,4,123.6,7.8,52.1
75,weekday,5,383.1,18.5,85.9
75,weekday,6,1008.8,34.9,142.0
75,weekday,7,2484.7,68.4,237.8
75,weekday,8,3979.8,79.9,224.8
75,weekday,9,2350.2,68.1,222.5
75,weekday,10,1488.1,72.3,205.1
75,weekday,11,1460.5,79.9,201.2
75,weekday,12,1400.4,88.2,197.3
75,weekday,13,1522.3,82.8,196.6
75,weekday,14,2061.8,96.4,220.9
75,weekday,15,2751.6,111.4,221.8
75,weekday,16,2705.9,114.1,226.8
75,weekday,17,2594.2,108.2,214.6
75,weekday,18,1728.6,88.5,199.2
75,weekday,19,1276.0,72.1,205.0
75,weekday,20,894.8,52.4,157.9
75,weekday,21,620.5,51.8,150.9
75,weekday,22,409.5,42.8,142.2
75,weekday,23,287.2,31.4,139.8
75,weekend,0,154.9,35.2,152.4
75,weekend,1,73.7,23.1,112.2
75,weekend,2,41.9,13.1,77.8
75,weekend,3,36.1,8.3,65.0
75,weekend,4,62.6,9.6,64.8
75,weekend,5,157.7,15.0,76.4
75,weekend,6,341.0,28.7,115.7
75,weekend,7,607.9,39.9,171.4
75,weekend,8,788.3,41.9,147.7
75,weekend,9,961.8,53.9,150.4
75,weekend,10,1121.0,60.3,168.2
75,weekend,11,1245.3,57.3,172.9
75,weekend,12,1384.1,64.1,168.3
75,weekend,13,1481.0,62.2,159.7
75,weekend,14,1410.1,64.7,180.7
75,weekend,15,1352.0,58.4,170.4
75,weekend,16,1296.0,61.2,173.6
75,weekend,17,1128.0,61.6,163.7
75,weekend,18,1030.9,59.1,181.2
75,weekend,19,869.1,62.1,196.7
75,weekend,20,673.4,45.1,171.0
75,weekend,21,504.2,41.0,181.4
75,weekend,22,371.1,39.1,181.0
75,weekend,23,260.7,33.3,166.4
76,weekday,0,133.3,6.1,189.5
76,weekday,1,70.9,2.5,122.1
76,weekday,2,64.5,2.4,84.5
76,weekday,3,122.2,1.6,83.4
76,weekday,4,405.7,5.0,118.1
76,weekday,5,1208.2,5.3,181.1
76,weekday,6,2304.5,11.3,294.9
76,weekday,7,3543.0,14.4,431.9
76,weekday,8,3126.1,13.5,502.2
76,weekday,9,1707.6,13.3,404.6
76,weekday,10,1232.3,10.6,319.4
76,weekday,11,1128.1,9.8,299.4
76,weekday,12,1125.2,9.2,330.1
76,weekday,13,1304.9,8.9,346.2
76,weekday,14,1330.6,10.2,394.5
76,weekday,15,1332.4,10.5,409.3
76,weekday,16,1295.9,7.5,413.9
76,weekday,17,1157.5,6.6,426.2
76,weekday,18,796.4,4.1,364.4
76,weekday,19,619.8,3.8,328.2
76,weekday,20,521.4,4.6,294.9
76,weekday,21,478.1,4.5,281.4
76,weekday,22,339.1,6.3,283.6
76,weekday,23,233.9,6.0,248.4
76,weekend,0,166.8,8.0,317.8
76,weekend,1,88.9,5.0,233.7
76,weekend,2,56.6,2.2,155.9
76,weekend,3,79.0,3.4,142.8
76,weekend,4,184.2,4.1,145.6
76,weekend,5,409.0,4.7,175.4
76,weekend,6,686.7,8.6,188.2
76,weekend,7,841.7,7.8,231.7
76,weekend,8,955.7,9.7,253.1
76,weekend,9,863.2,12.7,305.3
76,weekend,10,854.1,11.6,337.4
76,weekend,11,843.3,10.8,343.0
76,weekend,12,842.2,12.7,354.3
76,weekend,13,934.0,14.4,369.6
76,weekend,14,936.4,12.4,398.0
76,weekend,15,852.2,9.3,412.9
76,weekend,16,761.3,8.2,400.6
76,weekend,17,674.1,8.0,409.7
76,weekend,18,597.7,8.4,391.3
76,weekend,19,506.3,8.6,377.9
76,weekend,20,449.8,7.4,350.8
76,weekend,21,417.3,9.1,364.0
76,weekend,22,328.6,13.4,359.9
76,weekend,23,222.8,12.6,341.8
77,weekday,0,28.9,1.6,63.2
77,weekday,1,10.7,0.6,35.3
77,weekday,2,5.5,0.4,27.2
77,weekday,3,17.5,0.4,20.6
77,weekday,4,49.9,0.8,29.7
77,weekday,5,204.1,1.2,47.0
77,weekday,6,366.0,2.4,74.0
77,weekday,7,577.2,2.7,103.1
77,weekday,8,439.8,3.2,133.0
77,weekday,9,261.1,3.8,105.4
77,weekday,10,180.5,3.0,83.4
77,weekday,11,176.3,2.4,80.9
77,weekday,12,194.3,2.5,75.9
77,weekday,13,223.0,1.9,78.5
77,weekday,14,255.1,2.8,102.2
77,weekday,15,353.3,2.8,109.9
77,weekday,16,308.9,1.8,107.8
77,weekday,17,291.6,1.5,107.5
77,weekday,18,207.6,1.1,95.9
77,weekday,19,159.6,0.6,77.1
77,weekday,20,114.5,1.1,71.2
77,weekday,21,90.4,0.9,75.6
77,weekday,22,64.1,0.9,67.7
77,weekday,23,42.6,1.3,74.9
77,weekend,0,39.9,2.6,104.1
77,weekend,1,16.9,2.0,85.9
77,weekend,2,10.1,1.9,76.7
77,weekend,3,13.3,1.8,71.3
77,weekend,4,21.8,2.8,69.1
77,weekend,5,55.2,2.6,63.4
77,weekend,6,102.8,2.4,61.8
77,weekend,7,120.6,3.4,75.6
77,weekend,8,146.0,3.9,83.8
77,weekend,9,147.9,3.3,93.7
77,weekend,10,141.1,3.0,102.4
77,weekend,11,131.9,3.8,100.1
77,weekend,12,155.6,3.2,94.4
77,weekend,13,168.4,3.6,94.7
77,weekend,14,174.1,4.0,111.0
77,weekend,15,164.4,4.3,114.1
77,weekend,16,149.7,2.4,102.9
77,weekend,17,133.9,1.9,104.3
77,weekend,18,105.4,2.1,97.9
77,weekend,19,98.6,1.9,95.2
77,weekend,20,91.9,2.2,92.0
77,weekend,21,87.2,3.2,104.1
77,weekend,22,75.6,3.1,97.4
77,weekend,23,52.3,4.7,97.8
78,weekday,0,60.3,0.9,83.8
78,weekday,1,43.0,0.6,50.6
78,weekday,2,42.2,0.4,34.8
78,weekday,3,74.6,0.1,31.1
78,weekday,4,214.4,0.6,37.0
78,weekday,5,641.7,0.5,63.8
78,weekday,6,1093.1,1.1,100.3
78,weekday,7,1469.5,2.6,172.4
78,weekday,8,1222.5,2.9,220.6
78,weekday,9,700.8,3.0,186.7
78,weekday,10,499.5,1.2,141.8
78,weekday,11,434.8,1.1,127.0
78,weekday,12,462.8,1.4,130.2
78,weekday,13,564.3,1.3,138.3
78,weekday,14,716.8,1.6,146.2
78,weekday,15,784.7,1.6,150.1
78,weekday,16,758.0,1.4,154.7
78,weekday,17,653.5,1.0,163.1
78,weekday,18,412.9,0.8,135.9
78,weekday,19,298.7,0.7,115.8
78,weekday,20,239.6,0.5,96.6
78,weekday,21,208.5,0.5,101.5
78,weekday,22,138.4,1.1,106.5
78,weekday,23,89.6,0.8,103.3
78,weekend,0,79.3,3.1,144.6
78,weekend,1,42.1,1.6,104.4
78,weekend,2,31.6,1.3,86.4
78,weekend,3,33.6,0.7,67.9
78,weekend,4,77.8,1.7,65.3
78,weekend,5,185.7,0.2,59.4
78,weekend,6,342.8,1.2,71.3
78,weekend,7,394.0,2.2,98.4
78,weekend,8,400.3,2.3,109.2
78,weekend,9,387.3,3.4,119.7
78,weekend,10,353.2,2.4,124.0
78,weekend,11,340.2,2.8,124.7
78,weekend,12,385.1,1.6,118.7
78,weekend,13,446.7,2.7,119.4
78,weekend,14,469.7,2.0,131.4
78,weekend,15,446.8,2.4,137.7
78,weekend,16,419.1,2.7,135.2
78,weekend,17,455.6,2.7,132.4
78,weekend,18,298.6,1.8,138.6
78,weekend,19,237.3,2.0,139.4
78,weekend,20,204.6,1.0,133.1
78,weekend,21,184.3,2.3,140.3
78,weekend,22,150.2,1.9,149.0
78,weekend,23,93.4,2.9,147.9
79,weekday,0,336.9,110.6,293.2
79,weekday,1,137.0,72.7,215.0
79,weekday,2,81.1,44.1,157.6
79,weekday,3,48.0,30.9,114.7
79,weekday,4,56.2,22.8,100.8
79,weekday,5,123.8,19.2,102.9
79,weekday,6,474.9,45.4,143.1
79,weekday,7,1470.6,71.0,188.6
79,weekday,8,3285.6,96.7,240.1
79,weekday,9,2078.4,118.6,272.6
79,weekday,10,1246.5,85.6,210.4
79,weekday,11,1186.6,74.8,185.0
79,weekday,12,1231.1,77.9,188.1
79,weekday,13,1345.9,81.3,186.5
79,weekday,14,1840.5,86.8,193.2
79,weekday,15,2285.2,98.9,187.8
79,weekday,16,2471.9,93.6,200.8
79,weekday,17,2757.7,119.5,237.1
79,weekday,18,2608.7,160.3,311.6
79,weekday,19,2199.4,170.2,381.6
79,weekday,20,1970.2,174.9,403.9
79,weekday,21,1852.7,250.4,435.1
79,weekday,22,1509.8,292.8,437.2
79,weekday,23,849.1,242.4,420.2
79,weekend,0,1352.4,719.3,877.0
79,weekend,1,844.2,751.9,957.9
79,weekend,2,555.3,644.9,858.7
79,weekend,3,345.0,395.8,608.0
79,weekend,4,190.3,181.0,300.8
79,weekend,5,106.6,47.6,147.2
79,weekend,6,160.0,31.2,121.3
79,weekend,7,294.9,33.7,117.1
79,weekend,8,502.8,51.3,161.7
79,weekend,9,778.2,80.1,215.4
79,weekend,10,1161.8,106.8,271.8
79,weekend,11,1506.7,129.7,309.2
79,weekend,12,1845.2,158.2,340.9
79,weekend,13,2115.6,181.3,333.8
79,weekend,14,2129.7,171.6,332.6
79,weekend,15,2161.7,170.9,340.4
79,weekend,16,2155.3,172.3,356.1
79,weekend,17,2135.7,179.0,382.9
79,weekend,18,2141.3,209.9,435.9
79,weekend,19,1969.4,205.0,484.4
79,weekend,20,1734.3,203.2,488.7
79,weekend,21,1568.3,224.6,552.0
79,weekend,22,1491.6,274.2,585.3
79,weekend,23,1103.8,320.0,572.9
80,weekday,0,93.6,11.8,229.4
80,weekday,1,41.2,7.0,121.1
80,weekday,2,29.9,5.6,90.5
80,weekday,3,23.9,3.2,81.8
80,weekday,4,56.8,3.1,95.5
80,weekday,5,261.2,1.9,90.6
80,weekday,6,699.7,3.4,108.8
80,weekday,7,1520.3,3.6,130.2
80,weekday,8,2568.9,6.3,157.6
80,weekday,9,1672.8,5.9,164.8
80,weekday,10,952.5,4.0,143.5
80,weekday,11,824.7,4.7,135.3
80,weekday,12,805.3,4.3,138.8
80,weekday,13,845.8,4.3,140.5
80,weekday,14,1157.3,4.7,147.0
80,weekday,15,1270.5,4.4,153.9
80,weekday,16,1364.9,4.9,166.2
80,weekday,17,1542.1,5.6,207.0
80,weekday,18,1285.5,8.0,234.6
80,weekday,19,922.1,6.1,240.3
80,weekday,20,643.9,5.4,202.7
80,weekday,21,505.1,6.2,226.8
80,weekday,22,444.0,13.4,256.9
80,weekday,23,267.0,14.4,278.1
80,weekend,0,354.9,50.0,812.8
80,weekend,1,215.8,53.4,712.6
80,weekend,2,247.1,58.3,737.0
80,weekend,3,111.4,47.9,540.1
80,weekend,4,68.3,34.9,357.6
80,weekend,5,77.4,13.8,165.0
80,weekend,6,163.8,6.2,124.0
80,weekend,7,251.9,4.4,120.2
80,weekend,8,382.9,4.9,144.2
80,weekend,9,529.0,5.2,173.0
80,weekend,10,644.3,6.8,202.6
80,weekend,11,789.8,7.2,231.0
80,weekend,12,886.8,8.9,250.8
80,weekend,13,956.8,11.2,276.3
80,weekend,14,900.6,13.8,288.6
80,weekend,15,872.6,10.4,295.1
80,weekend,16,880.9,11.7,311.3
80,weekend,17,826.1,9.2,341.9
80,weekend,18,790.1,15.1,387.0
80,weekend,19,660.1,10.2,381.0
80,weekend,20,540.6,13.1,381.1
80,weekend,21,449.7,18.1,392.2
80,weekend,22,403.0,22.6,437.2
80,weekend,23,308.2,27.1,492.0
81,weekday,0,6.7,0.3,41.9
81,weekday,1,3.9,0.2,25.4
81,weekday,2,3.9,0.1,18.2
81,weekday,3,10.2,0.1,19.0
81,weekday,4,36.8,0.2,24.0
81,weekday,5,181.5,1.0,39.9
81,weekday,6,345.8,1.5,88.5
81,weekday,7,453.0,2.7,128.2
81,weekday,8,283.9,3.4,146.8
81,weekday,9,142.7,1.5,114.5
81,weekday,10,104.3,1.4,97.4
81,weekday,11,90.8,1.1,87.9
81,weekday,12,87.8,1.2,87.3
81,weekday,13,113.2,1.1,89.2
81,weekday,14,125.1,1.3,110.1
81,weekday,15,149.1,1.3,113.1
81,weekday,16,155.5,0.8,104.2
81,weekday,17,137.8,0.6,104.9
81,weekday,18,107.5,0.5,93.3
81,weekday,19,63.5,0.3,78.2
81,weekday,20,56.2,0.3,71.8
81,weekday,21,33.4,0.4,72.1
81,weekday,22,24.5,0.9,78.1
81,weekday,23,11.6,0.8,73.6
81,weekend,0,12.6,0.7,80.6
81,weekend,1,6.7,0.8,66.3
81,weekend,2,4.8,0.2,42.4
81,weekend,3,8.0,0.7,35.2
81,weekend,4,16.3,0.6,28.6
81,weekend,5,25.4,0.9,31.9
81,weekend,6,45.2,1.0,55.8
81,weekend,7,48.4,1.4,76.4
81,weekend,8,46.6,1.4,70.7
81,weekend,9,45.8,1.9,89.3
81,weekend,10,42.2,2.0,103.2
81,weekend,11,45.7,1.3,102.8
81,weekend,12,52.4,1.0,95.3
81,weekend,13,51.2,1.3,101.8
81,weekend,14,58.7,1.7,117.8
81,weekend,15,53.2,0.6,106.8
81,weekend,16,54.6,1.3,102.6
81,weekend,17,48.9,1.9,98.7
81,weekend,18,45.3,1.7,98.1
81,weekend,19,32.7,1.1,86.1
81,weekend,20,32.1,1.1,86.7
81,weekend,21,25.7,1.1,92.9
81,weekend,22,17.8,1.1,94.1
81,weekend,23,8.2,2.3,97.4
82,weekday,0,505.5,6.9,152.5
82,weekday,1,248.1,4.1,103.6
82,weekday,2,204.2,2.4,70.1
82,weekday,3,349.6,4.3,69.1
82,weekday,4,1181.3,5.2,97.3
82,weekday,5,4349.3,3.9,106.5
82,weekday,6,8261.9,3.2,147.2
82,weekday,7,12499.5,5.2,212.2
82,weekday,8,12729.0,6.5,240.8
82,weekday,9,8066.3,3.6,213.1
82,weekday,10,6144.5,3.8,205.0
82,weekday,11,4598.6,5.1,192.8
82,weekday,12,4437.4,6.2,203.1
82,weekday,13,4949.4,8.2,225.0
82,weekday,14,5526.2,9.4,240.6
82,weekday,15,5788.8,9.6,240.7
82,weekday,16,5688.7,12.0,250.8
82,weekday,17,5273.5,12.2,254.8
82,weekday,18,4259.7,12.4,252.4
82,weekday,19,3231.9,10.4,233.8
82,weekday,20,2559.5,9.6,218.5
82,weekday,21,2084.1,7.9,225.0
82,weekday,22,1404.5,9.1,194.2
82,weekday,23,925.8,6.7,184.1
82,weekend,0,689.3,9.4,250.3
82,weekend,1,409.7,7.4,211.2
82,weekend,2,292.1,6.2,163.7
82,weekend,3,314.9,5.9,133.9
82,weekend,4,689.1,9.0,149.1
82,weekend,5,1543.4,6.3,134.1
82,weekend,6,2752.4,5.4,139.0
82,weekend,7,3700.4,5.2,153.3
82,weekend,8,4307.2,6.0,196.6
82,weekend,9,4831.3,6.1,214.7
82,weekend,10,5010.6,6.6,241.0
82,weekend,11,4193.6,7.7,244.9
82,weekend,12,4259.1,9.0,229.7
82,weekend,13,4748.1,9.3,260.8
82,weekend,14,5038.6,10.2,284.0
82,weekend,15,4846.7,11.8,303.1
82,weekend,16,4234.0,10.3,303.8
82,weekend,17,3812.1,14.1,304.1
82,weekend,18,3420.0,14.6,318.2
82,weekend,19,2824.4,10.7,306.7
82,weekend,20,2554.9,16.2,292.9
82,weekend,21,2123.3,15.7,277.2
82,weekend,22,1551.3,15.1,240.6
82,weekend,23,1012.8,15.6,248.9
83,weekday,0,0.0,2.9,39.3
83,weekday,1,0.0,1.3,27.2
83,weekday,2,0.0,1.6,24.0
83,weekday,3,0.0,1.1,21.5
83,weekday,4,0.0,2.0,36.8
83,weekday,5,0.0,2.2,42.4
83,weekday,6,0.0,2.2,72.7
83,weekday,7,0.0,3.8,98.8
83,weekday,8,0.0,3.4,122.5
83,weekday,9,0.0,2.9,100.0
83,weekday,10,0.0,2.5,87.2
83,weekday,11,0.0,2.9,70.2
83,weekday,12,0.0,2.2,71.5
83,weekday,13,0.0,2.8,70.2
83,weekday,14,0.0,3.6,82.0
83,weekday,15,0.0,3.0,75.6
83,weekday,16,0.0,3.5,65.0
83,weekday,17,0.0,3.2,71.4
83,weekday,18,0.0,3.2,68.1
83,weekday,19,0.0,1.9,63.0
83,weekday,20,0.0,1.8,51.2
83,weekday,21,0.0,1.8,59.4
83,weekday,22,0.0,2.8,54.1
83,weekday,23,0.0,2.6,46.5
83,weekend,0,0.0,3.1,79.6
83,weekend,1,0.0,2.3,64.0
83,weekend,2,0.0,2.2,57.4
83,weekend,3,0.0,3.3,57.9
83,weekend,4,0.0,5.2,72.3
83,weekend,5,0.0,3.3,40.4
83,weekend,6,0.0,3.4,61.3
83,weekend,7,0.0,2.7,60.4
83,weekend,8,0.0,3.2,79.6
83,weekend,9,0.0,3.0,88.8
83,weekend,10,0.0,3.4,98.7
83,weekend,11,0.0,5.2,105.1
83,weekend,12,0.0,3.6,89.4
83,weekend,13,0.0,4.4,89.8
83,weekend,14,0.0,4.7,89.6
83,weekend,15,0.0,1.6,83.6
83,weekend,16,0.0,4.0,81.6
83,weekend,17,0.0,6.1,80.4
83,weekend,18,0.0,3.8,87.9
83,weekend,19,0.0,3.3,74.3
83,weekend,20,0.0,2.9,74.7
83,weekend,21,0.0,4.7,79.1
83,weekend,22,0.0,6.9,79.6
83,weekend,23,0.0,5.6,81.9
84,weekday,0,0.0,0.0,7.2
84,weekday,1,0.0,0.0,4.9
84,weekday,2,0.0,0.0,2.8
84,weekday,3,0.0,0.0,2.8
84,weekday,4,0.0,0.0,3.2
84,weekday,5,0.0,0.0,4.0
84,weekday,6,0.0,0.0,8.6
84,weekday,7,0.0,0.0,22.2
84,weekday,8,0.0,0.0,29.5
84,weekday,9,0.0,0.1,19.5
84,weekday,10,0.0,0.0,15.6
84,weekday,11,0.0,0.0,16.8
84,weekday,12,0.0,0.0,16.8
84,weekday,13,0.0,0.0,17.3
84,weekday,14,0.0,0.0,21.2
84,weekday,15,0.0,0.0,22.9
84,weekday,16,0.0,0.0,19.3
84,weekday,17,0.0,0.0,18.0
84,weekday,18,0.0,0.0,15.4
84,weekday,19,0.0,0.0,13.3
84,weekday,20,0.0,0.0,11.4
84,weekday,21,0.0,0.0,10.0
84,weekday,22,0.0,0.0,9.9
84,weekday,23,0.0,0.0,8.4
84,weekend,0,0.0,0.0,16.9
84,weekend,1,0.0,0.0,18.4
84,weekend,2,0.0,0.0,12.9
84,weekend,3,0.0,0.0,14.4
84,weekend,4,0.0,0.0,8.3
84,weekend,5,0.0,0.0,5.1
84,weekend,6,0.0,0.0,8.2
84,weekend,7,0.0,0.0,9.7
84,weekend,8,0.0,0.0,13.4
84,weekend,9,0.0,0.0,12.8
84,weekend,10,0.0,0.0,15.2
84,weekend,11,0.0,0.0,13.4
84,weekend,12,0.0,0.0,15.1
84,weekend,13,0.0,0.0,14.2
84,weekend,14,0.0,0.0,15.0
84,weekend,15,0.0,0.0,19.7
84,weekend,16,0.0,0.0,16.1
84,weekend,17,0.0,0.0,16.2
84,weekend,18,0.0,0.0,21.7
84,weekend,19,0.0,0.0,18.4
84,weekend,20,0.0,0.0,15.2
84,weekend,21,0.0,0.0,15.8
84,weekend,22,0.0,0.0,12.1
84,weekend,23,0.0,0.0,15.3
85,weekday,0,5.4,1.5,57.6
85,weekday,1,4.6,0.4,31.9
85,weekday,2,5.8,0.4,25.4
85,weekday,3,10.2,0.5,21.2
85,weekday,4,51.6,0.9,30.7
85,weekday,5,126.0,1.5,40.6
85,weekday,6,268.9,2.9,70.7
85,weekday,7,529.1,4.3,99.4
85,weekday,8,485.3,4.5,122.7
85,weekday,9,251.2,3.4,103.5
85,weekday,10,156.2,3.2,82.2
85,weekday,11,136.0,2.9,77.5
85,weekday,12,140.1,2.9,81.8
85,weekday,13,165.5,3.8,86.9
85,weekday,14,158.1,4.2,94.1
85,weekday,15,171.5,3.4,93.1
85,weekday,16,198.4,3.2,99.3
85,weekday,17,167.1,2.6,104.9
85,weekday,18,104.4,2.2,112.6
85,weekday,19,68.1,1.9,102.4
85,weekday,20,54.4,2.2,89.5
85,weekday,21,48.4,1.8,89.7
85,weekday,22,32.6,1.9,88.9
85,weekday,23,19.1,2.1,81.9
85,weekend,0,7.2,5.7,124.4
85,weekend,1,5.4,2.4,91.0
85,weekend,2,5.6,0.8,61.6
85,weekend,3,7.1,2.0,51.1
85,weekend,4,18.3,1.8,41.7
85,weekend,5,29.3,1.7,39.6
85,weekend,6,57.0,3.0,58.3
85,weekend,7,70.0,3.2,77.1
85,weekend,8,79.4,3.7,96.9
85,weekend,9,79.6,4.2,103.1
85,weekend,10,88.3,3.9,124.2
85,weekend,11,98.3,4.7,126.9
85,weekend,12,97.6,5.0,123.6
85,weekend,13,110.0,5.3,126.2
85,weekend,14,113.4,6.0,133.7
85,weekend,15,87.6,4.9,128.3
85,weekend,16,78.1,7.0,144.1
85,weekend,17,66.7,5.4,142.4
85,weekend,18,61.0,3.6,128.4
85,weekend,19,55.9,4.0,129.2
85,weekend,20,35.9,3.9,111.6
85,weekend,21,37.0,4.3,121.3
85,weekend,22,26.4,4.9,117.3
85,weekend,23,13.4,5.9,114.6
86,weekday,0,37.5,0.2,35.5
86,weekday,1,33.5,0.2,22.1
86,weekday,2,31.1,0.1,15.3
86,weekday,3,41.1,0.0,15.9
86,weekday,4,111.5,0.3,20.2
86,weekday,5,303.6,1.9,34.8
86,weekday,6,429.2,1.6,58.4
86,weekday,7,529.2,2.4,89.8
86,weekday,8,323.9,2.5,120.5
86,weekday,9,198.1,1.5,102.8
86,weekday,10,168.4,0.9,83.4
86,weekday,11,183.2,1.0,73.6
86,weekday,12,199.2,1.2,74.0
86,weekday,13,221.9,1.6,82.2
86,weekday,14,239.6,1.2,86.9
86,weekday,15,315.8,1.2,87.4
86,weekday,16,309.2,0.8,80.3
86,weekday,17,283.2,0.8,76.4
86,weekday,18,186.3,0.5,74.2
86,weekday,19,133.9,0.6,65.4
86,weekday,20,120.9,0.4,56.3
86,weekday,21,99.4,0.2,52.9
86,weekday,22,68.6,0.6,56.0
86,weekday,23,37.0,1.0,53.9
86,weekend,0,37.1,0.7,57.7
86,weekend,1,37.1,0.2,40.6
86,weekend,2,31.0,0.2,33.2
86,weekend,3,29.6,0.1,22.9
86,weekend,4,47.8,0.3,19.1
86,weekend,5,83.9,0.8,31.1
86,weekend,6,122.2,0.6,43.9
86,weekend,7,147.8,1.0,61.2
86,weekend,8,150.9,1.6,61.9
86,weekend,9,130.9,2.0,63.6
86,weekend,10,133.3,1.8,66.6
86,weekend,11,138.9,1.3,64.1
86,weekend,12,148.6,1.4,68.4
86,weekend,13,159.1,1.2,62.1
86,weekend,14,167.3,1.0,75.9
86,weekend,15,159.8,0.9,80.2
86,weekend,16,150.7,0.3,65.1
86,weekend,17,144.7,1.0,64.2
86,weekend,18,123.6,0.1,62.4
86,weekend,19,106.7,0.7,66.3
86,weekend,20,97.4,0.7,58.1
86,weekend,21,99.7,0.4,58.3
86,weekend,22,64.2,0.8,58.0
86,weekend,23,41.3,0.8,64.2
87,weekday,0,644.1,22.3,98.9
87,weekday,1,196.8,8.3,53.0
87,weekday,2,89.3,3.1,25.4
87,weekday,3,72.9,2.4,25.0
87,weekday,4,91.8,2.8,48.8
87,weekday,5,492.4,6.2,72.8
87,weekday,6,1594.9,13.8,114.5
87,weekday,7,4054.6,24.0,162.4
87,weekday,8,6799.2,46.2,226.6
87,weekday,9,4576.5,37.0,194.5
87,weekday,10,3078.5,30.1,161.3
87,weekday,11,3245.6,35.2,170.2
87,weekday,12,3726.5,35.4,170.1
87,weekday,13,4160.5,38.8,160.5
87,weekday,14,5291.0,38.4,165.9
87,weekday,15,7503.9,48.4,164.6
87,weekday,16,11692.3,62.1,190.2
87,weekday,17,18165.4,83.8,230.9
87,weekday,18,11579.2,97.9,260.0
87,weekday,19,5902.4,78.9,259.6
87,weekday,20,3810.1,80.1,251.5
87,weekday,21,3033.9,98.5,272.4
87,weekday,22,2302.5,85.2,249.5
87,weekday,23,1334.9,56.4,182.4
87,weekend,0,1053.7,118.9,262.0
87,weekend,1,476.9,87.6,214.8
87,weekend,2,233.4,51.2,139.2
87,weekend,3,138.3,18.9,81.0
87,weekend,4,102.2,13.2,65.9
87,weekend,5,145.8,7.3,64.2
87,weekend,6,387.9,7.9,71.2
87,weekend,7,770.7,11.8,84.7
87,weekend,8,1147.9,16.9,116.2
87,weekend,9,1720.6,26.7,155.0
87,weekend,10,2426.4,38.0,198.2
87,weekend,11,3140.8,51.6,222.6
87,weekend,12,3474.0,57.6,225.2
87,weekend,13,3745.9,62.4,218.1
87,weekend,14,3816.3,57.0,205.9
87,weekend,15,4100.4,55.1,196.7
87,weekend,16,4344.1,65.9,217.1
87,weekend,17,4247.6,70.3,225.3
87,weekend,18,3916.4,82.2,256.7
87,weekend,19,3209.4,70.1,244.7
87,weekend,20,2597.7,66.8,251.4
87,weekend,21,2547.4,72.1,255.8
87,weekend,22,2175.2,76.6,264.7
87,weekend,23,1384.3,74.6,212.4
88,weekday,0,131.6,11.3,51.8
88,weekday,1,59.5,4.7,31.1
88,weekday,2,31.6,1.9,17.6
88,weekday,3,46.6,1.1,11.1
88,weekday,4,90.9,0.8,14.3
88,weekday,5,301.4,1.5,15.8
88,weekday,6,644.3,2.5,25.2
88,weekday,7,1348.8,5.5,40.8
88,weekday,8,1516.8,10.9,49.0
88,weekday,9,868.9,10.3,49.2
88,weekday,10,646.1,15.0,47.6
88,weekday,11,804.8,17.8,66.1
88,weekday,12,1004.8,22.8,74.9
88,weekday,13,1261.2,26.5,83.0
88,weekday,14,1474.2,31.0,89.1
88,weekday,15,1981.5,33.9,92.8
88,weekday,16,2593.4,41.6,103.1
88,weekday,17,3401.1,51.6,121.4
88,weekday,18,1797.2,49.1,125.8
88,weekday,19,926.6,36.6,104.7
88,weekday,20,685.9,39.3,128.6
88,weekday,21,532.1,40.8,125.6
88,weekday,22,369.5,41.5,123.5
88,weekday,23,207.1,24.8,95.2
88,weekend,0,189.3,41.0,116.8
88,weekend,1,85.4,30.1,100.0
88,weekend,2,54.7,21.6,72.9
88,weekend,3,43.3,8.7,35.8
88,weekend,4,48.4,3.4,20.6
88,weekend,5,94.8,1.2,18.3
88,weekend,6,189.0,2.1,18.1
88,weekend,7,285.2,2.7,24.1
88,weekend,8,306.0,5.9,21.8
88,weekend,9,372.3,8.3,33.1
88,weekend,10,497.1,12.2,47.0
88,weekend,11,634.0,19.9,59.2
88,weekend,12,925.4,28.0,70.7
88,weekend,13,1069.4,32.1,74.1
88,weekend,14,1222.3,35.2,81.2
88,weekend,15,1330.1,38.3,91.9
88,weekend,16,1408.3,39.4,93.2
88,weekend,17,1478.1,42.8,97.3
88,weekend,18,1175.0,40.6,80.3
88,weekend,19,784.6,28.6,77.7
88,weekend,20,635.0,25.3,75.6
88,weekend,21,604.6,22.4,75.4
88,weekend,22,431.2,22.7,78.8
88,weekend,23,224.8,25.6,76.9
89,weekday,0,109.8,3.5,127.2
89,weekday,1,67.2,1.7,81.3
89,weekday,2,61.5,1.1,48.5
89,weekday,3,122.1,0.6,49.2
89,weekday,4,367.9,2.8,75.5
89,weekday,5,1203.9,4.5,116.6
89,weekday,6,2915.2,7.9,186.9
89,weekday,7,5505.3,10.9,261.2
89,weekday,8,5968.1,13.9,329.8
89,weekday,9,3328.5,11.1,286.0
89,weekday,10,2102.7,8.7,243.5
89,weekday,11,1926.5,6.2,227.1
89,weekday,12,1827.5,8.5,238.1
89,weekday,13,2076.4,8.2,230.7
89,weekday,14,2153.8,9.1,256.7
89,weekday,15,2047.2,8.4,250.4
89,weekday,16,2053.1,6.1,258.1
89,weekday,17,2207.5,7.5,284.1
89,weekday,18,1769.8,8.4,301.9
89,weekday,19,1191.2,4.9,271.2
89,weekday,20,858.7,5.2,221.8
89,weekday,21,649.2,4.6,206.4
89,weekday,22,449.9,5.3,211.3
89,weekday,23,234.4,5.5,191.9
89,weekend,0,162.8,9.1,257.4
89,weekend,1,89.8,4.1,165.7
89,weekend,2,60.7,3.0,113.7
89,weekend,3,65.9,2.1,92.2
89,weekend,4,159.0,2.0,86.9
89,weekend,5,404.7,3.1,91.3
89,weekend,6,773.3,4.9,119.6
89,weekend,7,970.2,8.0,172.1
89,weekend,8,1193.3,9.2,214.3
89,weekend,9,1446.7,9.0,265.0
89,weekend,10,1443.2,10.2,317.2
89,weekend,11,1592.2,9.6,296.0
89,weekend,12,1708.0,8.8,293.0
89,weekend,13,1807.1,9.9,280.2
89,weekend,14,1681.1,10.1,317.9
89,weekend,15,1422.1,10.8,320.0
89,weekend,16,1342.4,9.3,312.1
89,weekend,17,1252.8,10.2,311.7
89,weekend,18,1131.7,9.2,317.0
89,weekend,19,897.0,8.9,301.7
89,weekend,20,725.0,9.9,280.6
89,weekend,21,574.9,9.4,284.7
89,weekend,22,430.1,12.8,283.6
89,weekend,23,228.4,10.2,261.8
90,weekday,0,558.3,44.8,103.6
90,weekday,1,204.6,25.7,68.7
90,weekday,2,117.4,13.6,57.1
90,weekday,3,77.2,9.6,43.0
90,weekday,4,83.7,10.5,50.5
90,weekday,5,192.0,11.8,76.9
90,weekday,6,721.1,26.9,127.1
90,weekday,7,2051.3,50.1,182.1
90,weekday,8,4538.8,97.6,246.6
90,weekday,9,3464.6,101.1,244.5
90,weekday,10,2393.4,83.1,189.3
90,weekday,11,2388.0,87.6,176.6
90,weekday,12,2697.2,89.3,169.8
90,weekday,13,3018.6,96.5,165.1
90,weekday,14,3574.9,100.7,162.4
90,weekday,15,4972.5,106.6,163.4
90,weekday,16,5782.2,115.2,180.2
90,weekday,17,7373.1,139.4,222.4
90,weekday,18,6667.9,176.2,262.9
90,weekday,19,4595.8,150.1,252.1
90,weekday,20,3766.1,136.8,214.8
90,weekday,21,3241.4,164.1,195.2
90,weekday,22,2364.8,139.9,179.9
90,weekday,23,1406.1,101.5,168.6
90,weekend,0,1501.0,184.0,255.8
90,weekend,1,784.0,159.8,226.8
90,weekend,2,452.4,121.8,214.0
90,weekend,3,254.3,89.2,161.9
90,weekend,4,190.9,60.9,125.0
90,weekend,5,132.6,21.9,85.1
90,weekend,6,255.3,16.1,75.3
90,weekend,7,445.6,23.0,79.1
90,weekend,8,714.8,41.6,118.4
90,weekend,9,1143.3,57.7,139.4
90,weekend,10,1785.9,76.0,192.9
90,weekend,11,2412.4,92.7,216.9
90,weekend,12,3044.3,110.8,205.2
90,weekend,13,3646.6,118.4,201.9
90,weekend,14,3873.1,111.9,202.4
90,weekend,15,4272.2,110.1,185.1
90,weekend,16,4601.8,110.6,199.1
90,weekend,17,4342.6,128.6,212.1
90,weekend,18,4155.8,129.9,228.9
90,weekend,19,3483.1,111.9,232.6
90,weekend,20,2786.1,91.7,206.6
90,weekend,21,2534.2,103.6,217.0
90,weekend,22,2127.1,109.0,199.1
90,weekend,23,1560.1,101.9,190.3
91,weekday,0,0.0,1.3,71.6
91,weekday,1,0.0,1.1,45.2
91,weekday,2,0.0,0.5,37.5
91,weekday,3,0.0,0.5,36.6
91,weekday,4,0.0,0.8,54.2
91,weekday,5,0.0,2.7,84.0
91,weekday,6,0.0,5.7,129.9
91,weekday,7,0.0,9.5,200.7
91,weekday,8,0.0,8.8,246.3
91,weekday,9,0.0,7.2,212.7
91,weekday,10,0.0,5.4,170.6
91,weekday,11,0.0,5.5,157.7
91,weekday,12,0.0,6.6,154.5
91,weekday,13,0.0,6.2,161.5
91,weekday,14,0.0,4.9,188.5
91,weekday,15,0.0,4.7,171.8
91,weekday,16,0.0,3.5,169.9
91,weekday,17,0.0,3.0,178.7
91,weekday,18,0.0,2.5,163.6
91,weekday,19,0.0,2.6,147.0
91,weekday,20,0.0,2.2,120.5
91,weekday,21,0.0,1.4,117.7
91,weekday,22,0.0,1.9,117.1
91,weekday,23,0.0,2.0,109.8
91,weekend,0,0.0,3.3,135.6
91,weekend,1,0.0,2.2,102.1
91,weekend,2,0.0,1.3,79.8
91,weekend,3,0.0,1.2,59.0
91,weekend,4,0.0,1.7,65.3
91,weekend,5,0.0,1.4,67.4
91,weekend,6,0.0,2.4,84.7
91,weekend,7,0.0,4.9,110.9
91,weekend,8,0.0,5.7,126.3
91,weekend,9,0.0,6.9,161.8
91,weekend,10,0.0,4.3,183.0
91,weekend,11,0.0,5.4,185.2
91,weekend,12,0.0,4.4,177.2
91,weekend,13,0.0,6.4,170.1
91,weekend,14,0.0,5.4,194.8
91,weekend,15,0.0,5.8,191.1
91,weekend,16,0.0,3.8,174.6
91,weekend,17,0.0,4.4,169.2
91,weekend,18,0.0,5.2,169.0
91,weekend,19,0.0,4.4,157.7
91,weekend,20,0.0,4.2,156.2
91,weekend,21,0.0,3.9,156.8
91,weekend,22,0.0,4.2,155.1
91,weekend,23,0.0,4.2,133.9
92,weekday,0,240.9,4.4,108.1
92,weekday,1,122.6,1.8,80.5
92,weekday,2,82.1,0.8,58.6
92,weekday,3,119.4,0.6,48.8
92,weekday,4,406.5,0.7,69.5
92,weekday,5,1757.9,1.0,73.0
92,weekday,6,3240.4,0.9,99.5
92,weekday,7,5080.4,2.6,150.6
92,weekday,8,4917.4,1.5,168.1
92,weekday,9,3358.4,2.1,152.8
92,weekday,10,2375.5,1.7,154.9
92,weekday,11,1981.2,2.2,157.5
92,weekday,12,1997.4,2.0,169.1
92,weekday,13,2201.8,2.6,177.9
92,weekday,14,2338.0,3.9,191.2
92,weekday,15,2650.1,2.6,185.4
92,weekday,16,2734.4,2.2,183.7
92,weekday,17,3145.5,2.6,205.3
92,weekday,18,2564.3,2.6,209.9
92,weekday,19,1821.8,1.7,188.8
92,weekday,20,1603.1,3.2,169.7
92,weekday,21,1305.1,2.5,165.8
92,weekday,22,951.9,5.4,168.8
92,weekday,23,503.8,4.4,138.9
92,weekend,0,369.2,7.1,168.1
92,weekend,1,180.2,4.2,152.4
92,weekend,2,112.0,3.0,122.9
92,weekend,3,86.2,3.2,94.2
92,weekend,4,158.9,3.2,93.2
92,weekend,5,423.8,1.9,83.2
92,weekend,6,860.0,1.7,88.3
92,weekend,7,1333.3,1.6,95.7
92,weekend,8,1654.8,1.6,114.9
92,weekend,9,2111.8,0.6,136.3
92,weekend,10,1971.4,2.0,160.0
92,weekend,11,1824.9,2.4,180.3
92,weekend,12,1956.7,2.6,192.1
92,weekend,13,2124.2,2.8,202.6
92,weekend,14,2269.6,3.7,205.4
92,weekend,15,2456.9,2.9,220.8
92,weekend,16,2371.6,2.9,227.9
92,weekend,17,2322.4,3.0,224.3
92,weekend,18,1999.2,3.8,224.3
92,weekend,19,1784.9,3.9,218.6
92,weekend,20,1687.3,6.8,193.8
92,weekend,21,1425.4,7.3,206.1
92,weekend,22,1130.6,10.6,199.2
92,weekend,23,629.3,9.9,169.3
93,weekday,0,132.1,5.2,43.8
93,weekday,1,56.6,1.1,7.5
93,weekday,2,48.9,0.5,5.4
93,weekday,3,62.2,0.2,3.7
93,weekday,4,210.9,0.4,4.2
93,weekday,5,640.1,0.5,3.9
93,weekday,6,1425.6,0.9,4.3
93,weekday,7,2368.5,0.4,6.8
93,weekday,8,2454.2,0.5,8.1
93,weekday,9,1437.4,0.6,12.8
93,weekday,10,1026.7,0.8,21.1
93,weekday,11,906.9,0.4,21.5
93,weekday,12,877.0,1.1,15.4
93,weekday,13,882.2,0.8,21.2
93,weekday,14,1039.6,1.2,19.8
93,weekday,15,1522.8,1.6,24.2
93,weekday,16,1631.2,2.9,33.2
93,weekday,17,1594.6,1.3,28.9
93,weekday,18,943.1,1.6,24.9
93,weekday,19,658.2,1.6,24.0
93,weekday,20,688.9,2.9,38.8
93,weekday,21,2014.8,14.2,103.9
93,weekday,22,2235.3,20.1,123.8
93,weekday,23,1233.7,10.9,70.6
93,weekend,0,146.0,6.4,72.0
93,weekend,1,64.0,0.9,12.4
93,weekend,2,52.1,0.0,7.4
93,weekend,3,34.1,0.1,3.3
93,weekend,4,83.9,1.1,8.9
93,weekend,5,207.9,0.9,6.2
93,weekend,6,399.1,1.2,4.6
93,weekend,7,520.1,1.1,5.7
93,weekend,8,668.8,1.4,8.6
93,weekend,9,1030.6,1.3,24.3
93,weekend,10,874.0,0.7,23.2
93,weekend,11,726.4,1.3,17.0
93,weekend,12,802.3,2.6,39.6
93,weekend,13,896.6,2.7,49.0
93,weekend,14,827.0,1.3,38.8
93,weekend,15,1028.8,2.1,39.2
93,weekend,16,1707.4,5.7,63.4
93,weekend,17,1134.4,5.0,62.9
93,weekend,18,822.8,4.1,69.7
93,weekend,19,955.0,4.8,72.8
93,weekend,20,1094.1,6.2,76.0
93,weekend,21,917.1,8.4,87.4
93,weekend,22,1738.1,8.3,94.6
93,weekend,23,702.8,6.6,78.2
94,weekday,0,29.1,0.4,46.9
94,weekday,1,16.6,0.2,26.6
94,weekday,2,16.3,0.2,15.8
94,weekday,3,41.7,0.1,14.9
94,weekday,4,133.7,0.5,22.2
94,weekday,5,424.1,1.2,23.2
94,weekday,6,611.1,0.5,47.6
94,weekday,7,835.3,1.0,69.7
94,weekday,8,763.8,1.4,102.4
94,weekday,9,446.6,0.8,83.4
94,weekday,10,306.1,0.5,62.8
94,weekday,11,274.4,0.6,55.5
94,weekday,12,285.9,0.9,55.5
94,weekday,13,347.2,0.9,63.4
94,weekday,14,409.1,0.5,68.5
94,weekday,15,461.2,0.2,65.8
94,weekday,16,350.6,0.2,66.9
94,weekday,17,288.4,0.6,69.4
94,weekday,18,215.4,0.4,66.2
94,weekday,19,161.7,0.4,60.9
94,weekday,20,127.6,0.5,55.2
94,weekday,21,123.9,0.5,58.5
94,weekday,22,85.8,0.8,55.2
94,weekday,23,46.2,0.5,50.2
94,weekend,0,38.1,1.1,75.1
94,weekend,1,22.0,0.9,61.1
94,weekend,2,17.4,0.8,43.4
94,weekend,3,27.2,0.3,36.8
94,weekend,4,62.8,0.3,41.6
94,weekend,5,145.0,1.1,33.0
94,weekend,6,239.6,0.2,38.7
94,weekend,7,272.4,1.1,42.3
94,weekend,8,289.7,1.6,49.2
94,weekend,9,257.8,0.9,55.9
94,weekend,10,250.0,0.7,57.9
94,weekend,11,225.2,0.9,62.7
94,weekend,12,250.2,0.4,63.8
94,weekend,13,275.2,1.3,65.0
94,weekend,14,308.0,1.9,67.9
94,weekend,15,268.0,1.7,71.3
94,weekend,16,217.2,1.0,68.0
94,weekend,17,183.0,0.7,66.6
94,weekend,18,154.9,0.6,69.6
94,weekend,19,132.0,1.0,66.7
94,weekend,20,116.9,0.8,67.1
94,weekend,21,124.9,1.1,71.4
94,weekend,22,94.2,1.7,72.6
94,weekend,23,50.9,1.2,75.1
95,weekday,0,84.4,5.5,83.5
95,weekday,1,37.9,2.2,50.9
95,weekday,2,35.7,1.0,32.0
95,weekday,3,53.5,0.6,31.2
95,weekday,4,153.5,1.4,58.6
95,weekday,5,676.6,2.1,82.8
95,weekday,6,1708.8,4.2,160.6
95,weekday,7,3533.2,10.5,268.2
95,weekday,8,4395.5,7.5,322.5
95,weekday,9,2354.8,6.7,274.1
95,weekday,10,1519.3,5.6,238.2
95,weekday,11,1360.1,7.3,234.3
95,weekday,12,1274.7,7.8,240.0
95,weekday,13,1335.2,10.4,250.6
95,weekday,14,1421.4,10.1,262.4
95,weekday,15,1457.0,10.0,258.8
95,weekday,16,1606.9,11.1,265.2
95,weekday,17,1723.6,12.7,297.9
95,weekday,18,1271.7,13.0,295.4
95,weekday,19,838.9,9.2,250.9
95,weekday,20,631.5,5.5,199.8
95,weekday,21,503.8,7.5,179.3
95,weekday,22,334.4,7.3,151.7
95,weekday,23,182.8,6.8,113.4
95,weekend,0,143.0,10.8,180.0
95,weekend,1,82.7,6.6,131.8
95,weekend,2,37.4,3.7,80.2
95,weekend,3,34.6,2.6,62.4
95,weekend,4,70.8,3.1,63.3
95,weekend,5,181.2,2.3,70.7
95,weekend,6,369.4,1.9,88.9
95,weekend,7,587.0,3.6,128.4
95,weekend,8,824.6,2.9,171.1
95,weekend,9,983.0,5.1,204.0
95,weekend,10,1048.3,6.8,233.2
95,weekend,11,1145.6,7.3,244.9
95,weekend,12,1216.0,9.6,261.4
95,weekend,13,1220.6,9.1,268.0
95,weekend,14,1132.0,11.4,263.6
95,weekend,15,1091.8,10.8,278.1
95,weekend,16,984.3,11.1,285.0
95,weekend,17,892.6,12.3,273.3
95,weekend,18,756.3,10.7,262.2
95,weekend,19,630.6,8.4,247.3
95,weekend,20,482.9,9.8,208.6
95,weekend,21,489.3,12.0,219.2
95,weekend,22,765.8,21.4,281.1
95,weekend,23,241.7,17.3,177.1
96,weekday,0,0.0,0.1,2.2
96,weekday,1,0.0,0.0,1.4
96,weekday,2,0.0,0.0,0.5
96,weekday,3,0.0,0.0,0.4
96,weekday,4,0.0,0.0,0.6
96,weekday,5,0.0,0.0,2.2
96,weekday,6,0.0,0.2,3.7
96,weekday,7,0.0,0.2,4.8
96,weekday,8,0.0,0.3,6.2
96,weekday,9,0.0,0.1,5.4
96,weekday,10,0.0,0.1,4.0
96,weekday,11,0.0,0.2,2.9
96,weekday,12,0.0,0.2,4.4
96,weekday,13,0.0,0.4,4.6
96,weekday,14,0.0,0.1,6.9
96,weekday,15,0.0,0.2,5.3
96,weekday,16,0.0,0.1,5.7
96,weekday,17,0.0,0.3,6.8
96,weekday,18,0.0,0.1,8.8
96,weekday,19,0.0,0.2,7.8
96,weekday,20,0.0,0.1,5.5
96,weekday,21,0.0,0.1,5.2
96,weekday,22,0.0,0.2,4.0
96,weekday,23,0.0,0.2,2.5
96,weekend,0,0.0,0.2,4.1
96,weekend,1,0.0,0.7,3.9
96,weekend,2,0.0,0.1,4.1
96,weekend,3,0.0,0.0,4.0
96,weekend,4,0.0,0.0,1.4
96,weekend,5,0.0,0.0,2.4
96,weekend,6,0.0,0.0,3.3
96,weekend,7,0.0,0.1,4.0
96,weekend,8,0.0,0.0,4.7
96,weekend,9,0.0,0.1,6.2
96,weekend,10,0.0,0.1,6.9
96,weekend,11,0.0,0.2,8.1
96,weekend,12,0.0,0.3,8.9
96,weekend,13,0.0,0.0,6.0
96,weekend,14,0.0,0.2,10.4
96,weekend,15,0.0,0.4,9.3
96,weekend,16,0.0,0.4,10.6
96,weekend,17,0.0,0.3,10.0
96,weekend,18,0.0,0.2,13.6
96,weekend,19,0.0,0.2,14.3
96,weekend,20,0.0,0.6,13.3
96,weekend,21,0.0,0.3,9.8
96,weekend,22,0.0,0.2,5.7
96,weekend,23,0.0,0.4,4.3
97,weekday,0,230.3,8.2,131.7
97,weekday,1,68.2,3.3,66.5
97,weekday,2,38.4,0.9,31.8
97,weekday,3,37.3,0.5,22.4
97,weekday,4,82.3,1.1,35.4
97,weekday,5,227.7,1.6,61.0
97,weekday,6,694.0,4.8,92.9
97,weekday,7,1750.2,7.5,129.3
97,weekday,8,3240.3,8.6,161.8
97,weekday,9,2265.1,9.1,188.8
97,weekday,10,1432.1,7.7,165.2
97,weekday,11,1426.2,9.0,160.0
97,weekday,12,1412.8,10.6,156.2
97,weekday,13,1524.5,12.8,163.4
97,weekday,14,1963.2,12.1,166.2
97,weekday,15,2752.5,13.5,176.7
97,weekday,16,2683.6,13.8,195.6
97,weekday,17,3105.0,13.6,214.6
97,weekday,18,2419.2,17.4,246.4
97,weekday,19,1649.1,14.9,255.0
97,weekday,20,1338.5,11.9,228.3
97,weekday,21,1152.0,15.7,279.1
97,weekday,22,847.8,20.5,274.5
97,weekday,23,493.9,16.5,225.2
97,weekend,0,375.4,20.8,296.6
97,weekend,1,157.1,11.1,174.2
97,weekend,2,76.8,6.9,116.9
97,weekend,3,62.3,5.2,92.3
97,weekend,4,64.3,6.1,69.2
97,weekend,5,88.3,3.7,63.4
97,weekend,6,213.9,3.4,63.3
97,weekend,7,345.1,2.7,82.8
97,weekend,8,490.1,5.2,106.1
97,weekend,9,722.7,6.0,141.6
97,weekend,10,943.4,8.2,183.7
97,weekend,11,1196.2,12.3,210.8
97,weekend,12,1427.0,15.9,236.0
97,weekend,13,1526.0,18.3,237.3
97,weekend,14,1530.7,17.3,252.4
97,weekend,15,1655.0,17.4,274.0
97,weekend,16,1625.2,20.8,275.6
97,weekend,17,1646.8,24.4,294.2
97,weekend,18,1528.0,21.2,308.8
97,weekend,19,1285.3,21.8,320.0
97,weekend,20,1085.7,16.4,281.7
97,weekend,21,866.8,19.3,282.4
97,weekend,22,679.7,19.7,265.3
97,weekend,23,536.0,20.3,249.6
98,weekday,0,0.0,0.5,15.7
98,weekday,1,0.0,0.4,9.5
98,weekday,2,0.0,0.1,6.1
98,weekday,3,0.0,0.1,3.6
98,weekday,4,0.0,0.3,5.0
98,weekday,5,0.0,0.2,9.4
98,weekday,6,0.0,0.5,20.3
98,weekday,7,0.0,0.2,28.1
98,weekday,8,0.0,0.7,45.6
98,weekday,9,0.0,0.5,33.6
98,weekday,10,0.0,0.6,31.9
98,weekday,11,0.0,0.6,33.1
98,weekday,12,0.0,0.2,32.6
98,weekday,13,0.0,0.5,35.0
98,weekday,14,0.0,0.5,41.6
98,weekday,15,0.0,0.5,40.4
98,weekday,16,0.0,0.4,39.6
98,weekday,17,0.0,0.3,45.3
98,weekday,18,0.0,0.1,34.3
98,weekday,19,0.0,0.2,28.3
98,weekday,20,0.0,0.1,28.2
98,weekday,21,0.0,0.1,25.4
98,weekday,22,0.0,0.6,24.7
98,weekday,23,0.0,0.4,20.2
98,weekend,0,0.0,0.2,21.3
98,weekend,1,0.0,0.3,18.9
98,weekend,2,0.0,0.2,11.1
98,weekend,3,0.0,0.3,7.6
98,weekend,4,0.0,0.3,5.2
98,weekend,5,0.0,0.0,9.3
98,weekend,6,0.0,0.1,10.6
98,weekend,7,0.0,0.2,17.2
98,weekend,8,0.0,0.0,23.3
98,weekend,9,0.0,0.4,24.0
98,weekend,10,0.0,0.4,28.0
98,weekend,11,0.0,0.2,32.0
98,weekend,12,0.0,0.4,29.8
98,weekend,13,0.0,0.2,31.3
98,weekend,14,0.0,0.7,30.3
98,weekend,15,0.0,0.6,35.4
98,weekend,16,0.0,0.6,35.4
98,weekend,17,0.0,0.4,35.4
98,weekend,18,0.0,0.3,36.1
98,weekend,19,0.0,0.4,36.7
98,weekend,20,0.0,0.9,34.8
98,weekend,21,0.0,0.3,33.4
98,weekend,22,0.0,1.7,29.7
98,weekend,23,0.0,0.6,29.8
99,weekday,0,0.0,0.0,0.6
99,weekday,1,0.0,0.0,0.8
99,weekday,2,0.0,0.0,0.5
99,weekday,3,0.0,0.0,0.6
99,weekday,4,0.0,0.0,0.4
99,weekday,5,0.0,0.0,0.2
99,weekday,6,0.0,0.0,0.5
99,weekday,7,0.0,0.0,0.2
99,weekday,8,0.0,0.0,0.4
99,weekday,9,0.0,0.0,0.5
99,weekday,10,0.0,0.0,0.4
99,weekday,11,0.0,0.0,0.7
99,weekday,12,0.0,0.0,0.4
99,weekday,13,0.0,0.0,0.6
99,weekday,14,0.0,0.0,1.3
99,weekday,15,0.0,0.0,2.2
99,weekday,16,0.0,0.0,1.0
99,weekday,17,0.0,0.0,0.8
99,weekday,18,0.0,0.0,0.6
99,weekday,19,0.0,0.0,1.1
99,weekday,20,0.0,0.0,0.6
99,weekday,21,0.0,0.0,0.8
99,weekday,22,0.0,0.0,0.8
99,weekday,23,0.0,0.0,0.9
99,weekend,0,0.0,0.0,1.2
99,weekend,1,0.0,0.0,1.1
99,weekend,2,0.0,0.0,0.7
99,weekend,3,0.0,0.0,1.4
99,weekend,4,0.0,0.0,0.8
99,weekend,5,0.0,0.0,0.3
99,weekend,6,0.0,0.0,0.1
99,weekend,7,0.0,0.0,0.8
99,weekend,8,0.0,0.0,0.1
99,weekend,9,0.0,0.0,0.6
99,weekend,10,0.0,0.0,1.0
99,weekend,11,0.0,0.0,0.8
99,weekend,12,0.0,0.0,0.9
99,weekend,13,0.0,0.0,1.2
99,weekend,14,0.0,0.0,0.9
99,weekend,15,0.0,0.0,0.9
99,weekend,16,0.0,0.0,0.8
99,weekend,17,0.0,0.0,0.8
99,weekend,18,0.0,0.0,1.1
99,weekend,19,0.0,0.0,0.9
99,weekend,20,0.0,0.0,1.0
99,weekend,21,0.0,0.0,0.9
99,weekend,22,0.0,0.0,1.1
99,weekend,23,0.0,0.0,0.8
100,weekday,0,2547.1,46.9,133.3
100,weekday,1,979.9,26.9,91.6
100,weekday,2,501.7,14.8,64.4
100,weekday,3,322.2,9.8,43.5
100,weekday,4,454.3,10.7,39.9
100,weekday,5,3321.3,55.3,44.1
100,weekday,6,8409.3,110.8,63.4
100,weekday,7,14373.0,92.9,98.5
100,weekday,8,19510.1,76.2,143.3
100,weekday,9,14087.4,83.1,157.2
100,weekday,10,8898.6,85.8,162.1
100,weekday,11,7858.0,95.6,176.4
100,weekday,12,7837.6,101.1,170.1
100,weekday,13,8234.7,105.3,171.4
100,weekday,14,9376.8,113.1,183.2
100,weekday,15,10745.1,113.2,185.9
100,weekday,16,14966.6,135.4,208.7
100,weekday,17,22568.4,156.5,239.4
100,weekday,18,17690.6,166.1,243.9
100,weekday,19,11209.2,134.4,224.5
100,weekday,20,8891.0,122.9,244.8
100,weekday,21,10151.4,121.1,223.8
100,weekday,22,8869.5,107.8,205.1
100,weekday,23,4678.5,80.8,170.4
100,weekend,0,4657.7,108.1,223.4
100,weekend,1,2229.7,95.2,245.1
100,weekend,2,1055.4,59.0,202.6
100,weekend,3,630.3,40.9,149.3
100,weekend,4,523.9,28.7,94.1
100,weekend,5,628.3,17.7,56.8
100,weekend,6,1622.1,26.3,55.9
100,weekend,7,2535.2,30.0,61.7
100,weekend,8,3645.4,34.0,86.0
100,weekend,9,5441.2,48.2,111.3
100,weekend,10,6986.2,67.8,142.7
100,weekend,11,7801.4,84.6,151.9
100,weekend,12,8153.4,87.3,141.1
100,weekend,13,8555.9,93.6,131.8
100,weekend,14,8879.0,94.8,135.1
100,weekend,15,9612.7,83.7,128.0
100,weekend,16,10985.7,97.0,138.7
100,weekend,17,11350.7,100.4,144.7
100,weekend,18,10360.4,101.9,153.9
100,weekend,19,8516.0,83.3,156.0
100,weekend,20,7399.3,72.0,142.9
100,weekend,21,7809.2,79.7,153.9
100,weekend,22,8255.4,79.8,163.9
100,weekend,23,5692.1,85.4,166.1
101,weekday,0,0.0,0.6,14.9
101,weekday,1,0.0,0.2,5.5
101,weekday,2,0.0,0.2,4.5
101,weekday,3,0.0,0.6,4.1
101,weekday,4,0.0,0.4,9.0
101,weekday,5,0.0,0.3,12.1
101,weekday,6,0.0,0.6,21.7
101,weekday,7,0.0,0.2,41.1
101,weekday,8,0.0,0.6,52.1
101,weekday,9,0.0,0.4,37.9
101,weekday,10,0.0,0.4,35.4
101,weekday,11,0.0,0.8,36.8
101,weekday,12,0.0,0.5,41.6
101,weekday,13,0.0,0.9,39.3
101,weekday,14,0.0,0.5,49.0
101,weekday,15,0.0,0.4,43.2
101,weekday,16,0.0,0.3,46.3
101,weekday,17,0.0,0.5,39.2
101,weekday,18,0.0,0.2,34.6
101,weekday,19,0.0,0.2,30.1
101,weekday,20,0.0,0.3,26.9
101,weekday,21,0.0,0.4,19.6
101,weekday,22,0.0,0.3,18.5
101,weekday,23,0.0,0.3,20.5
101,weekend,0,0.0,0.9,20.6
101,weekend,1,0.0,0.9,11.1
101,weekend,2,0.0,0.6,7.7
101,weekend,3,0.0,0.1,6.7
101,weekend,4,0.0,0.8,10.2
101,weekend,5,0.0,0.2,10.9
101,weekend,6,0.0,0.2,14.6
101,weekend,7,0.0,0.0,23.3
101,weekend,8,0.0,0.2,24.6
101,weekend,9,0.0,0.4,22.2
101,weekend,10,0.0,0.2,25.7
101,weekend,11,0.0,0.2,25.7
101,weekend,12,0.0,0.7,25.3
101,weekend,13,0.0,0.4,26.9
101,weekend,14,0.0,0.9,31.6
101,weekend,15,0.0,0.6,34.8
101,weekend,16,0.0,0.3,37.3
101,weekend,17,0.0,0.1,27.0
101,weekend,18,0.0,0.1,28.6
101,weekend,19,0.0,0.0,28.7
101,weekend,20,0.0,0.8,28.7
101,weekend,21,0.0,0.4,24.4
101,weekend,22,0.0,0.7,21.9
101,weekend,23,0.0,1.2,19.4
102,weekday,0,0.0,1.2,25.6
102,weekday,1,0.0,0.3,14.8
102,weekday,2,0.0,0.1,11.0
102,weekday,3,0.0,0.1,12.3
102,weekday,4,0.0,0.5,20.4
102,weekday,5,0.0,1.3,42.6
102,weekday,6,0.0,0.9,70.2
102,weekday,7,0.0,1.6,91.7
102,weekday,8,0.0,2.1,122.1
102,weekday,9,0.0,1.5,97.1
102,weekday,10,0.0,1.1,78.5
102,weekday,11,0.0,0.8,70.4
102,weekday,12,0.0,1.5,73.2
102,weekday,13,0.0,1.7,76.9
102,weekday,14,0.0,1.9,88.2
102,weekday,15,0.0,1.6,84.6
102,weekday,16,0.0,1.2,84.5
102,weekday,17,0.0,1.1,88.1
102,weekday,18,0.0,0.7,87.5
102,weekday,19,0.0,1.3,73.9
102,weekday,20,0.0,0.6,65.8
102,weekday,21,0.0,0.7,62.4
102,weekday,22,0.0,0.9,49.9
102,weekday,23,0.0,1.2,40.6
102,weekend,0,0.0,1.6,73.9
102,weekend,1,0.0,1.2,48.0
102,weekend,2,0.0,1.2,33.4
102,weekend,3,0.0,1.1,25.1
102,weekend,4,0.0,0.8,25.3
102,weekend,5,0.0,1.0,33.0
102,weekend,6,0.0,1.2,41.6
102,weekend,7,0.0,1.4,52.1
102,weekend,8,0.0,0.9,66.0
102,weekend,9,0.0,0.8,70.0
102,weekend,10,0.0,1.3,80.8
102,weekend,11,0.0,2.3,82.9
102,weekend,12,0.0,1.8,93.0
102,weekend,13,0.0,2.6,93.6
102,weekend,14,0.0,2.6,100.4
102,weekend,15,0.0,2.9,98.7
102,weekend,16,0.0,3.3,102.9
102,weekend,17,0.0,2.2,100.2
102,weekend,18,0.0,2.7,97.3
102,weekend,19,0.0,1.7,99.3
102,weekend,20,0.0,1.6,82.7
102,weekend,21,0.0,3.1,89.1
102,weekend,22,0.0,2.7,79.7
102,weekend,23,0.0,3.1,70.9
103,weekday,0,0.0,0.0,0.0
103,weekday,1,0.0,0.0,0.0
103,weekday,2,0.0,0.0,0.0
103,weekday,3,0.0,0.0,0.0
103,weekday,4,0.0,0.0,0.0
103,weekday,5,0.0,0.0,0.0
103,weekday,6,0.0,0.0,0.0
103,weekday,7,0.0,0.0,0.0
103,weekday,8,0.0,0.0,0.0
103,weekday,9,0.0,0.0,0.0
103,weekday,10,0.0,0.0,0.0
103,weekday,11,0.0,0.0,0.0
103,weekday,12,0.0,0.0,0.0
103,weekday,13,0.0,0.0,0.0
103,weekday,14,0.0,0.0,0.0
103,weekday,15,0.0,0.0,0.0
103,weekday,16,0.0,0.0,0.0
103,weekday,17,0.0,0.0,0.0
103,weekday,18,0.0,0.0,0.0
103,weekday,19,0.0,0.0,0.0
103,weekday,20,0.0,0.0,0.0
103,weekday,21,0.0,0.0,0.0
103,weekday,22,0.0,0.0,0.0
103,weekday,23,0.0,0.0,0.0
103,weekend,0,0.0,0.0,0.0
103,weekend,1,0.0,0.0,0.0
103,weekend,2,0.0,0.0,0.0
103,weekend,3,0.0,0.0,0.0
103,weekend,4,0.0,0.0,0.0
103,weekend,5,0.0,0.0,0.0
103,weekend,6,0.0,0.0,0.0
103,weekend,7,0.0,0.0,0.0
103,weekend,8,0.0,0.0,0.0
103,weekend,9,0.0,0.0,0.0
103,weekend,10,0.0,0.0,0.0
103,weekend,11,0.0,0.0,0.0
103,weekend,12,0.0,0.0,0.0
103,weekend,13,0.0,0.0,0.0
103,weekend,14,0.0,0.0,0.0
103,weekend,15,0.0,0.0,0.0
103,weekend,16,0.0,0.0,0.0
103,weekend,17,0.0,0.0,0.0
103,weekend,18,0.0,0.0,0.0
103,weekend,19,0.0,0.0,0.0
103,weekend,20,0.0,0.0,0.0
103,weekend,21,0.0,0.0,0.0
103,weekend,22,0.0,0.0,0.0
103,weekend,23,0.0,0.0,0.0
104,weekday,0,0.0,0.0,0.0
104,weekday,1,0.0,0.0,0.0
104,weekday,2,0.0,0.0,0.0
104,weekday,3,0.0,0.0,0.0
104,weekday,4,0.0,0.0,0.0
104,weekday,5,0.0,0.0,0.0
104,weekday,6,0.0,0.0,0.0
104,weekday,7,0.0,0.0,0.0
104,weekday,8,0.0,0.0,0.0
104,weekday,9,0.0,0.0,0.0
104,weekday,10,0.0,0.0,0.0
104,weekday,11,0.0,0.0,0.0
104,weekday,12,0.0,0.0,0.0
104,weekday,13,0.0,0.0,0.0
104,weekday,14,0.0,0.0,0.0
104,weekday,15,0.0,0.0,0.0
104,weekday,16,0.0,0.0,0.0
104,weekday,17,0.0,0.0,0.0
104,weekday,18,0.0,0.0,0.0
104,weekday,19,0.0,0.0,0.0
104,weekday,20,0.0,0.0,0.0
104,weekday,21,0.0,0.0,0.0
104,weekday,22,0.0,0.0,0.0
104,weekday,23,0.0,0.0,0.0
104,weekend,0,0.0,0.0,0.0
104,weekend,1,0.0,0.0,0.0
104,weekend,2,0.0,0.0,0.0
104,weekend,3,0.0,0.0,0.0
104,weekend,4,0.0,0.0,0.0
104,weekend,5,0.0,0.0,0.0
104,weekend,6,0.0,0.0,0.0
104,weekend,7,0.0,0.0,0.0
104,weekend,8,0.0,0.0,0.0
104,weekend,9,0.0,0.0,0.0
104,weekend,10,0.0,0.0,0.0
104,weekend,11,0.0,0.0,0.0
104,weekend,12,0.0,0.0,0.0
104,weekend,13,0.0,0.0,0.0
104,weekend,14,0.0,0.0,0.0
104,weekend,15,0.0,0.0,0.0
104,weekend,16,0.0,0.0,0.0
104,weekend,17,0.0,0.0,0.0
104,weekend,18,0.0,0.0,0.0
104,weekend,19,0.0,0.0,0.0
104,weekend,20,0.0,0.0,0.0
104,weekend,21,0.0,0.0,0.0
104,weekend,22,0.0,0.0,0.0
104,weekend,23,0.0,0.0,0.0
105,weekday,0,0.0,0.0,0.0
105,weekday,1,0.0,0.0,0.0
105,weekday,2,0.0,0.0,0.0
105,weekday,3,0.0,0.0,0.0
105,weekday,4,0.0,0.0,0.0
105,weekday,5,0.0,0.0,0.0
105,weekday,6,0.0,0.0,0.0
105,weekday,7,0.0,0.0,0.0
105,weekday,8,0.0,0.0,0.0
105,weekday,9,0.0,0.0,0.0
105,weekday,10,0.0,0.0,0.0
105,weekday,11,0.0,0.0,0.0
105,weekday,12,0.0,0.0,0.0
105,weekday,13,0.0,0.0,0.0
105,weekday,14,0.0,0.0,0.0
105,weekday,15,0.0,0.0,0.0
105,weekday,16,0.0,0.0,0.0
105,weekday,17,0.0,0.0,0.1
105,weekday,18,0.0,0.0,0.0
105,weekday,19,0.0,0.0,0.0
105,weekday,20,0.0,0.0,0.1
105,weekday,21,0.0,0.0,0.1
105,weekday,22,0.0,0.0,0.0
105,weekday,23,0.0,0.0,0.0
105,weekend,0,0.0,0.0,0.0
105,weekend,1,0.0,0.0,0.0
105,weekend,2,0.0,0.0,0.0
105,weekend,3,0.0,0.0,0.0
105,weekend,4,0.0,0.0,0.0
105,weekend,5,0.0,0.0,0.0
105,weekend,6,0.0,0.0,0.0
105,weekend,7,0.0,0.0,0.0
105,weekend,8,0.0,0.0,0.0
105,weekend,9,0.0,0.0,0.0
105,weekend,10,0.0,0.0,0.0
105,weekend,11,0.0,0.0,0.0
105,weekend,12,0.0,0.0,0.0
105,weekend,13,0.0,0.0,0.0
105,weekend,14,0.0,0.0,0.0
105,weekend,15,0.0,0.0,0.1
105,weekend,16,0.0,0.0,0.0
105,weekend,17,0.0,0.0,0.0
105,weekend,18,0.0,0.0,0.0
105,weekend,19,0.0,0.0,0.0
105,weekend,20,0.0,0.0,0.0
105,weekend,21,0.0,0.0,0.0
105,weekend,22,0.0,0.0,0.0
105,weekend,23,0.0,0.0,0.0
106,weekday,0,60.7,1.4,33.4
106,weekday,1,24.0,0.8,18.7
106,weekday,2,13.0,0.5,13.7
106,weekday,3,14.8,0.3,12.5
106,weekday,4,29.5,0.4,14.9
106,weekday,5,104.2,0.6,15.9
106,weekday,6,304.8,0.8,26.5
106,weekday,7,854.4,1.9,43.2
106,weekday,8,1534.6,3.0,59.9
106,weekday,9,907.4,2.4,59.1
106,weekday,10,567.2,1.6,59.5
106,weekday,11,537.8,1.6,60.8
106,weekday,12,542.5,1.1,57.9
106,weekday,13,593.3,2.0,59.3
106,weekday,14,658.2,2.2,60.2
106,weekday,15,993.1,1.8,70.4
106,weekday,16,1103.6,2.5,78.2
106,weekday,17,1306.1,4.3,93.1
106,weekday,18,1051.2,3.0,99.1
106,weekday,19,643.1,1.9,88.6
106,weekday,20,467.4,1.9,82.6
106,weekday,21,420.8,3.6,97.1
106,weekday,22,322.4,4.8,92.8
106,weekday,23,183.6,3.2,59.8
106,weekend,0,175.1,9.0,123.1
106,weekend,1,64.9,4.2,76.4
106,weekend,2,29.9,3.6,55.0
106,weekend,3,19.9,2.8,42.2
106,weekend,4,26.0,1.7,33.7
106,weekend,5,50.6,0.2,17.8
106,weekend,6,72.6,0.7,18.7
106,weekend,7,128.3,1.1,25.2
106,weekend,8,238.1,1.2,38.0
106,weekend,9,335.1,1.7,57.8
106,weekend,10,459.3,1.6,71.4
106,weekend,11,543.8,2.3,85.9
106,weekend,12,618.4,2.7,89.3
106,weekend,13,677.4,2.6,84.2
106,weekend,14,647.3,3.2,89.4
106,weekend,15,662.3,2.6,93.8
106,weekend,16,684.1,2.8,98.1
106,weekend,17,709.9,4.2,101.6
106,weekend,18,649.6,3.4,107.3
106,weekend,19,507.3,2.6,95.8
106,weekend,20,463.8,3.6,84.3
106,weekend,21,455.4,6.3,110.1
106,weekend,22,363.6,5.2,94.3
106,weekend,23,221.2,4.8,84.2
107,weekday,0,228.8,40.8,100.3
107,weekday,1,85.4,22.8,63.5
107,weekday,2,52.3,9.7,35.2
107,weekday,3,29.6,7.8,31.2
107,weekday,4,24.1,12.5,45.1
107,weekday,5,53.9,22.6,75.9
107,weekday,6,188.6,53.9,132.1
107,weekday,7,698.5,98.6,197.2
107,weekday,8,1360.3,131.4,258.2
107,weekday,9,940.2,136.2,258.4
107,weekday,10,700.0,122.1,200.5
107,weekday,11,706.0,111.6,184.6
107,weekday,12,779.9,116.8,178.4
107,weekday,13,867.9,114.6,174.5
107,weekday,14,1114.2,123.6,177.1
107,weekday,15,1596.6,131.1,181.6
107,weekday,16,2088.6,143.9,183.4
107,weekday,17,2589.5,172.9,226.6
107,weekday,18,1936.4,198.8,259.1
107,weekday,19,1427.7,174.6,261.7
107,weekday,20,1130.0,157.9,264.0
107,weekday,21,978.1,181.9,242.4
107,weekday,22,863.8,165.8,221.7
107,weekday,23,534.1,109.9,177.3
107,weekend,0,552.0,219.2,278.9
107,weekend,1,293.2,170.3,239.6
107,weekend,2,153.6,119.2,175.4
107,weekend,3,92.2,71.9,122.3
107,weekend,4,67.8,46.6,80.2
107,weekend,5,45.7,23.9,74.4
107,weekend,6,82.4,25.0,73.4
107,weekend,7,226.0,40.4,100.1
107,weekend,8,247.8,59.0,119.1
107,weekend,9,334.1,84.9,153.0
107,weekend,10,529.2,120.1,189.8
107,weekend,11,701.1,137.2,222.6
107,weekend,12,827.9,153.0,232.8
107,weekend,13,934.8,141.0,217.6
107,weekend,14,989.8,142.4,209.9
107,weekend,15,1132.8,136.3,207.2
107,weekend,16,1268.4,143.4,216.0
107,weekend,17,1005.3,149.6,236.4
107,weekend,18,930.2,169.3,252.4
107,weekend,19,923.1,155.0,254.9
107,weekend,20,735.0,118.8,243.0
107,weekend,21,719.2,117.3,257.8
107,weekend,22,701.4,119.4,247.8
107,weekend,23,544.6,129.8,229.3
108,weekday,0,18.2,0.2,19.4
108,weekday,1,11.0,0.2,16.1
108,weekday,2,10.8,0.2,12.2
108,weekday,3,20.4,0.0,10.9
108,weekday,4,96.8,0.2,9.0
108,weekday,5,277.8,0.2,15.4
108,weekday,6,559.6,1.6,34.5
108,weekday,7,1039.2,1.7,73.3
108,weekday,8,870.6,1.6,91.1
108,weekday,9,491.9,1.5,64.5
108,weekday,10,344.6,1.4,50.4
108,weekday,11,323.2,1.5,49.8
108,weekday,12,299.6,1.2,47.2
108,weekday,13,350.8,1.4,46.9
108,weekday,14,418.4,1.6,60.4
108,weekday,15,427.1,0.5,60.5
108,weekday,16,393.2,0.5,48.8
108,weekday,17,353.2,0.5,52.3
108,weekday,18,257.9,0.5,49.6
108,weekday,19,164.4,0.4,44.5
108,weekday,20,124.1,0.2,36.6
108,weekday,21,111.8,0.2,34.8
108,weekday,22,76.0,0.4,32.9
108,weekday,23,44.4,0.5,27.6
108,weekend,0,20.8,0.6,41.7
108,weekend,1,13.1,0.9,40.8
108,weekend,2,13.0,0.3,34.8
108,weekend,3,11.9,0.1,21.1
108,weekend,4,33.9,0.4,17.0
108,weekend,5,79.7,0.2,12.0
108,weekend,6,168.2,0.1,24.0
108,weekend,7,241.8,0.7,29.2
108,weekend,8,297.6,0.6,34.8
108,weekend,9,288.2,1.9,46.3
108,weekend,10,247.2,1.1,49.9
108,weekend,11,229.3,1.1,45.6
108,weekend,12,251.0,0.6,54.0
108,weekend,13,248.2,0.6,53.2
108,weekend,14,236.8,0.9,52.2
108,weekend,15,204.7,0.9,51.1
108,weekend,16,195.7,0.7,51.3
108,weekend,17,188.1,0.9,46.7
108,weekend,18,164.1,0.9,48.9
108,weekend,19,121.2,1.0,49.6
108,weekend,20,98.2,0.7,44.1
108,weekend,21,80.0,0.6,43.4
108,weekend,22,54.4,0.6,41.1
108,weekend,23,30.8,0.9,41.4
109,weekday,0,0.0,0.0,7.5
109,weekday,1,0.0,0.0,4.1
109,weekday,2,0.0,0.0,3.8
109,weekday,3,0.0,0.0,3.9
109,weekday,4,0.0,0.0,8.8
109,weekday,5,0.0,0.1,12.8
109,weekday,6,0.0,0.1,15.9
109,weekday,7,0.0,0.0,28.9
109,weekday,8,0.0,0.1,33.0
109,weekday,9,0.0,0.0,27.8
109,weekday,10,0.0,0.1,25.9
109,weekday,11,0.0,0.0,28.5
109,weekday,12,0.0,0.1,25.9
109,weekday,13,0.0,0.0,25.3
109,weekday,14,0.0,0.0,31.9
109,weekday,15,0.0,0.0,30.2
109,weekday,16,0.0,0.0,27.9
109,weekday,17,0.0,0.0,27.9
109,weekday,18,0.0,0.0,25.1
109,weekday,19,0.0,0.0,19.5
109,weekday,20,0.0,0.0,17.1
109,weekday,21,0.0,0.0,15.1
109,weekday,22,0.0,0.1,18.1
109,weekday,23,0.0,0.0,10.9
109,weekend,0,0.0,0.0,29.7
109,weekend,1,0.0,0.0,31.6
109,weekend,2,0.0,0.1,21.0
109,weekend,3,0.0,0.0,16.2
109,weekend,4,0.0,0.0,12.6
109,weekend,5,0.0,0.0,8.8
109,weekend,6,0.0,0.0,11.2
109,weekend,7,0.0,0.0,16.0
109,weekend,8,0.0,0.0,15.6
109,weekend,9,0.0,0.0,22.6
109,weekend,10,0.0,0.0,22.9
109,weekend,11,0.0,0.0,23.0
109,weekend,12,0.0,0.0,24.2
109,weekend,13,0.0,0.0,24.8
109,weekend,14,0.0,0.0,24.8
109,weekend,15,0.0,0.1,25.1
109,weekend,16,0.0,0.0,24.8
109,weekend,17,0.0,0.0,24.7
109,weekend,18,0.0,0.0,23.8
109,weekend,19,0.0,0.0,23.9
109,weekend,20,0.0,0.0,22.0
109,weekend,21,0.0,0.0,22.6
109,weekend,22,0.0,0.0,18.7
109,weekend,23,0.0,0.1,18.0
110,weekday,0,0.0,0.0,0.0
110,weekday,1,0.0,0.0,0.0
110,weekday,2,0.0,0.0,0.0
110,weekday,3,0.0,0.0,0.0
110,weekday,4,0.0,0.0,0.0
110,weekday,5,0.0,0.0,0.0
110,weekday,6,0.0,0.0,0.0
110,weekday,7,0.0,0.0,0.0
110,weekday,8,0.0,0.0,0.1
110,weekday,9,0.0,0.0,0.1
110,weekday,10,0.0,0.0,0.1
110,weekday,11,0.0,0.0,0.1
110,weekday,12,0.0,0.0,0.1
110,weekday,13,0.0,0.0,0.1
110,weekday,14,0.0,0.0,0.1
110,weekday,15,0.0,0.0,0.2
110,weekday,16,0.0,0.0,0.1
110,weekday,17,0.0,0.0,0.1
110,weekday,18,0.0,0.0,0.1
110,weekday,19,0.0,0.0,0.0
110,weekday,20,0.0,0.0,0.1
110,weekday,21,0.0,0.0,0.2
110,weekday,22,0.0,0.0,0.1
110,weekday,23,0.0,0.0,0.2
110,weekend,0,0.0,0.0,0.0
110,weekend,1,0.0,0.0,0.0
110,weekend,2,0.0,0.0,0.1
110,weekend,3,0.0,0.0,0.3
110,weekend,4,0.0,0.0,0.1
110,weekend,5,0.0,0.0,0.0
110,weekend,6,0.0,0.0,0.0
110,weekend,7,0.0,0.0,0.0
110,weekend,8,0.0,0.0,0.1
110,weekend,9,0.0,0.0,0.0
110,weekend,10,0.0,0.0,0.1
110,weekend,11,0.0,0.0,0.0
110,weekend,12,0.0,0.0,0.2
110,weekend,13,0.0,0.0,0.2
110,weekend,14,0.0,0.0,0.1
110,weekend,15,0.0,0.0,0.2
110,weekend,16,0.0,0.0,0.0
110,weekend,17,0.0,0.0,0.1
110,weekend,18,0.0,0.0,0.1
110,weekend,19,0.0,0.0,0.0
110,weekend,20,0.0,0.0,0.1
110,weekend,21,0.0,0.0,0.1
110,weekend,22,0.0,0.0,0.0
110,weekend,23,0.0,0.0,0.1
111,weekday,0,0.0,0.1,0.6
111,weekday,1,0.0,0.0,0.6
111,weekday,2,0.0,0.0,0.6
111,weekday,3,0.0,0.0,0.5
111,weekday,4,0.0,0.0,0.4
111,weekday,5,0.0,0.0,0.2
111,weekday,6,0.0,0.0,0.5
111,weekday,7,0.0,0.1,0.6
111,weekday,8,0.0,0.0,1.4
111,weekday,9,0.0,0.0,1.0
111,weekday,10,0.0,0.1,1.1
111,weekday,11,0.0,0.1,0.9
111,weekday,12,0.0,0.0,0.8
111,weekday,13,0.0,0.0,0.8
111,weekday,14,0.0,0.1,1.6
111,weekday,15,0.0,0.0,1.5
111,weekday,16,0.0,0.0,1.1
111,weekday,17,0.0,0.0,1.5
111,weekday,18,0.0,0.0,1.2
111,weekday,19,0.0,0.0,1.1
111,weekday,20,0.0,0.0,0.8
111,weekday,21,0.0,0.0,2.4
111,weekday,22,0.0,0.2,3.1
111,weekday,23,0.0,0.0,0.9
111,weekend,0,0.0,0.1,2.4
111,weekend,1,0.0,0.1,0.7
111,weekend,2,0.0,0.0,0.8
111,weekend,3,0.0,0.0,1.0
111,weekend,4,0.0,0.1,1.9
111,weekend,5,0.0,0.0,0.7
111,weekend,6,0.0,0.0,0.4
111,weekend,7,0.0,0.0,0.8
111,weekend,8,0.0,0.0,0.3
111,weekend,9,0.0,0.0,0.8
111,weekend,10,0.0,0.1,1.0
111,weekend,11,0.0,0.0,1.1
111,weekend,12,0.0,0.0,1.1
111,weekend,13,0.0,0.0,1.0
111,weekend,14,0.0,0.0,3.4
111,weekend,15,0.0,0.0,2.8
111,weekend,16,0.0,0.0,2.3
111,weekend,17,0.0,0.1,1.9
111,weekend,18,0.0,0.0,3.6
111,weekend,19,0.0,0.0,1.2
111,weekend,20,0.0,0.0,1.0
111,weekend,21,0.0,0.3,1.7
111,weekend,22,0.0,0.2,1.9
111,weekend,23,0.0,0.1,2.2
112,weekday,0,93.5,8.0,133.5
112,weekday,1,28.6,4.4,79.1
112,weekday,2,17.7,2.3,52.2
112,weekday,3,15.0,1.5,42.9
112,weekday,4,30.6,2.1,65.1
112,weekday,5,124.6,1.2,104.2
112,weekday,6,391.2,3.4,176.9
112,weekday,7,1135.4,5.1,251.7
112,weekday,8,2068.1,8.2,345.8
112,weekday,9,1277.6,6.6,344.4
112,weekday,10,693.6,5.9,246.3
112,weekday,11,629.9,5.1,219.4
112,weekday,12,627.1,6.4,217.9
112,weekday,13,687.1,6.1,208.9
112,weekday,14,808.8,5.5,222.8
112,weekday,15,1072.1,5.8,221.5
112,weekday,16,1239.1,5.9,246.8
112,weekday,17,1537.7,8.6,302.5
112,weekday,18,1321.2,10.8,368.1
112,weekday,19,861.7,9.7,318.7
112,weekday,20,693.6,6.7,269.1
112,weekday,21,612.7,9.9,283.5
112,weekday,22,486.5,18.9,302.2
112,weekday,23,326.7,14.2,236.4
112,weekend,0,387.3,52.8,728.1
112,weekend,1,194.9,50.9,532.2
112,weekend,2,158.0,43.2,465.7
112,weekend,3,58.4,28.0,261.2
112,weekend,4,48.9,17.7,171.9
112,weekend,5,44.9,6.8,133.2
112,weekend,6,87.6,4.9,131.0
112,weekend,7,176.3,3.4,155.4
112,weekend,8,243.6,4.2,185.7
112,weekend,9,360.3,5.1,243.2
112,weekend,10,514.4,8.6,307.1
112,weekend,11,636.9,9.0,355.7
112,weekend,12,793.6,10.7,399.0
112,weekend,13,884.0,13.8,421.6
112,weekend,14,968.9,13.4,432.9
112,weekend,15,995.9,14.7,440.6
112,weekend,16,1013.7,14.4,449.0
112,weekend,17,974.4,15.2,468.1
112,weekend,18,924.6,18.8,512.8
112,weekend,19,732.9,20.9,493.7
112,weekend,20,673.3,21.2,476.6
112,weekend,21,604.6,25.6,482.0
112,weekend,22,529.8,30.4,514.8
112,weekend,23,360.7,34.3,485.1
113,weekday,0,210.2,40.2,85.3
113,weekday,1,83.5,19.4,52.7
113,weekday,2,49.1,10.9,34.9
113,weekday,3,27.6,6.4,20.1
113,weekday,4,26.1,4.0,29.2
113,weekday,5,58.5,9.1,47.0
113,weekday,6,246.2,25.1,92.1
113,weekday,7,911.2,50.2,122.8
113,weekday,8,2391.8,84.1,162.6
113,weekday,9,1404.3,88.2,175.6
113,weekday,10,743.5,74.8,152.2
113,weekday,11,711.2,77.9,157.5
113,weekday,12,869.8,82.6,157.4
113,weekday,13,1021.5,88.6,155.4
113,weekday,14,1152.1,93.9,160.5
113,weekday,15,1523.5,101.4,168.0
113,weekday,16,1890.1,106.3,171.1
113,weekday,17,2314.6,124.9,195.1
113,weekday,18,1956.4,151.4,234.2
113,weekday,19,1518.9,125.2,220.7
113,weekday,20,1363.9,132.6,215.5
113,weekday,21,1240.5,146.5,194.4
113,weekday,22,921.9,129.2,168.3
113,weekday,23,577.8,100.6,147.1
113,weekend,0,588.7,160.2,212.2
113,weekend,1,402.2,151.3,168.9
113,weekend,2,227.4,118.9,153.0
113,weekend,3,126.2,85.6,102.7
113,weekend,4,86.7,39.6,68.1
113,weekend,5,46.7,11.9,42.2
113,weekend,6,62.6,10.6,45.3
113,weekend,7,100.2,15.1,60.3
113,weekend,8,156.4,28.8,80.6
113,weekend,9,270.0,40.8,102.0
113,weekend,10,439.2,62.4,146.7
113,weekend,11,612.4,68.9,161.6
113,weekend,12,810.3,82.7,169.4
113,weekend,13,1052.1,95.1,163.9
113,weekend,14,1172.4,99.3,175.9
113,weekend,15,1307.6,103.1,160.2
113,weekend,16,1297.0,110.2,170.0
113,weekend,17,1358.7,114.1,182.3
113,weekend,18,1230.8,112.2,190.7
113,weekend,19,1086.9,107.2,198.6
113,weekend,20,1048.7,100.1,198.7
113,weekend,21,967.9,100.3,199.3
113,weekend,22,808.0,107.2,185.3
113,weekend,23,614.8,91.2,154.3
114,weekday,0,292.9,84.2,159.9
114,weekday,1,122.2,49.3,103.2
114,weekday,2,62.1,20.1,57.8
114,weekday,3,35.0,9.6,31.1
114,weekday,4,31.9,6.3,29.8
114,weekday,5,62.8,5.0,34.1
114,weekday,6,219.6,10.6,49.6
114,weekday,7,704.0,22.9,67.8
114,weekday,8,1633.4,38.8,92.1
114,weekday,9,1122.6,36.0,103.7
114,weekday,10,831.2,33.4,92.8
114,weekday,11,968.5,36.5,96.2
114,weekday,12,1245.5,44.6,106.5
114,weekday,13,1561.2,54.8,120.3
114,weekday,14,1851.5,57.1,122.2
114,weekday,15,2403.7,61.0,116.6
114,weekday,16,2970.9,74.2,124.1
114,weekday,17,3877.7,84.2,143.4
114,weekday,18,3717.8,104.6,175.9
114,weekday,19,2841.6,109.1,203.6
114,weekday,20,2138.2,122.6,242.9
114,weekday,21,1601.0,172.9,273.5
114,weekday,22,1191.9,172.3,265.4
114,weekday,23,733.0,158.5,251.6
114,weekend,0,969.6,350.1,421.1
114,weekend,1,657.2,381.1,419.8
114,weekend,2,393.1,347.9,378.7
114,weekend,3,232.1,204.8,257.4
114,weekend,4,141.1,59.4,101.3
114,weekend,5,60.3,12.6,46.0
114,weekend,6,71.4,6.4,27.4
114,weekend,7,134.3,7.9,32.7
114,weekend,8,215.6,13.3,50.7
114,weekend,9,338.1,21.6,69.7
114,weekend,10,578.1,29.7,91.9
114,weekend,11,959.0,35.1,115.0
114,weekend,12,1402.8,62.6,136.0
114,weekend,13,1886.8,70.0,149.4
114,weekend,14,2264.0,82.0,157.4
114,weekend,15,2575.9,82.7,156.9
114,weekend,16,2918.4,95.4,165.1
114,weekend,17,2739.6,91.7,170.6
114,weekend,18,2737.1,103.7,192.6
114,weekend,19,2272.0,104.3,203.9
114,weekend,20,1665.7,108.1,230.0
114,weekend,21,1243.1,132.3,270.3
114,weekend,22,1009.7,159.1,288.7
114,weekend,23,798.1,171.0,289.7
115,weekday,0,0.0,0.0,8.8
115,weekday,1,0.0,0.0,6.9
115,weekday,2,0.0,0.0,3.2
115,weekday,3,0.0,0.0,4.6
115,weekday,4,0.0,0.1,8.2
115,weekday,5,0.0,0.1,12.5
115,weekday,6,0.0,0.1,35.1
115,weekday,7,0.0,0.1,38.9
115,weekday,8,0.0,0.1,58.0
115,weekday,9,0.0,0.0,39.2
115,weekday,10,0.0,0.0,30.9
115,weekday,11,0.0,0.0,25.7
115,weekday,12,0.0,0.1,26.2
115,weekday,13,0.0,0.0,28.2
115,weekday,14,0.0,0.1,33.9
115,weekday,15,0.0,0.2,32.3
115,weekday,16,0.0,0.0,24.4
115,weekday,17,0.0,0.0,29.3
115,weekday,18,0.0,0.0,23.1
115,weekday,19,0.0,0.4,20.4
115,weekday,20,0.0,0.1,17.6
115,weekday,21,0.0,0.0,18.3
115,weekday,22,0.0,0.0,16.9
115,weekday,23,0.0,0.0,15.1
115,weekend,0,0.0,0.3,19.0
115,weekend,1,0.0,0.1,12.8
115,weekend,2,0.0,0.0,11.6
115,weekend,3,0.0,0.0,7.4
115,weekend,4,0.0,0.2,9.0
115,weekend,5,0.0,0.0,13.0
115,weekend,6,0.0,0.4,18.3
115,weekend,7,0.0,0.1,23.9
115,weekend,8,0.0,0.0,25.8
115,weekend,9,0.0,0.1,25.2
115,weekend,10,0.0,0.0,30.0
115,weekend,11,0.0,0.1,32.2
115,weekend,12,0.0,0.0,28.4
115,weekend,13,0.0,0.2,27.1
115,weekend,14,0.0,0.1,29.3
115,weekend,15,0.0,0.1,31.1
115,weekend,16,0.0,0.0,28.6
115,weekend,17,0.0,0.0,26.1
115,weekend,18,0.0,0.1,25.6
115,weekend,19,0.0,0.0,24.3
115,weekend,20,0.0,0.0,18.6
115,weekend,21,0.0,0.0,20.4
115,weekend,22,0.0,0.1,22.8
115,weekend,23,0.0,0.0,20.9
116,weekday,0,100.5,8.3,85.4
116,weekday,1,49.0,3.7,54.1
116,weekday,2,44.2,3.0,41.4
116,weekday,3,75.3,1.9,33.9
116,weekday,4,193.0,4.4,52.2
116,weekday,5,611.2,6.8,68.1
116,weekday,6,1189.2,11.0,106.9
116,weekday,7,2244.6,24.5,162.4
116,weekday,8,2850.2,28.1,185.1
116,weekday,9,1798.2,17.9,173.9
116,weekday,10,1288.2,12.7,136.2
116,weekday,11,1153.4,9.4,113.6
116,weekday,12,1166.0,10.4,115.7
116,weekday,13,1266.2,13.0,115.2
116,weekday,14,1447.8,11.4,119.1
116,weekday,15,1526.1,12.6,118.2
116,weekday,16,1511.4,11.2,114.5
116,weekday,17,1539.2,14.6,128.1
116,weekday,18,1248.1,15.4,142.6
116,weekday,19,817.6,8.9,123.1
116,weekday,20,614.6,9.4,115.6
116,weekday,21,458.6,12.7,124.1
116,weekday,22,339.9,15.5,118.8
116,weekday,23,189.1,13.3,122.8
116,weekend,0,183.1,26.2,169.3
116,weekend,1,99.0,15.4,140.7
116,weekend,2,67.7,9.4,110.4
116,weekend,3,64.8,5.6,72.1
116,weekend,4,115.1,6.1,69.0
116,weekend,5,265.3,6.1,71.8
116,weekend,6,474.1,10.7,75.9
116,weekend,7,672.0,13.6,97.4
116,weekend,8,881.2,14.3,108.6
116,weekend,9,1090.7,17.9,143.6
116,weekend,10,1161.8,17.6,149.9
116,weekend,11,1224.9,16.4,153.1
116,weekend,12,1300.4,17.8,145.4
116,weekend,13,1411.3,18.6,145.8
116,weekend,14,1341.3,17.6,148.9
116,weekend,15,1211.6,19.8,150.2
116,weekend,16,1040.8,18.1,148.1
116,weekend,17,1012.2,20.2,155.1
116,weekend,18,896.7,21.6,161.1
116,weekend,19,731.2,17.7,158.6
116,weekend,20,558.4,16.9,141.7
116,weekend,21,497.1,17.3,157.8
116,weekend,22,413.9,20.0,165.6
116,weekend,23,279.0,24.1,174.2
117,weekday,0,19.5,0.5,25.6
117,weekday,1,17.0,0.2,18.6
117,weekday,2,20.5,0.1,14.6
117,weekday,3,48.1,0.1,12.1
117,weekday,4,104.4,0.7,14.5
117,weekday,5,261.4,1.6,29.3
117,weekday,6,418.5,1.3,41.6
117,weekday,7,559.4,4.2,66.4
117,weekday,8,336.6,3.1,69.6
117,weekday,9,209.1,2.3,69.5
117,weekday,10,174.3,0.6,50.7
117,weekday,11,170.4,1.1,50.5
117,weekday,12,179.4,0.8,51.7
117,weekday,13,198.8,0.8,52.4
117,weekday,14,227.9,1.0,58.8
117,weekday,15,293.8,1.1,62.5
117,weekday,16,332.2,0.5,59.7
117,weekday,17,308.2,0.6,60.2
117,weekday,18,255.1,0.4,55.4
117,weekday,19,192.2,0.8,49.3
117,weekday,20,160.4,0.6,47.6
117,weekday,21,116.0,0.1,44.4
117,weekday,22,63.1,0.5,43.4
117,weekday,23,39.3,0.2,38.3
117,weekend,0,26.4,0.4,47.4
117,weekend,1,15.6,0.4,34.3
117,weekend,2,18.3,0.1,23.6
117,weekend,3,29.7,0.0,17.1
117,weekend,4,39.9,0.1,14.8
117,weekend,5,72.9,0.3,23.6
117,weekend,6,95.0,0.4,29.3
117,weekend,7,140.0,1.4,39.4
117,weekend,8,128.3,1.1,38.0
117,weekend,9,131.8,1.6,43.8
117,weekend,10,142.1,1.6,44.6
117,weekend,11,154.9,1.4,51.1
117,weekend,12,169.7,1.1,49.0
117,weekend,13,180.2,0.8,57.4
117,weekend,14,211.6,0.7,64.1
117,weekend,15,245.2,1.1,68.9
117,weekend,16,265.2,1.4,64.1
117,weekend,17,263.6,0.8,63.4
117,weekend,18,249.4,0.4,60.6
117,weekend,19,216.3,0.6,60.2
117,weekend,20,166.9,0.7,54.8
117,weekend,21,129.0,0.6,57.0
117,weekend,22,74.6,1.3,53.0
117,weekend,23,48.3,0.9,51.6
118,weekday,0,0.0,0.2,14.5
118,weekday,1,0.0,0.0,5.6
118,weekday,2,0.0,0.0,4.0
118,weekday,3,0.0,0.0,4.2
118,weekday,4,0.0,0.0,4.5
118,weekday,5,0.0,0.0,10.2
118,weekday,6,0.0,0.1,18.1
118,weekday,7,0.0,0.1,30.5
118,weekday,8,0.0,0.2,35.2
118,weekday,9,0.0,0.1,33.7
118,weekday,10,0.0,0.0,32.9
118,weekday,11,0.0,0.0,31.1
118,weekday,12,0.0,0.1,37.1
118,weekday,13,0.0,0.1,43.4
118,weekday,14,0.0,0.0,53.3
118,weekday,15,0.0,0.1,52.9
118,weekday,16,0.0,0.0,50.1
118,weekday,17,0.0,0.0,48.4
118,weekday,18,0.0,0.0,46.7
118,weekday,19,0.0,0.1,40.1
118,weekday,20,0.0,0.1,34.7
118,weekday,21,0.0,0.1,32.7
118,weekday,22,0.0,0.0,20.9
118,weekday,23,0.0,0.0,18.1
118,weekend,0,0.0,0.0,22.1
118,weekend,1,0.0,0.1,16.6
118,weekend,2,0.0,0.1,9.2
118,weekend,3,0.0,0.0,8.6
118,weekend,4,0.0,0.0,5.6
118,weekend,5,0.0,0.0,6.4
118,weekend,6,0.0,0.0,13.4
118,weekend,7,0.0,0.1,15.3
118,weekend,8,0.0,0.0,20.6
118,weekend,9,0.0,0.1,22.9
118,weekend,10,0.0,0.0,23.9
118,weekend,11,0.0,0.0,30.3
118,weekend,12,0.0,0.0,32.4
118,weekend,13,0.0,0.0,38.6
118,weekend,14,0.0,0.1,42.3
118,weekend,15,0.0,0.0,48.2
118,weekend,16,0.0,0.0,50.8
118,weekend,17,0.0,0.0,54.7
118,weekend,18,0.0,0.0,55.1
118,weekend,19,0.0,0.0,47.0
118,weekend,20,0.0,0.2,41.9
118,weekend,21,0.0,0.0,34.9
118,weekend,22,0.0,0.0,27.4
118,weekend,23,0.0,0.2,25.7
119,weekday,0,0.0,0.7,60.7
119,weekday,1,0.0,0.1,41.2
119,weekday,2,0.0,0.2,29.5
119,weekday,3,0.0,0.3,25.2
119,weekday,4,0.0,0.8,37.9
119,weekday,5,0.0,0.7,52.4
119,weekday,6,0.0,1.7,92.5
119,weekday,7,0.0,2.5,152.4
119,weekday,8,0.0,2.1,179.5
119,weekday,9,0.0,1.8,142.5
119,weekday,10,0.0,1.1,108.9
119,weekday,11,0.0,0.9,87.4
119,weekday,12,0.0,0.6,86.4
119,weekday,13,0.0,1.2,90.1
119,weekday,14,0.0,1.1,101.9
119,weekday,15,0.0,1.0,109.2
119,weekday,16,0.0,0.6,102.6
119,weekday,17,0.0,0.8,99.2
119,weekday,18,0.0,0.8,95.4
119,weekday,19,0.0,0.5,82.2
119,weekday,20,0.0,1.3,79.6
119,weekday,21,0.0,4.1,112.9
119,weekday,22,0.0,3.2,114.9
119,weekday,23,0.0,0.8,78.9
119,weekend,0,0.0,1.9,117.8
119,weekend,1,0.0,1.4,88.8
119,weekend,2,0.0,0.6,72.2
119,weekend,3,0.0,0.2,56.6
119,weekend,4,0.0,1.8,58.2
119,weekend,5,0.0,0.9,45.9
119,weekend,6,0.0,1.0,65.9
119,weekend,7,0.0,1.3,78.2
119,weekend,8,0.0,1.2,79.0
119,weekend,9,0.0,1.9,89.8
119,weekend,10,0.0,1.4,104.6
119,weekend,11,0.0,1.9,103.4
119,weekend,12,0.0,2.2,94.9
119,weekend,13,0.0,2.2,98.3
119,weekend,14,0.0,2.1,104.1
119,weekend,15,0.0,3.2,113.1
119,weekend,16,0.0,2.9,116.2
119,weekend,17,0.0,1.9,101.0
119,weekend,18,0.0,1.9,102.2
119,weekend,19,0.0,1.4,102.6
119,weekend,20,0.0,1.4,97.7
119,weekend,21,0.0,2.7,126.1
119,weekend,22,0.0,4.9,142.4
119,weekend,23,0.0,3.9,124.9
120,weekday,0,0.0,0.1,1.4
120,weekday,1,0.0,0.0,1.0
120,weekday,2,0.0,0.0,0.8
120,weekday,3,0.0,0.1,0.9
120,weekday,4,0.0,0.1,0.8
120,weekday,5,0.0,0.0,0.8
120,weekday,6,0.0,0.1,1.2
120,weekday,7,0.0,0.3,3.2
120,weekday,8,0.0,0.4,3.3
120,weekday,9,0.0,0.1,2.6
120,weekday,10,0.0,0.1,2.8
120,weekday,11,0.0,0.1,4.2
120,weekday,12,0.0,0.2,2.5
120,weekday,13,0.0,0.1,2.4
120,weekday,14,0.0,0.1,4.5
120,weekday,15,0.0,0.2,3.4
120,weekday,16,0.0,0.2,3.1
120,weekday,17,0.0,0.1,2.9
120,weekday,18,0.0,0.2,2.9
120,weekday,19,0.0,0.2,2.4
120,weekday,20,0.0,0.0,2.2
120,weekday,21,0.0,0.1,2.0
120,weekday,22,0.0,0.1,2.7
120,weekday,23,0.0,0.2,2.0
120,weekend,0,0.0,0.1,3.7
120,weekend,1,0.0,0.1,3.0
120,weekend,2,0.0,0.3,3.2
120,weekend,3,0.0,0.2,2.6
120,weekend,4,0.0,0.4,1.7
120,weekend,5,0.0,0.2,1.7
120,weekend,6,0.0,0.1,1.3
120,weekend,7,0.0,0.3,2.1
120,weekend,8,0.0,0.0,2.3
120,weekend,9,0.0,0.0,2.2
120,weekend,10,0.0,0.2,3.8
120,weekend,11,0.0,0.2,2.3
120,weekend,12,0.0,0.2,2.8
120,weekend,13,0.0,0.0,2.9
120,weekend,14,0.0,0.3,2.4
120,weekend,15,0.0,0.2,2.8
120,weekend,16,0.0,0.1,3.0
120,weekend,17,0.0,0.1,4.0
120,weekend,18,0.0,0.7,4.1
120,weekend,19,0.0,0.1,3.6
120,weekend,20,0.0,0.1,3.9
120,weekend,21,0.0,0.0,3.2
120,weekend,22,0.0,0.1,5.0
120,weekend,23,0.0,0.4,3.9
121,weekday,0,0.0,0.8,21.9
121,weekday,1,0.0,0.5,13.8
121,weekday,2,0.0,0.2,10.1
121,weekday,3,0.0,0.7,11.5
121,weekday,4,0.0,0.8,19.9
121,weekday,5,0.0,0.8,34.6
121,weekday,6,0.0,1.4,61.1
121,weekday,7,0.0,2.7,91.5
121,weekday,8,0.0,1.4,108.2
121,weekday,9,0.0,1.4,88.5
121,weekday,10,0.0,1.2,76.8
121,weekday,11,0.0,1.6,87.7
121,weekday,12,0.0,1.2,78.2
121,weekday,13,0.0,1.6,71.2
121,weekday,14,0.0,2.5,89.1
121,weekday,15,0.0,2.2,92.2
121,weekday,16,0.0,2.3,106.1
121,weekday,17,0.0,1.3,81.4
121,weekday,18,0.0,0.5,61.4
121,weekday,19,0.0,0.6,53.4
121,weekday,20,0.0,0.4,49.4
121,weekday,21,0.0,0.5,53.8
121,weekday,22,0.0,0.5,38.9
121,weekday,23,0.0,0.9,34.2
121,weekend,0,0.0,1.2,39.6
121,weekend,1,0.0,1.1,25.3
121,weekend,2,0.0,0.3,15.6
121,weekend,3,0.0,0.2,15.4
121,weekend,4,0.0,0.6,18.1
121,weekend,5,0.0,1.6,29.8
121,weekend,6,0.0,0.9,36.0
121,weekend,7,0.0,0.8,48.7
121,weekend,8,0.0,2.1,54.9
121,weekend,9,0.0,1.0,56.4
121,weekend,10,0.0,1.6,61.9
121,weekend,11,0.0,3.1,76.9
121,weekend,12,0.0,2.0,65.6
121,weekend,13,0.0,1.2,66.4
121,weekend,14,0.0,2.4,69.0
121,weekend,15,0.0,0.9,74.2
121,weekend,16,0.0,1.7,82.0
121,weekend,17,0.0,0.7,58.0
121,weekend,18,0.0,0.6,60.3
121,weekend,19,0.0,1.4,61.0
121,weekend,20,0.0,0.8,51.7
121,weekend,21,0.0,1.1,49.9
121,weekend,22,0.0,2.2,50.1
121,weekend,23,0.0,2.2,45.9
122,weekday,0,0.0,0.8,17.3
122,weekday,1,0.0,0.1,9.6
122,weekday,2,0.0,0.1,7.1
122,weekday,3,0.0,0.1,9.2
122,weekday,4,0.0,0.6,13.9
122,weekday,5,0.0,1.2,22.5
122,weekday,6,0.0,2.1,34.9
122,weekday,7,0.0,3.1,53.7
122,weekday,8,0.0,2.2,81.9
122,weekday,9,0.0,1.1,60.4
122,weekday,10,0.0,0.7,43.1
122,weekday,11,0.0,0.8,38.4
122,weekday,12,0.0,0.7,36.9
122,weekday,13,0.0,0.7,40.9
122,weekday,14,0.0,0.6,50.8
122,weekday,15,0.0,0.9,43.1
122,weekday,16,0.0,0.6,37.1
122,weekday,17,0.0,0.2,42.5
122,weekday,18,0.0,0.2,39.3
122,weekday,19,0.0,0.4,33.4
122,weekday,20,0.0,0.2,26.0
122,weekday,21,0.0,0.2,27.7
122,weekday,22,0.0,0.3,29.6
122,weekday,23,0.0,0.1,25.1
122,weekend,0,0.0,0.4,32.4
122,weekend,1,0.0,0.8,25.0
122,weekend,2,0.0,0.6,18.3
122,weekend,3,0.0,0.2,15.8
122,weekend,4,0.0,0.3,15.4
122,weekend,5,0.0,0.6,16.8
122,weekend,6,0.0,1.0,27.8
122,weekend,7,0.0,1.4,35.3
122,weekend,8,0.0,0.8,37.2
122,weekend,9,0.0,1.4,44.2
122,weekend,10,0.0,0.8,40.0
122,weekend,11,0.0,1.4,48.6
122,weekend,12,0.0,0.7,39.6
122,weekend,13,0.0,0.6,41.6
122,weekend,14,0.0,1.0,43.7
122,weekend,15,0.0,1.4,48.4
122,weekend,16,0.0,0.2,37.1
122,weekend,17,0.0,0.7,42.1
122,weekend,18,0.0,0.2,40.2
122,weekend,19,0.0,0.8,43.4
122,weekend,20,0.0,1.0,36.1
122,weekend,21,0.0,0.7,38.7
122,weekend,22,0.0,0.8,36.1
122,weekend,23,0.0,1.1,34.7
123,weekday,0,4.9,1.1,35.2
123,weekday,1,2.7,0.2,16.8
123,weekday,2,4.5,0.2,14.8
123,weekday,3,3.5,0.0,11.6
123,weekday,4,31.3,0.4,14.6
123,weekday,5,70.1,0.7,20.1
123,weekday,6,137.2,0.9,40.2
123,weekday,7,291.9,2.4,92.1
123,weekday,8,301.6,2.2,154.9
123,weekday,9,163.2,1.9,150.1
123,weekday,10,103.4,1.9,119.0
123,weekday,11,80.4,3.2,114.5
123,weekday,12,82.9,2.3,121.9
123,weekday,13,92.1,2.9,117.9
123,weekday,14,119.8,1.9,123.9
123,weekday,15,110.2,2.5,121.6
123,weekday,16,127.3,2.1,127.8
123,weekday,17,142.5,1.7,145.3
123,weekday,18,92.5,1.7,121.4
123,weekday,19,58.9,0.8,106.7
123,weekday,20,45.3,0.7,82.8
123,weekday,21,31.2,0.6,77.0
123,weekday,22,19.4,0.9,65.8
123,weekday,23,6.6,1.0,51.2
123,weekend,0,6.4,1.2,61.0
123,weekend,1,4.3,0.6,54.2
123,weekend,2,4.9,0.4,38.4
123,weekend,3,3.1,0.3,29.0
123,weekend,4,10.2,0.2,26.0
123,weekend,5,25.3,0.4,19.8
123,weekend,6,57.4,0.3,22.1
123,weekend,7,96.8,1.2,37.6
123,weekend,8,103.1,1.6,53.4
123,weekend,9,109.1,1.0,65.1
123,weekend,10,86.9,1.1,73.4
123,weekend,11,82.9,1.3,72.6
123,weekend,12,87.7,0.9,83.3
123,weekend,13,80.2,1.8,92.7
123,weekend,14,90.4,1.7,75.9
123,weekend,15,70.6,1.1,87.3
123,weekend,16,77.2,0.7,86.0
123,weekend,17,62.6,1.1,74.9
123,weekend,18,50.9,1.4,78.7
123,weekend,19,43.4,0.9,79.3
123,weekend,20,32.4,1.0,68.3
123,weekend,21,24.8,0.7,76.9
123,weekend,22,17.9,1.6,72.8
123,weekend,23,8.8,1.1,65.7
124,weekday,0,0.0,1.1,27.1
124,weekday,1,0.0,0.5,13.4
124,weekday,2,0.0,0.3,7.5
124,weekday,3,0.0,0.3,11.5
124,weekday,4,0.0,0.1,18.4
124,weekday,5,0.0,1.1,25.6
124,weekday,6,0.0,1.1,41.1
124,weekday,7,0.0,0.8,55.3
124,weekday,8,0.0,1.1,65.5
124,weekday,9,0.0,1.5,55.2
124,weekday,10,0.0,0.8,43.1
124,weekday,11,0.0,0.9,48.8
124,weekday,12,0.0,1.1,48.8
124,weekday,13,0.0,1.0,51.9
124,weekday,14,0.0,1.2,64.5
124,weekday,15,0.0,1.1,61.3
124,weekday,16,0.0,0.5,57.8
124,weekday,17,0.0,0.8,57.9
124,weekday,18,0.0,0.9,54.8
124,weekday,19,0.0,0.9,51.9
124,weekday,20,0.0,0.9,50.9
124,weekday,21,0.0,0.8,46.9
124,weekday,22,0.0,1.0,43.1
124,weekday,23,0.0,1.6,43.6
124,weekend,0,0.0,1.4,44.2
124,weekend,1,0.0,1.2,30.7
124,weekend,2,0.0,1.1,23.0
124,weekend,3,0.0,0.4,18.8
124,weekend,4,0.0,0.3,16.4
124,weekend,5,0.0,0.6,21.4
124,weekend,6,0.0,0.6,27.0
124,weekend,7,0.0,0.7,29.8
124,weekend,8,0.0,0.4,35.8
124,weekend,9,0.0,0.8,38.1
124,weekend,10,0.0,0.9,44.9
124,weekend,11,0.0,1.6,51.8
124,weekend,12,0.0,0.8,49.3
124,weekend,13,0.0,1.0,51.7
124,weekend,14,0.0,0.8,53.0
124,weekend,15,0.0,0.9,58.4
124,weekend,16,0.0,1.3,61.1
124,weekend,17,0.0,1.4,56.6
124,weekend,18,0.0,0.8,50.9
124,weekend,19,0.0,1.1,55.2
124,weekend,20,0.0,0.6,54.4
124,weekend,21,0.0,1.9,55.9
124,weekend,22,0.0,2.4,49.4
124,weekend,23,0.0,1.7,43.0
125,weekday,0,202.6,14.5,52.6
125,weekday,1,77.5,8.3,29.6
125,weekday,2,33.5,7.5,20.3
125,weekday,3,19.4,5.4,18.8
125,weekday,4,19.1,4.4,18.1
125,weekday,5,44.4,3.0,28.3
125,weekday,6,157.4,6.8,43.9
125,weekday,7,440.6,21.1,75.4
125,weekday,8,1110.7,34.6,118.3
125,weekday,9,907.9,31.9,114.7
125,weekday,10,727.5,32.0,100.0
125,weekday,11,831.9,30.3,110.4
125,weekday,12,1099.5,32.6,121.6
125,weekday,13,1333.6,36.0,126.4
125,weekday,14,1824.3,37.0,134.5
125,weekday,15,2537.4,38.2,132.2
125,weekday,16,3528.4,41.8,143.7
125,weekday,17,5209.6,54.9,170.9
125,weekday,18,3345.1,61.1,183.2
125,weekday,19,2044.2,50.8,158.9
125,weekday,20,1402.8,46.3,158.3
125,weekday,21,1067.6,55.4,142.5
125,weekday,22,802.4,53.4,121.3
125,weekday,23,488.9,33.7,82.2
125,weekend,0,480.3,56.0,100.0
125,weekend,1,264.0,51.4,87.2
125,weekend,2,146.4,41.1,75.1
125,weekend,3,80.7,28.8,62.2
125,weekend,4,53.1,14.6,40.6
125,weekend,5,27.0,4.4,26.1
125,weekend,6,46.4,4.3,23.9
125,weekend,7,106.0,5.7,40.8
125,weekend,8,146.3,12.1,55.1
125,weekend,9,292.3,17.8,70.3
125,weekend,10,443.6,25.8,93.4
125,weekend,11,585.8,25.7,102.7
125,weekend,12,833.8,30.0,110.4
125,weekend,13,1067.7,36.3,104.8
125,weekend,14,1235.0,39.2,95.1
125,weekend,15,1382.2,35.6,91.4
125,weekend,16,1496.4,35.0,98.3
125,weekend,17,1485.3,41.7,105.4
125,weekend,18,1477.4,45.0,122.2
125,weekend,19,1270.1,43.3,121.9
125,weekend,20,939.0,35.9,107.0
125,weekend,21,787.7,30.9,95.9
125,weekend,22,696.7,37.0,92.1
125,weekend,23,507.2,32.3,80.6
126,weekday,0,67.2,0.5,57.5
126,weekday,1,39.2,0.5,38.4
126,weekday,2,35.4,0.1,27.4
126,weekday,3,72.6,0.2,25.8
126,weekday,4,174.4,0.4,40.3
126,weekday,5,571.8,0.5,57.9
126,weekday,6,1031.1,1.2,72.1
126,weekday,7,1604.4,1.8,119.5
126,weekday,8,1426.4,1.8,134.8
126,weekday,9,839.8,1.2,104.5
126,weekday,10,632.2,0.9,92.3
126,weekday,11,602.4,1.2,87.7
126,weekday,12,625.7,0.8,96.1
126,weekday,13,754.3,1.6,98.1
126,weekday,14,863.1,1.6,101.0
126,weekday,15,930.5,1.2,110.0
126,weekday,16,977.0,1.5,122.6
126,weekday,17,921.2,1.6,128.9
126,weekday,18,542.5,1.1,108.1
126,weekday,19,433.5,0.6,94.0
126,weekday,20,310.3,1.1,75.2
126,weekday,21,256.5,0.6,74.1
126,weekday,22,212.9,0.4,70.9
126,weekday,23,128.9,1.1,76.4
126,weekend,0,80.3,1.8,94.7
126,weekend,1,41.2,0.9,73.9
126,weekend,2,34.2,0.1,45.3
126,weekend,3,44.6,1.0,39.8
126,weekend,4,67.2,0.9,50.0
126,weekend,5,187.6,1.0,50.9
126,weekend,6,340.2,1.1,46.7
126,weekend,7,424.3,1.2,56.3
126,weekend,8,423.7,1.4,64.2
126,weekend,9,409.0,0.8,74.2
126,weekend,10,411.7,2.2,79.1
126,weekend,11,400.2,1.4,84.7
126,weekend,12,444.0,2.3,87.6
126,weekend,13,487.3,2.1,89.3
126,weekend,14,548.3,2.0,93.9
126,weekend,15,506.6,2.2,86.8
126,weekend,16,434.0,2.7,99.3
126,weekend,17,365.9,2.6,96.1
126,weekend,18,315.9,1.9,98.4
126,weekend,19,268.0,2.0,91.8
126,weekend,20,234.6,2.1,89.0
126,weekend,21,210.0,1.3,90.8
126,weekend,22,173.8,1.7,91.3
126,weekend,23,102.2,1.1,94.0
127,weekday,0,46.2,2.1,79.2
127,weekday,1,26.3,1.4,65.6
127,weekday,2,20.4,0.9,51.1
127,weekday,3,30.6,0.8,41.1
127,weekday,4,97.5,0.8,50.7
127,weekday,5,331.8,1.0,54.2
127,weekday,6,711.9,2.5,89.0
127,weekday,7,1397.0,4.6,136.3
127,weekday,8,1455.7,5.4,164.8
127,weekday,9,822.9,2.6,113.5
127,weekday,10,573.0,1.9,97.5
127,weekday,11,531.0,1.1,81.7
127,weekday,12,548.4,1.8,87.5
127,weekday,13,612.6,2.5,89.9
127,weekday,14,715.1,2.7,101.1
127,weekday,15,778.1,3.4,104.1
127,weekday,16,740.7,2.6,107.9
127,weekday,17,710.9,3.1,101.9
127,weekday,18,518.6,3.4,107.1
127,weekday,19,390.4,2.4,99.5
127,weekday,20,290.4,1.8,86.8
127,weekday,21,231.1,2.2,89.2
127,weekday,22,165.5,3.6,97.1
127,weekday,23,101.1,2.7,89.0
127,weekend,0,53.4,6.4,164.6
127,weekend,1,35.2,4.0,150.4
127,weekend,2,25.3,4.1,138.6
127,weekend,3,27.0,5.4,153.3
127,weekend,4,50.7,6.4,165.7
127,weekend,5,107.9,1.4,70.0
127,weekend,6,199.3,1.4,56.7
127,weekend,7,262.4,2.3,70.3
127,weekend,8,314.4,3.8,77.9
127,weekend,9,338.1,3.9,98.6
127,weekend,10,373.0,3.7,102.1
127,weekend,11,401.6,4.2,100.7
127,weekend,12,441.8,4.0,102.2
127,weekend,13,466.1,3.7,108.7
127,weekend,14,453.8,5.3,108.7
127,weekend,15,414.4,4.0,105.7
127,weekend,16,383.7,4.1,111.0
127,weekend,17,355.7,5.0,117.0
127,weekend,18,299.6,7.2,124.1
127,weekend,19,236.0,3.7,118.0
127,weekend,20,206.9,4.0,128.2
127,weekend,21,184.4,4.7,142.4
127,weekend,22,134.4,6.2,153.3
127,weekend,23,89.7,7.0,145.8
128,weekday,0,0.0,0.1,6.3
128,weekday,1,0.0,0.1,3.5
128,weekday,2,0.0,0.0,1.8
128,weekday,3,0.0,0.0,2.2
128,weekday,4,0.0,0.0,1.2
128,weekday,5,0.0,0.0,1.6
128,weekday,6,0.0,0.1,3.8
128,weekday,7,0.0,0.1,9.1
128,weekday,8,0.0,0.4,8.3
128,weekday,9,0.0,0.1,5.6
128,weekday,10,0.0,0.1,6.5
128,weekday,11,0.0,0.1,6.9
128,weekday,12,0.0,0.2,7.8
128,weekday,13,0.0,0.5,8.2
128,weekday,14,0.0,0.1,8.2
128,weekday,15,0.0,0.3,10.9
128,weekday,16,0.0,0.1,10.5
128,weekday,17,0.0,0.5,9.9
128,weekday,18,0.0,0.1,8.1
128,weekday,19,0.0,0.5,12.4
128,weekday,20,0.0,0.2,11.6
128,weekday,21,0.0,0.5,11.4
128,weekday,22,0.0,0.2,11.1
128,weekday,23,0.0,0.6,12.4
128,weekend,0,0.0,0.6,7.7
128,weekend,1,0.0,0.0,6.1
128,weekend,2,0.0,0.0,4.0
128,weekend,3,0.0,0.0,2.6
128,weekend,4,0.0,0.0,1.9
128,weekend,5,0.0,0.1,2.2
128,weekend,6,0.0,0.0,3.6
128,weekend,7,0.0,0.0,10.1
128,weekend,8,0.0,0.2,7.8
128,weekend,9,0.0,0.6,4.8
128,weekend,10,0.0,0.3,7.3
128,weekend,11,0.0,0.1,9.4
128,weekend,12,0.0,0.2,9.3
128,weekend,13,0.0,0.3,9.1
128,weekend,14,0.0,0.6,8.1
128,weekend,15,0.0,0.1,9.9
128,weekend,16,0.0,0.8,11.4
128,weekend,17,0.0,0.6,9.8
128,weekend,18,0.0,0.7,8.3
128,weekend,19,0.0,0.2,14.0
128,weekend,20,0.0,0.0,11.4
128,weekend,21,0.0,0.7,13.0
128,weekend,22,0.0,0.6,9.7
128,weekend,23,0.0,0.4,11.2
129,weekday,0,88.4,11.8,135.5
129,weekday,1,56.5,7.3,101.0
129,weekday,2,50.1,5.9,77.1
129,weekday,3,98.2,6.8,92.2
129,weekday,4,372.5,7.9,138.8
129,weekday,5,1094.6,6.0,148.4
129,weekday,6,2130.3,7.6,224.3
129,weekday,7,2814.9,10.5,319.9
129,weekday,8,2591.2,11.0,358.0
129,weekday,9,1761.8,8.9,290.4
129,weekday,10,1388.7,7.8,243.1
129,weekday,11,1172.2,8.0,225.4
129,weekday,12,1206.9,7.2,223.0
129,weekday,13,1360.7,7.4,225.2
129,weekday,14,1481.4,8.3,255.7
129,weekday,15,1546.8,7.5,230.9
129,weekday,16,1529.1,8.2,225.6
129,weekday,17,1471.1,8.0,241.9
129,weekday,18,1223.4,6.8,237.2
129,weekday,19,910.9,6.5,211.2
129,weekday,20,692.0,5.8,186.5
129,weekday,21,474.9,7.2,185.5
129,weekday,22,318.9,9.1,185.9
129,weekday,23,174.8,9.9,162.9
129,weekend,0,139.3,13.4,278.1
129,weekend,1,101.0,10.7,259.6
129,weekend,2,74.1,10.8,221.8
129,weekend,3,87.1,13.1,213.7
129,weekend,4,206.0,13.9,259.1
129,weekend,5,367.1,10.3,181.8
129,weekend,6,712.0,8.0,170.2
129,weekend,7,859.3,7.3,170.7
129,weekend,8,1022.7,10.3,208.8
129,weekend,9,1140.0,10.7,249.2
129,weekend,10,1171.6,14.4,270.4
129,weekend,11,1128.0,10.3,264.6
129,weekend,12,1155.4,9.8,261.7
129,weekend,13,1292.6,11.7,288.0
129,weekend,14,1347.3,11.0,290.9
129,weekend,15,1253.0,9.9,292.2
129,weekend,16,1103.9,9.7,276.1
129,weekend,17,980.9,11.2,266.0
129,weekend,18,848.2,12.2,277.1
129,weekend,19,718.7,11.9,257.9
129,weekend,20,584.2,12.0,256.4
129,weekend,21,428.7,18.4,270.7
129,weekend,22,316.0,18.2,261.1
129,weekend,23,200.9,21.4,250.2
130,weekday,0,394.4,18.3,177.1
130,weekday,1,243.1,12.9,127.8
130,weekday,2,211.8,7.1,79.9
130,weekday,3,331.0,3.4,57.5
130,weekday,4,993.6,2.8,76.8
130,weekday,5,3466.7,3.5,92.7
130,weekday,6,6549.4,5.0,152.8
130,weekday,7,8449.8,6.8,213.8
130,weekday,8,7119.9,9.3,287.9
130,weekday,9,4107.2,6.5,257.2
130,weekday,10,3033.6,6.3,229.3
130,weekday,11,2841.4,7.4,230.3
130,weekday,12,2972.3,11.2,239.5
130,weekday,13,3196.8,11.4,253.5
130,weekday,14,3425.5,12.7,287.1
130,weekday,15,3672.5,12.8,301.9
130,weekday,16,3850.0,13.3,322.6
130,weekday,17,3920.2,12.1,348.3
130,weekday,18,2894.7,10.8,329.5
130,weekday,19,1935.4,8.9,277.2
130,weekday,20,1605.6,8.9,234.3
130,weekday,21,1365.1,10.1,232.6
130,weekday,22,1047.3,12.8,226.2
130,weekday,23,657.1,16.9,236.5
130,weekend,0,445.1,16.0,284.2
130,weekend,1,253.1,12.7,233.1
130,weekend,2,200.3,11.0,174.6
130,weekend,3,194.4,7.9,129.6
130,weekend,4,411.9,5.7,123.9
130,weekend,5,913.6,3.8,102.0
130,weekend,6,1587.9,4.7,126.9
130,weekend,7,1852.0,5.8,148.7
130,weekend,8,1930.9,4.8,183.2
130,weekend,9,1907.1,5.8,193.9
130,weekend,10,1840.2,7.8,216.1
130,weekend,11,1883.4,8.1,221.6
130,weekend,12,1977.6,10.0,235.7
130,weekend,13,2185.1,12.7,275.2
130,weekend,14,2227.7,16.6,325.9
130,weekend,15,2110.7,16.4,341.6
130,weekend,16,2025.6,14.4,329.6
130,weekend,17,1910.9,14.2,328.7
130,weekend,18,1752.6,12.8,324.9
130,weekend,19,1447.6,12.1,309.3
130,weekend,20,1345.2,15.0,291.1
130,weekend,21,1202.2,16.2,284.7
130,weekend,22,979.3,19.7,261.1
130,weekend,23,607.1,21.9,270.0
131,weekday,0,0.0,1.1,17.1
131,weekday,1,0.0,0.4,11.9
131,weekday,2,0.0,0.1,8.1
131,weekday,3,0.0,0.4,8.8
131,weekday,4,0.0,0.6,14.1
131,weekday,5,0.0,0.8,26.8
131,weekday,6,0.0,2.2,34.0
131,weekday,7,0.0,3.4,63.3
131,weekday,8,0.0,2.3,84.2
131,weekday,9,0.0,1.2,66.8
131,weekday,10,0.0,0.8,58.5
131,weekday,11,0.0,1.2,53.7
131,weekday,12,0.0,1.7,61.1
131,weekday,13,0.0,1.1,61.5
131,weekday,14,0.0,1.4,71.7
131,weekday,15,0.0,1.8,65.2
131,weekday,16,0.0,0.6,62.1
131,weekday,17,0.0,1.0,66.9
131,weekday,18,0.0,1.1,57.9
131,weekday,19,0.0,0.8,48.4
131,weekday,20,0.0,0.2,37.8
131,weekday,21,0.0,0.2,32.7
131,weekday,22,0.0,0.5,30.9
131,weekday,23,0.0,0.5,26.4
131,weekend,0,0.0,0.7,37.6
131,weekend,1,0.0,0.9,24.4
131,weekend,2,0.0,0.3,19.2
131,weekend,3,0.0,0.3,14.9
131,weekend,4,0.0,0.8,17.7
131,weekend,5,0.0,0.9,20.4
131,weekend,6,0.0,2.0,23.3
131,weekend,7,0.0,1.2,36.7
131,weekend,8,0.0,1.6,42.0
131,weekend,9,0.0,2.2,52.0
131,weekend,10,0.0,1.7,54.8
131,weekend,11,0.0,2.3,52.6
131,weekend,12,0.0,1.6,50.8
131,weekend,13,0.0,2.3,57.9
131,weekend,14,0.0,1.2,58.9
131,weekend,15,0.0,2.1,55.2
131,weekend,16,0.0,0.9,52.9
131,weekend,17,0.0,0.7,53.4
131,weekend,18,0.0,0.8,49.8
131,weekend,19,0.0,0.2,48.1
131,weekend,20,0.0,1.0,40.8
131,weekend,21,0.0,0.8,42.1
131,weekend,22,0.0,1.4,41.3
131,weekend,23,0.0,1.8,32.7
132,weekday,0,76.1,383.6,908.1
132,weekday,1,56.3,223.1,543.3
132,weekday,2,25.4,60.1,220.8
132,weekday,3,16.8,25.5,120.4
132,weekday,4,26.0,19.6,99.8
132,weekday,5,71.3,80.4,208.4
132,weekday,6,156.0,155.9,387.8
132,weekday,7,223.2,171.1,401.2
132,weekday,8,206.6,135.2,324.9
132,weekday,9,114.3,123.4,309.1
132,weekday,10,114.9,143.6,367.6
132,weekday,11,135.3,171.4,359.5
132,weekday,12,150.6,215.9,377.1
132,weekday,13,148.6,229.5,358.2
132,weekday,14,200.1,344.3,426.1
132,weekday,15,243.5,391.4,546.5
132,weekday,16,217.9,448.9,623.9
132,weekday,17,203.1,433.7,585.8
132,weekday,18,164.2,381.7,536.2
132,weekday,19,143.9,380.4,594.0
132,weekday,20,140.6,391.6,648.2
132,weekday,21,106.6,369.6,655.8
132,weekday,22,96.1,383.4,713.4
132,weekday,23,81.1,380.0,710.2
132,weekend,0,80.6,294.6,655.6
132,weekend,1,51.3,157.1,392.2
132,weekend,2,29.2,63.4,208.1
132,weekend,3,15.9,35.6,149.6
132,weekend,4,17.3,23.2,81.2
132,weekend,5,35.1,73.3,164.1
132,weekend,6,77.7,121.0,329.3
132,weekend,7,99.9,163.8,440.3
132,weekend,8,106.3,131.2,369.3
132,weekend,9,112.0,129.9,357.4
132,weekend,10,129.3,157.2,426.7
132,weekend,11,158.8,180.9,443.3
132,weekend,12,157.6,232.1,433.7
132,weekend,13,142.7,298.9,456.9
132,weekend,14,192.6,385.9,531.7
132,weekend,15,210.4,481.1,714.8
132,weekend,16,205.6,511.2,804.8
132,weekend,17,184.3,477.8,716.3
132,weekend,18,179.3,457.6,700.7
132,weekend,19,154.2,446.8,738.0
132,weekend,20,156.4,446.7,746.2
132,weekend,21,125.0,474.0,787.3
132,weekend,22,124.6,453.7,847.2
132,weekend,23,109.8,469.9,892.1
133,weekday,0,44.5,1.1,27.6
133,weekday,1,21.6,0.5,16.3
133,weekday,2,15.8,0.4,10.3
133,weekday,3,33.9,0.9,10.6
133,weekday,4,93.9,0.6,17.1
133,weekday,5,286.6,0.6,22.9
133,weekday,6,629.0,3.5,48.2
133,weekday,7,1359.3,3.8,81.4
133,weekday,8,1297.9,5.2,97.1
133,weekday,9,752.4,3.4,86.1
133,weekday,10,486.6,1.6,70.8
133,weekday,11,429.6,2.0,64.2
133,weekday,12,409.8,2.1,64.4
133,weekday,13,439.8,2.1,66.2
133,weekday,14,487.4,2.0,72.5
133,weekday,15,490.4,1.7,64.5
133,weekday,16,553.8,1.6,62.1
133,weekday,17,670.5,2.9,65.5
133,weekday,18,468.2,2.3,65.9
133,weekday,19,313.5,1.6,60.3
133,weekday,20,211.6,1.2,51.5
133,weekday,21,155.7,1.0,49.8
133,weekday,22,109.9,1.9,50.5
133,weekday,23,76.4,1.3,40.6
133,weekend,0,38.4,2.3,48.3
133,weekend,1,20.6,1.2,31.3
133,weekend,2,13.9,0.6,23.4
133,weekend,3,15.2,0.6,17.6
133,weekend,4,59.2,0.4,17.4
133,weekend,5,103.8,1.1,19.0
133,weekend,6,203.3,1.8,29.8
133,weekend,7,306.3,2.2,43.4
133,weekend,8,373.2,2.9,60.1
133,weekend,9,379.1,2.1,59.6
133,weekend,10,416.4,2.4,70.1
133,weekend,11,417.6,3.0,69.2
133,weekend,12,433.8,2.4,76.4
133,weekend,13,439.9,3.7,71.6
133,weekend,14,412.4,2.2,68.0
133,weekend,15,365.7,1.3,65.1
133,weekend,16,355.8,2.0,72.2
133,weekend,17,329.9,2.1,64.7
133,weekend,18,279.2,2.8,69.2
133,weekend,19,218.4,1.2,67.4
133,weekend,20,179.9,2.6,53.8
133,weekend,21,140.4,1.2,55.2
133,weekend,22,100.0,2.8,61.4
133,weekend,23,71.0,1.8,58.6
134,weekday,0,27.3,2.6,26.8
134,weekday,1,14.6,0.8,20.5
134,weekday,2,14.8,0.3,13.7
134,weekday,3,29.6,0.4,14.2
134,weekday,4,99.5,0.8,30.1
134,weekday,5,322.7,1.0,47.9
134,weekday,6,606.0,1.5,73.1
134,weekday,7,1018.5,4.2,93.9
134,weekday,8,916.4,2.9,114.1
134,weekday,9,509.1,1.9,104.2
134,weekday,10,371.6,1.9,88.4
134,weekday,11,319.5,2.2,80.5
134,weekday,12,300.8,4.0,81.0
134,weekday,13,339.3,5.2,84.7
134,weekday,14,431.5,5.6,92.2
134,weekday,15,406.7,3.9,92.0
134,weekday,16,489.2,4.6,102.1
134,weekday,17,441.8,5.9,105.1
134,weekday,18,264.1,5.9,93.1
134,weekday,19,199.4,3.6,67.4
134,weekday,20,132.6,2.2,55.6
134,weekday,21,103.6,2.0,50.5
134,weekday,22,73.7,1.8,49.6
134,weekday,23,52.9,2.2,39.1
134,weekend,0,28.8,3.0,54.2
134,weekend,1,20.1,1.2,38.6
134,weekend,2,12.8,1.6,27.8
134,weekend,3,16.9,1.9,26.6
134,weekend,4,44.1,1.6,37.9
134,weekend,5,99.0,1.8,46.4
134,weekend,6,173.3,0.7,58.8
134,weekend,7,258.1,1.8,52.0
134,weekend,8,267.0,2.8,54.7
134,weekend,9,290.4,1.6,74.0
134,weekend,10,271.1,2.7,72.6
134,weekend,11,270.8,2.4,68.9
134,weekend,12,273.7,2.4,77.6
134,weekend,13,304.0,5.4,75.9
134,weekend,14,272.8,3.3,84.6
134,weekend,15,277.4,4.7,82.4
134,weekend,16,237.1,3.8,76.4
134,weekend,17,199.1,2.9,80.8
134,weekend,18,176.8,4.6,77.4
134,weekend,19,150.6,2.1,68.6
134,weekend,20,114.9,3.2,63.7
134,weekend,21,106.3,4.0,59.7
134,weekend,22,75.8,3.4,56.6
134,weekend,23,55.2,4.2,52.4
135,weekday,0,0.0,0.9,17.5
135,weekday,1,0.0,0.2,10.1
135,weekday,2,0.0,0.5,7.4
135,weekday,3,0.0,0.4,9.2
135,weekday,4,0.0,0.2,16.8
135,weekday,5,0.0,1.1,25.4
135,weekday,6,0.0,1.9,55.4
135,weekday,7,0.0,1.8,75.7
135,weekday,8,0.0,1.9,109.5
135,weekday,9,0.0,1.4,86.6
135,weekday,10,0.0,0.9,72.8
135,weekday,11,0.0,1.6,66.8
135,weekday,12,0.0,1.3,62.4
135,weekday,13,0.0,1.4,71.4
135,weekday,14,0.0,1.0,79.8
135,weekday,15,0.0,1.2,68.8
135,weekday,16,0.0,1.0,67.3
135,weekday,17,0.0,0.8,63.8
135,weekday,18,0.0,0.9,54.6
135,weekday,19,0.0,0.4,48.6
135,weekday,20,0.0,0.5,45.5
135,weekday,21,0.0,0.4,35.3
135,weekday,22,0.0,0.4,31.4
135,weekday,23,0.0,0.9,23.8
135,weekend,0,0.0,1.0,33.0
135,weekend,1,0.0,0.7,22.7
135,weekend,2,0.0,0.0,18.6
135,weekend,3,0.0,0.4,14.9
135,weekend,4,0.0,1.6,19.6
135,weekend,5,0.0,0.6,20.3
135,weekend,6,0.0,1.2,35.2
135,weekend,7,0.0,1.6,37.7
135,weekend,8,0.0,0.7,51.6
135,weekend,9,0.0,1.8,57.3
135,weekend,10,0.0,0.8,58.0
135,weekend,11,0.0,1.8,55.2
135,weekend,12,0.0,0.7,50.9
135,weekend,13,0.0,0.4,59.2
135,weekend,14,0.0,1.4,58.3
135,weekend,15,0.0,1.1,63.0
135,weekend,16,0.0,1.0,51.4
135,weekend,17,0.0,0.8,50.4
135,weekend,18,0.0,0.3,49.0
135,weekend,19,0.0,0.4,42.8
135,weekend,20,0.0,1.4,41.3
135,weekend,21,0.0,1.1,41.2
135,weekend,22,0.0,0.6,35.3
135,weekend,23,0.0,1.9,30.7
136,weekday,0,0.0,0.8,47.2
136,weekday,1,0.0,0.1,29.0
136,weekday,2,0.0,0.2,19.1
136,weekday,3,0.0,0.4,14.4
136,weekday,4,0.0,0.1,21.0
136,weekday,5,0.0,0.3,39.2
136,weekday,6,0.0,0.9,68.6
136,weekday,7,0.0,1.5,110.5
136,weekday,8,0.0,3.0,140.3
136,weekday,9,0.0,1.8,109.0
136,weekday,10,0.0,1.4,83.0
136,weekday,11,0.0,1.2,79.2
136,weekday,12,0.0,0.3,78.9
136,weekday,13,0.0,1.3,81.6
136,weekday,14,0.0,1.6,89.7
136,weekday,15,0.0,0.9,90.4
136,weekday,16,0.0,1.1,94.4
136,weekday,17,0.0,0.4,89.2
136,weekday,18,0.0,0.5,76.1
136,weekday,19,0.0,0.8,73.4
136,weekday,20,0.0,0.4,66.4
136,weekday,21,0.0,0.5,67.2
136,weekday,22,0.0,0.9,78.1
136,weekday,23,0.0,1.2,76.1
136,weekend,0,0.0,1.6,92.0
136,weekend,1,0.0,0.7,66.9
136,weekend,2,0.0,0.6,54.4
136,weekend,3,0.0,1.7,52.0
136,weekend,4,0.0,0.9,43.8
136,weekend,5,0.0,0.4,35.8
136,weekend,6,0.0,1.3,43.4
136,weekend,7,0.0,1.4,61.3
136,weekend,8,0.0,1.0,69.7
136,weekend,9,0.0,1.0,73.6
136,weekend,10,0.0,1.1,76.2
136,weekend,11,0.0,1.1,71.8
136,weekend,12,0.0,1.0,75.0
136,weekend,13,0.0,0.8,68.9
136,weekend,14,0.0,0.9,76.8
136,weekend,15,0.0,1.2,83.1
136,weekend,16,0.0,1.3,75.8
136,weekend,17,0.0,0.8,75.7
136,weekend,18,0.0,1.6,86.7
136,weekend,19,0.0,1.0,89.9
136,weekend,20,0.0,0.9,81.1
136,weekend,21,0.0,1.9,97.6
136,weekend,22,0.0,1.2,93.1
136,weekend,23,0.0,1.3,90.7
137,weekday,0,0.0,28.8,82.4
137,weekday,1,0.0,12.2,38.0
137,weekday,2,0.0,6.8,26.4
137,weekday,3,0.0,4.5,25.2
137,weekday,4,0.0,7.7,38.5
137,weekday,5,0.0,11.1,46.8
137,weekday,6,0.0,30.4,93.0
137,weekday,7,0.0,57.9,157.1
137,weekday,8,0.0,82.2,182.4
137,weekday,9,0.0,74.6,176.8
137,weekday,10,0.0,68.5,141.1
137,weekday,11,0.0,75.9,146.1
137,weekday,12,0.0,79.4,145.6
137,weekday,13,0.0,81.5,135.9
137,weekday,14,0.0,87.1,143.5
137,weekday,15,0.0,103.2,160.9
137,weekday,16,0.0,104.9,168.3
137,weekday,17,0.0,109.9,156.0
137,weekday,18,0.0,119.1,173.4
137,weekday,19,0.0,111.8,192.2
137,weekday,20,0.0,76.5,147.3
137,weekday,21,0.0,76.2,136.9
137,weekday,22,0.0,70.8,124.8
137,weekday,23,0.0,57.6,128.6
137,weekend,0,0.0,114.9,194.1
137,weekend,1,0.0,71.0,142.6
137,weekend,2,0.0,42.7,111.0
137,weekend,3,0.0,37.8,102.6
137,weekend,4,0.0,26.4,57.1
137,weekend,5,0.0,19.7,56.7
137,weekend,6,0.0,22.1,70.1
137,weekend,7,0.0,39.2,121.6
137,weekend,8,0.0,39.0,97.2
137,weekend,9,0.0,50.2,111.0
137,weekend,10,0.0,58.0,134.6
137,weekend,11,0.0,68.7,144.4
137,weekend,12,0.0,76.9,148.2
137,weekend,13,0.0,74.9,147.3
137,weekend,14,0.0,69.4,139.9
137,weekend,15,0.0,72.0,150.2
137,weekend,16,0.0,80.7,159.1
137,weekend,17,0.0,79.2,158.4
137,weekend,18,0.0,91.3,168.0
137,weekend,19,0.0,92.7,197.1
137,weekend,20,0.0,56.1,164.6
137,weekend,21,0.0,53.7,173.0
137,weekend,22,0.0,64.4,195.9
137,weekend,23,0.0,70.8,166.9
138,weekday,0,0.0,192.9,896.6
138,weekday,1,0.0,47.6,271.7
138,weekday,2,0.0,10.9,74.4
138,weekday,3,0.0,0.9,7.6
138,weekday,4,0.0,2.5,10.6
138,weekday,5,0.0,2.8,14.6
138,weekday,6,0.0,5.1,13.5
138,weekday,7,0.0,77.0,314.8
138,weekday,8,0.0,118.5,465.6
138,weekday,9,0.0,201.5,736.6
138,weekday,10,0.0,252.9,944.6
138,weekday,11,0.0,201.2,717.9
138,weekday,12,0.0,227.1,766.6
138,weekday,13,0.0,244.5,757.4
138,weekday,14,0.0,314.9,927.5
138,weekday,15,0.0,298.6,898.5
138,weekday,16,0.0,256.1,840.5
138,weekday,17,0.0,223.8,813.0
138,weekday,18,0.0,225.2,886.1
138,weekday,19,0.0,238.7,930.1
138,weekday,20,0.0,223.8,927.5
138,weekday,21,0.0,248.7,1068.6
138,weekday,22,0.0,244.6,1031.5
138,weekday,23,0.0,247.0,1067.6
138,weekend,0,0.0,116.4,576.0
138,weekend,1,0.0,28.2,171.0
138,weekend,2,0.0,8.8,49.8
138,weekend,3,0.0,1.8,20.2
138,weekend,4,0.0,2.1,12.6
138,weekend,5,0.0,3.1,18.9
138,weekend,6,0.0,6.6,19.6
138,weekend,7,0.0,28.4,129.1
138,weekend,8,0.0,58.7,282.3
138,weekend,9,0.0,112.9,476.9
138,weekend,10,0.0,172.3,755.6
138,weekend,11,0.0,127.1,525.8
138,weekend,12,0.0,174.7,668.1
138,weekend,13,0.0,190.3,670.8
138,weekend,14,0.0,253.3,839.3
138,weekend,15,0.0,247.8,833.7
138,weekend,16,0.0,229.9,778.2
138,weekend,17,0.0,227.2,839.9
138,weekend,18,0.0,234.1,876.3
138,weekend,19,0.0,204.2,758.7
138,weekend,20,0.0,216.2,769.6
138,weekend,21,0.0,237.7,835.0
138,weekend,22,0.0,222.7,813.4
138,weekend,23,0.0,250.8,911.4
139,weekday,0,0.0,0.6,32.2
139,weekday,1,0.0,0.7,19.0
139,weekday,2,0.0,0.5,16.6
139,weekday,3,0.0,0.4,20.0
139,weekday,4,0.0,0.2,24.6
139,weekday,5,0.0,0.9,41.6
139,weekday,6,0.0,1.6,57.8
139,weekday,7,0.0,2.1,102.5
139,weekday,8,0.0,1.8,107.8
139,weekday,9,0.0,0.9,88.5
139,weekday,10,0.0,1.0,69.4
139,weekday,11,0.0,0.5,59.5
139,weekday,12,0.0,0.8,60.2
139,weekday,13,0.0,1.0,64.6
139,weekday,14,0.0,1.2,80.5
139,weekday,15,0.0,1.1,77.4
139,weekday,16,0.0,1.1,76.5
139,weekday,17,0.0,0.8,79.6
139,weekday,18,0.0,0.7,75.6
139,weekday,19,0.0,0.4,59.0
139,weekday,20,0.0,0.1,50.5
139,weekday,21,0.0,0.1,50.1
139,weekday,22,0.0,0.9,46.6
139,weekday,23,0.0,0.5,40.5
139,weekend,0,0.0,1.3,50.9
139,weekend,1,0.0,1.0,38.3
139,weekend,2,0.0,0.7,37.9
139,weekend,3,0.0,0.8,28.2
139,weekend,4,0.0,0.7,28.8
139,weekend,5,0.0,0.3,34.7
139,weekend,6,0.0,0.7,41.7
139,weekend,7,0.0,0.4,52.6
139,weekend,8,0.0,0.4,59.4
139,weekend,9,0.0,1.2,66.3
139,weekend,10,0.0,1.0,73.4
139,weekend,11,0.0,0.9,69.6
139,weekend,12,0.0,1.1,64.0
139,weekend,13,0.0,1.1,67.1
139,weekend,14,0.0,2.3,71.3
139,weekend,15,0.0,1.1,77.7
139,weekend,16,0.0,0.7,69.7
139,weekend,17,0.0,0.7,70.0
139,weekend,18,0.0,0.4,63.1
139,weekend,19,0.0,0.4,61.1
139,weekend,20,0.0,0.3,58.9
139,weekend,21,0.0,0.8,65.7
139,weekend,22,0.0,1.8,60.2
139,weekend,23,0.0,1.6,54.8
140,weekday,0,0.0,19.4,62.8
140,weekday,1,0.0,6.6,30.5
140,weekday,2,0.0,5.4,20.7
140,weekday,3,0.0,4.9,19.1
140,weekday,4,0.0,8.5,35.5
140,weekday,5,0.0,19.2,63.9
140,weekday,6,0.0,53.1,109.8
140,weekday,7,0.0,125.6,195.4
140,weekday,8,0.0,203.7,242.9
140,weekday,9,0.0,183.7,233.4
140,weekday,10,0.0,189.1,220.6
140,weekday,11,0.0,195.7,210.9
140,weekday,12,0.0,194.2,212.1
140,weekday,13,0.0,194.1,201.8
140,weekday,14,0.0,220.5,215.8
140,weekday,15,0.0,251.7,234.4
140,weekday,16,0.0,239.1,234.9
140,weekday,17,0.0,239.5,242.8
140,weekday,18,0.0,201.6,232.6
140,weekday,19,0.0,168.8,228.4
140,weekday,20,0.0,122.1,174.6
140,weekday,21,0.0,80.7,142.0
140,weekday,22,0.0,60.9,123.9
140,weekday,23,0.0,43.3,112.5
140,weekend,0,0.0,40.1,99.7
140,weekend,1,0.0,21.7,66.8
140,weekend,2,0.0,12.8,39.4
140,weekend,3,0.0,12.3,34.8
140,weekend,4,0.0,10.7,36.8
140,weekend,5,0.0,11.2,42.4
140,weekend,6,0.0,19.2,69.0
140,weekend,7,0.0,42.4,131.9
140,weekend,8,0.0,60.4,122.4
140,weekend,9,0.0,83.3,124.0
140,weekend,10,0.0,104.7,153.4
140,weekend,11,0.0,112.7,157.7
140,weekend,12,0.0,118.6,165.2
140,weekend,13,0.0,112.9,147.6
140,weekend,14,0.0,99.9,148.4
140,weekend,15,0.0,106.2,145.3
140,weekend,16,0.0,114.8,152.1
140,weekend,17,0.0,116.4,156.4
140,weekend,18,0.0,119.6,163.1
140,weekend,19,0.0,103.0,178.4
140,weekend,20,0.0,83.6,156.6
140,weekend,21,0.0,54.7,121.9
140,weekend,22,0.0,41.8,110.7
140,weekend,23,0.0,33.3,109.8
141,weekday,0,120.8,29.8,66.7
141,weekday,1,35.1,13.7,38.3
141,weekday,2,12.5,8.4,27.4
141,weekday,3,11.6,6.6,25.2
141,weekday,4,11.1,11.8,50.6
141,weekday,5,62.6,19.9,85.4
141,weekday,6,339.1,61.4,145.6
141,weekday,7,1208.4,133.7,240.6
141,weekday,8,2703.8,190.4,305.3
141,weekday,9,1631.3,166.7,282.6
141,weekday,10,1090.4,165.4,222.7
141,weekday,11,1095.5,164.6,193.7
141,weekday,12,1180.7,180.4,193.8
141,weekday,13,1267.3,173.4,178.9
141,weekday,14,1594.5,188.5,186.4
141,weekday,15,2409.3,198.8,184.9
141,weekday,16,3104.2,189.1,193.5
141,weekday,17,3575.5,216.4,225.2
141,weekday,18,2633.2,242.8,258.7
141,weekday,19,1748.2,188.9,244.5
141,weekday,20,1186.2,156.7,194.8
141,weekday,21,773.2,156.6,189.6
141,weekday,22,550.6,127.0,158.0
141,weekday,23,362.4,69.6,119.8
141,weekend,0,212.2,95.9,174.3
141,weekend,1,80.4,59.7,126.3
141,weekend,2,37.0,38.3,94.4
141,weekend,3,12.4,29.2,67.1
141,weekend,4,9.8,23.0,59.8
141,weekend,5,26.0,12.3,55.7
141,weekend,6,99.0,22.4,73.3
141,weekend,7,315.6,39.7,88.0
141,weekend,8,469.8,69.3,127.0
141,weekend,9,585.2,111.8,162.6
141,weekend,10,820.4,154.0,206.6
141,weekend,11,1039.2,156.6,214.0
141,weekend,12,1206.0,170.0,215.2
141,weekend,13,1311.9,168.6,214.0
141,weekend,14,1268.6,161.4,213.1
141,weekend,15,1318.2,160.8,193.6
141,weekend,16,1318.8,160.0,203.7
141,weekend,17,1280.7,174.6,211.4
141,weekend,18,1261.4,175.2,236.6
141,weekend,19,1134.3,160.8,230.4
141,weekend,20,907.3,134.0,198.3
141,weekend,21,632.4,115.3,196.8
141,weekend,22,471.3,100.6,185.0
141,weekend,23,307.1,79.9,158.2
142,weekday,0,552.1,43.7,97.8
142,weekday,1,193.0,17.8,50.8
142,weekday,2,94.3,8.5,30.1
142,weekday,3,61.5,3.7,20.1
142,weekday,4,81.2,7.5,36.9
142,weekday,5,228.8,16.8,64.6
142,weekday,6,585.8,42.4,127.0
142,weekday,7,1750.1,115.6,184.3
142,weekday,8,3601.1,181.1,233.5
142,weekday,9,2838.2,182.5,247.9
142,weekday,10,2199.2,192.2,224.2
142,weekday,11,2343.8,199.8,210.6
142,weekday,12,2717.3,216.9,204.1
142,weekday,13,3006.4,223.2,190.1
142,weekday,14,3910.6,244.6,186.9
142,weekday,15,5618.6,246.9,193.5
142,weekday,16,6634.6,244.5,197.6
142,weekday,17,7852.4,262.5,222.8
142,weekday,18,6272.2,299.8,242.9
142,weekday,19,4240.1,231.4,229.6
142,weekday,20,3507.0,237.4,212.7
142,weekday,21,3181.2,309.1,244.6
142,weekday,22,2923.0,352.5,261.6
142,weekday,23,1345.0,141.4,177.6
142,weekend,0,992.3,124.1,159.0
142,weekend,1,379.9,53.3,113.2
142,weekend,2,196.3,24.4,60.4
142,weekend,3,113.4,12.2,35.0
142,weekend,4,91.0,12.0,35.2
142,weekend,5,165.8,11.0,40.8
142,weekend,6,261.1,22.6,64.3
142,weekend,7,576.7,41.4,82.3
142,weekend,8,774.8,70.3,102.8
142,weekend,9,1339.2,110.1,145.0
142,weekend,10,1868.8,153.7,189.7
142,weekend,11,2249.0,179.0,196.3
142,weekend,12,2773.1,208.8,209.4
142,weekend,13,3007.2,214.2,221.2
142,weekend,14,3162.7,215.1,210.3
142,weekend,15,3604.2,208.0,196.0
142,weekend,16,4202.2,249.1,216.9
142,weekend,17,4071.9,255.9,225.0
142,weekend,18,3721.4,268.4,239.9
142,weekend,19,2962.7,211.7,226.4
142,weekend,20,2425.3,189.8,198.0
142,weekend,21,2395.0,241.4,212.3
142,weekend,22,2186.1,243.4,241.1
142,weekend,23,1275.8,139.4,168.6
143,weekday,0,174.5,11.9,36.6
143,weekday,1,50.5,5.1,17.2
143,weekday,2,29.6,2.5,10.5
143,weekday,3,16.2,2.8,10.9
143,weekday,4,35.1,3.5,33.6
143,weekday,5,95.6,12.4,62.7
143,weekday,6,407.6,41.2,120.8
143,weekday,7,1424.5,86.9,205.4
143,weekday,8,3257.1,121.5,266.1
143,weekday,9,2115.5,111.5,266.5
143,weekday,10,1256.6,95.4,208.2
143,weekday,11,1173.9,98.6,175.3
143,weekday,12,1273.6,102.3,156.9
143,weekday,13,1369.4,93.8,148.4
143,weekday,14,1539.6,103.2,142.6
143,weekday,15,2020.1,110.5,149.7
143,weekday,16,2478.1,100.3,148.4
143,weekday,17,2656.8,123.6,171.1
143,weekday,18,2465.5,131.1,192.8
143,weekday,19,1719.2,81.5,152.5
143,weekday,20,1348.0,61.7,123.4
143,weekday,21,1173.2,66.9,97.1
143,weekday,22,1184.9,63.8,87.6
143,weekday,23,527.8,31.2,67.3
143,weekend,0,333.1,30.1,78.1
143,weekend,1,112.7,16.8,48.7
143,weekend,2,50.3,7.6,29.9
143,weekend,3,21.3,6.8,23.7
143,weekend,4,24.1,7.2,29.8
143,weekend,5,44.0,6.0,37.2
143,weekend,6,123.9,14.9,56.6
143,weekend,7,299.9,21.8,75.4
143,weekend,8,528.7,43.1,100.0
143,weekend,9,865.1,62.0,139.2
143,weekend,10,1174.1,83.2,166.1
143,weekend,11,1425.6,93.8,173.3
143,weekend,12,1673.6,105.4,173.7
143,weekend,13,1936.6,109.8,170.9
143,weekend,14,1834.6,95.0,156.6
143,weekend,15,1866.4,90.1,150.9
143,weekend,16,1986.2,91.0,145.3
143,weekend,17,2085.9,97.4,165.9
143,weekend,18,1941.2,98.7,178.7
143,weekend,19,1543.3,78.1,162.2
143,weekend,20,1207.6,53.6,129.2
143,weekend,21,1236.2,49.7,132.0
143,weekend,22,1046.6,49.1,107.1
143,weekend,23,581.9,35.3,79.2
144,weekday,0,332.4,37.0,107.8
144,weekday,1,132.6,22.5,68.8
144,weekday,2,65.7,12.4,51.6
144,weekday,3,46.9,8.9,34.4
144,weekday,4,43.2,5.6,37.0
144,weekday,5,93.8,2.8,37.4
144,weekday,6,288.6,5.6,52.4
144,weekday,7,843.6,13.4,73.0
144,weekday,8,1729.6,25.1,121.5
144,weekday,9,1436.8,28.5,150.6
144,weekday,10,1438.5,28.1,139.1
144,weekday,11,1939.2,36.3,149.8
144,weekday,12,2542.5,46.3,165.0
144,weekday,13,3104.0,55.2,181.8
144,weekday,14,3616.4,68.4,202.1
144,weekday,15,4424.6,77.8,196.5
144,weekday,16,5500.4,85.4,213.7
144,weekday,17,7387.0,99.6,237.2
144,weekday,18,6216.8,119.6,271.2
144,weekday,19,4519.5,112.8,286.3
144,weekday,20,3227.2,100.7,295.8
144,weekday,21,2525.2,108.9,280.6
144,weekday,22,1552.9,105.8,257.7
144,weekday,23,893.7,79.9,198.9
144,weekend,0,887.4,185.2,321.2
144,weekend,1,485.9,190.8,332.3
144,weekend,2,303.2,191.1,312.2
144,weekend,3,160.2,145.7,218.3
144,weekend,4,123.3,80.4,138.1
144,weekend,5,64.8,12.4,64.8
144,weekend,6,111.2,5.0,46.2
144,weekend,7,208.2,4.7,50.7
144,weekend,8,354.6,9.1,74.7
144,weekend,9,577.8,17.7,92.9
144,weekend,10,942.7,29.9,133.2
144,weekend,11,1520.7,47.4,181.4
144,weekend,12,2308.3,76.9,211.9
144,weekend,13,3136.7,88.4,232.3
144,weekend,14,3844.4,107.2,235.6
144,weekend,15,4369.2,101.6,261.1
144,weekend,16,4547.0,123.3,280.2
144,weekend,17,4591.6,128.0,270.8
144,weekend,18,4257.4,136.7,286.0
144,weekend,19,3682.1,120.0,295.4
144,weekend,20,2876.8,96.3,269.2
144,weekend,21,2154.2,88.9,269.9
144,weekend,22,1513.7,96.3,253.9
144,weekend,23,974.9,90.8,221.9
145,weekday,0,273.5,11.2,139.6
145,weekday,1,105.4,6.9,85.0
145,weekday,2,63.7,3.0,51.2
145,weekday,3,62.9,2.7,40.6
145,weekday,4,130.8,3.9,66.6
145,weekday,5,469.4,5.2,110.3
145,weekday,6,1218.8,6.5,177.0
145,weekday,7,3053.9,9.4,230.5
145,weekday,8,6391.2,13.9,286.9
145,weekday,9,4504.6,12.6,273.5
145,weekday,10,2364.5,10.2,214.7
145,weekday,11,1927.2,11.2,188.0
145,weekday,12,1877.1,12.6,206.9
145,weekday,13,1879.1,11.7,212.9
145,weekday,14,2483.6,14.0,229.4
145,weekday,15,3585.1,13.2,225.0
145,weekday,16,4423.7,18.5,263.9
145,weekday,17,4992.1,20.2,309.9
145,weekday,18,3564.6,16.8,336.4
145,weekday,19,2031.9,12.6,293.5
145,weekday,20,1574.5,11.5,255.1
145,weekday,21,1301.5,13.0,276.9
145,weekday,22,985.5,26.9,284.8
145,weekday,23,659.9,18.5,215.1
145,weekend,0,556.0,55.1,438.4
145,weekend,1,237.1,36.3,326.9
145,weekend,2,136.3,27.8,243.4
145,weekend,3,90.9,20.3,178.7
145,weekend,4,103.4,25.8,132.7
145,weekend,5,164.1,11.9,122.1
145,weekend,6,360.2,13.1,149.7
145,weekend,7,579.7,8.7,159.6
145,weekend,8,922.7,8.9,194.0
145,weekend,9,1377.7,11.8,253.6
145,weekend,10,1843.0,19.8,295.3
145,weekend,11,2199.3,24.7,348.8
145,weekend,12,2352.0,23.4,360.2
145,weekend,13,2339.7,28.1,354.8
145,weekend,14,2173.4,19.9,364.6
145,weekend,15,2136.2,21.9,360.4
145,weekend,16,2238.9,23.6,384.9
145,weekend,17,2104.9,25.9,396.0
145,weekend,18,1941.2,29.1,398.8
145,weekend,19,1476.1,24.0,390.6
145,weekend,20,1193.4,26.6,359.7
145,weekend,21,1076.0,25.8,362.9
145,weekend,22,929.7,41.7,380.7
145,weekend,23,680.0,40.9,342.2
146,weekday,0,60.2,5.2,36.6
146,weekday,1,24.1,2.5,26.4
146,weekday,2,17.8,1.9,17.6
146,weekday,3,15.8,1.2,16.4
146,weekday,4,37.2,2.3,29.1
146,weekday,5,127.6,1.9,37.5
146,weekday,6,376.4,6.6,52.0
146,weekday,7,881.9,5.8,70.1
146,weekday,8,1864.0,6.9,85.8
146,weekday,9,1409.2,5.8,80.4
146,weekday,10,891.3,6.6,73.2
146,weekday,11,779.0,8.0,66.4
146,weekday,12,781.0,7.0,73.0
146,weekday,13,777.5,7.6,71.4
146,weekday,14,1001.4,6.9,73.6
146,weekday,15,1450.8,6.9,77.9
146,weekday,16,1542.6,7.4,79.3
146,weekday,17,1731.7,9.4,98.0
146,weekday,18,1120.5,8.4,94.2
146,weekday,19,618.3,5.6,76.2
146,weekday,20,488.1,4.8,64.6
146,weekday,21,345.2,6.2,65.9
146,weekday,22,212.2,7.4,67.9
146,weekday,23,127.8,8.1,62.2
146,weekend,0,153.9,15.2,109.7
146,weekend,1,67.0,11.6,89.0
146,weekend,2,34.9,5.9,58.8
146,weekend,3,26.0,6.4,51.9
146,weekend,4,36.6,7.2,47.0
146,weekend,5,82.1,3.9,43.7
146,weekend,6,154.2,4.9,43.2
146,weekend,7,277.4,4.2,54.8
146,weekend,8,394.3,4.7,66.6
146,weekend,9,562.6,7.7,86.6
146,weekend,10,695.2,12.9,100.3
146,weekend,11,840.0,14.3,106.8
146,weekend,12,843.3,11.4,108.3
146,weekend,13,799.1,11.8,108.6
146,weekend,14,788.1,11.2,96.2
146,weekend,15,732.1,9.2,97.4
146,weekend,16,681.4,11.4,107.3
146,weekend,17,670.6,10.7,104.7
146,weekend,18,612.2,9.7,101.7
146,weekend,19,468.9,7.8,102.0
146,weekend,20,378.8,9.2,95.3
146,weekend,21,343.1,8.3,91.4
146,weekend,22,266.0,11.8,94.1
146,weekend,23,180.1,11.6,96.8
147,weekday,0,22.2,0.4,39.1
147,weekday,1,13.1,0.2,24.1
147,weekday,2,17.3,0.1,14.3
147,weekday,3,34.3,0.1,13.2
147,weekday,4,86.1,0.6,21.6
147,weekday,5,331.9,0.6,39.0
147,weekday,6,593.4,1.5,53.3
147,weekday,7,926.0,2.2,91.6
147,weekday,8,786.4,1.5,104.6
147,weekday,9,463.1,1.3,82.2
147,weekday,10,344.8,0.9,61.4
147,weekday,11,339.4,0.9,50.5
147,weekday,12,357.3,0.9,55.7
147,weekday,13,433.1,0.6,61.9
147,weekday,14,536.2,0.5,65.8
147,weekday,15,671.8,0.8,72.6
147,weekday,16,585.8,0.4,68.6
147,weekday,17,508.6,0.6,72.9
147,weekday,18,302.7,0.2,68.5
147,weekday,19,216.9,0.2,56.5
147,weekday,20,146.2,0.7,53.1
147,weekday,21,137.5,0.2,51.8
147,weekday,22,94.5,0.8,52.9
147,weekday,23,52.9,0.6,51.5
147,weekend,0,31.7,1.0,78.7
147,weekend,1,15.3,0.4,52.9
147,weekend,2,14.6,0.0,41.3
147,weekend,3,18.8,0.7,31.7
147,weekend,4,42.6,0.1,34.0
147,weekend,5,103.2,0.2,28.2
147,weekend,6,186.7,1.4,40.7
147,weekend,7,224.3,2.4,44.6
147,weekend,8,229.1,1.2,56.3
147,weekend,9,239.0,1.4,58.2
147,weekend,10,227.8,1.2,62.4
147,weekend,11,223.3,2.1,65.4
147,weekend,12,244.3,1.8,58.0
147,weekend,13,272.2,1.6,63.9
147,weekend,14,277.0,1.8,68.8
147,weekend,15,258.7,1.3,73.4
147,weekend,16,218.1,1.0,74.0
147,weekend,17,185.4,1.2,70.0
147,weekend,18,156.9,0.9,68.6
147,weekend,19,132.7,2.0,75.1
147,weekend,20,106.6,1.7,69.7
147,weekend,21,100.2,1.4,70.7
147,weekend,22,81.8,0.9,75.3
147,weekend,23,46.6,1.3,74.9
148,weekday,0,489.3,65.0,261.8
148,weekday,1,201.4,39.6,191.1
148,weekday,2,117.2,28.6,124.3
148,weekday,3,72.5,18.4,84.8
148,weekday,4,98.2,12.8,78.1
148,weekday,5,175.5,6.8,76.5
148,weekday,6,584.1,11.8,85.8
148,weekday,7,1568.6,22.8,119.2
148,weekday,8,3219.4,35.1,166.5
148,weekday,9,2145.8,41.5,203.1
148,weekday,10,1612.5,28.5,179.6
148,weekday,11,1703.7,29.5,182.2
148,weekday,12,1898.9,33.4,179.6
148,weekday,13,2228.1,35.4,178.5
148,weekday,14,2745.6,40.6,172.6
148,weekday,15,3419.1,39.8,166.5
148,weekday,16,3649.1,44.9,178.5
148,weekday,17,4111.5,58.1,201.8
148,weekday,18,3543.4,72.5,270.7
148,weekday,19,2782.6,68.1,322.0
148,weekday,20,2479.1,77.6,343.7
148,weekday,21,2187.7,113.8,405.5
148,weekday,22,1640.9,139.9,413.3
148,weekday,23,1113.8,130.5,413.8
148,weekend,0,1344.0,391.9,839.6
148,weekend,1,910.1,431.6,963.6
148,weekend,2,670.7,423.3,883.7
148,weekend,3,396.9,306.4,651.7
148,weekend,4,257.3,157.7,375.2
148,weekend,5,140.7,24.8,151.3
148,weekend,6,196.6,9.7,85.6
148,weekend,7,375.9,13.2,96.2
148,weekend,8,556.4,22.8,115.8
148,weekend,9,804.2,30.4,164.3
148,weekend,10,1118.8,49.9,216.6
148,weekend,11,1428.0,57.0,265.9
148,weekend,12,1786.8,71.6,284.0
148,weekend,13,2179.2,74.3,270.8
148,weekend,14,2388.0,82.4,273.6
148,weekend,15,2528.3,73.9,272.7
148,weekend,16,2686.9,82.1,296.1
148,weekend,17,2643.2,84.0,311.1
148,weekend,18,2627.8,94.6,358.3
148,weekend,19,2290.7,98.2,365.6
148,weekend,20,1946.6,88.4,381.8
148,weekend,21,1751.4,94.7,416.1
148,weekend,22,1482.7,129.7,454.7
148,weekend,23,1167.4,164.9,480.1
149,weekday,0,37.5,0.3,31.4
149,weekday,1,22.8,0.1,20.3
149,weekday,2,18.9,0.4,13.5
149,weekday,3,31.3,0.1,13.5
149,weekday,4,149.3,0.1,13.2
149,weekday,5,553.0,0.4,23.0
149,weekday,6,1316.1,0.6,39.7
149,weekday,7,2703.6,1.6,89.6
149,weekday,8,2780.1,3.0,121.1
149,weekday,9,1666.8,1.6,116.6
149,weekday,10,1104.9,1.5,97.7
149,weekday,11,970.2,2.2,87.8
149,weekday,12,961.0,1.6,91.8
149,weekday,13,997.8,2.1,85.8
149,weekday,14,1059.2,2.1,96.4
149,weekday,15,1098.3,1.2,93.8
149,weekday,16,1126.5,1.1,99.6
149,weekday,17,1251.5,1.8,110.4
149,weekday,18,932.7,0.6,98.6
149,weekday,19,613.5,0.7,85.9
149,weekday,20,462.4,0.6,68.4
149,weekday,21,306.0,0.6,61.1
149,weekday,22,187.9,0.2,54.2
149,weekday,23,86.2,0.5,43.6
149,weekend,0,46.0,1.6,51.4
149,weekend,1,28.4,0.6,38.3
149,weekend,2,22.2,0.3,29.9
149,weekend,3,17.2,0.1,23.1
149,weekend,4,55.0,0.4,18.8
149,weekend,5,167.6,0.3,20.0
149,weekend,6,307.7,0.3,28.9
149,weekend,7,594.4,0.6,39.9
149,weekend,8,700.2,1.1,56.6
149,weekend,9,778.2,1.2,69.4
149,weekend,10,746.0,1.3,73.4
149,weekend,11,765.1,0.9,73.4
149,weekend,12,809.0,1.7,78.3
149,weekend,13,838.2,1.3,82.4
149,weekend,14,790.9,0.4,78.1
149,weekend,15,751.0,0.8,76.1
149,weekend,16,672.0,1.0,76.7
149,weekend,17,634.3,0.6,73.2
149,weekend,18,544.0,1.2,80.1
149,weekend,19,468.2,0.3,77.0
149,weekend,20,366.9,1.1,69.9
149,weekend,21,240.9,0.9,72.8
149,weekend,22,148.0,1.6,63.3
149,weekend,23,86.7,1.1,56.1
150,weekday,0,0.0,1.4,24.9
150,weekday,1,0.0,0.4,11.1
150,weekday,2,0.0,0.1,4.6
150,weekday,3,0.0,0.1,3.7
150,weekday,4,0.0,0.0,3.6
150,weekday,5,0.0,0.1,7.8
150,weekday,6,0.0,0.4,16.9
150,weekday,7,0.0,0.4,39.8
150,weekday,8,0.0,0.9,48.4
150,weekday,9,0.0,0.5,41.9
150,weekday,10,0.0,0.9,37.5
150,weekday,11,0.0,0.6,36.2
150,weekday,12,0.0,0.7,35.4
150,weekday,13,0.0,0.8,40.1
150,weekday,14,0.0,0.7,43.8
150,weekday,15,0.0,0.9,41.5
150,weekday,16,0.0,1.2,43.6
150,weekday,17,0.0,1.0,44.4
150,weekday,18,0.0,0.4,35.8
150,weekday,19,0.0,0.1,32.4
150,weekday,20,0.0,0.5,33.0
150,weekday,21,0.0,0.5,33.2
150,weekday,22,0.0,0.3,34.5
150,weekday,23,0.0,0.8,28.1
150,weekend,0,0.0,1.1,69.4
150,weekend,1,0.0,1.4,61.3
150,weekend,2,0.0,0.1,32.6
150,weekend,3,0.0,0.2,15.9
150,weekend,4,0.0,0.0,8.1
150,weekend,5,0.0,0.0,10.3
150,weekend,6,0.0,0.3,12.2
150,weekend,7,0.0,0.3,14.0
150,weekend,8,0.0,0.6,20.6
150,weekend,9,0.0,0.6,21.4
150,weekend,10,0.0,0.2,26.4
150,weekend,11,0.0,0.6,35.4
150,weekend,12,0.0,0.8,32.4
150,weekend,13,0.0,0.7,43.2
150,weekend,14,0.0,0.2,39.3
150,weekend,15,0.0,1.1,40.6
150,weekend,16,0.0,0.2,40.8
150,weekend,17,0.0,0.6,38.7
150,weekend,18,0.0,0.3,41.9
150,weekend,19,0.0,0.4,42.7
150,weekend,20,0.0,1.3,42.7
150,weekend,21,0.0,0.8,46.0
150,weekend,22,0.0,1.1,43.0
150,weekend,23,0.0,1.3,53.2
151,weekday,0,47.2,8.9,28.2
151,weekday,1,15.6,4.0,17.4
151,weekday,2,14.0,2.5,10.1
151,weekday,3,13.0,1.5,12.7
151,weekday,4,29.6,4.2,25.5
151,weekday,5,106.9,10.2,31.2
151,weekday,6,304.5,28.3,60.4
151,weekday,7,929.6,58.6,85.1
151,weekday,8,1738.1,70.9,122.8
151,weekday,9,1113.3,63.3,118.1
151,weekday,10,730.5,59.9,100.6
151,weekday,11,649.5,58.8,83.8
151,weekday,12,664.2,70.8,87.9
151,weekday,13,684.4,65.5,83.9
151,weekday,14,689.6,71.5,80.5
151,weekday,15,820.9,70.4,84.1
151,weekday,16,907.5,68.1,85.5
151,weekday,17,970.7,78.1,89.8
151,weekday,18,867.0,80.0,96.4
151,weekday,19,581.3,58.1,82.6
151,weekday,20,512.2,50.5,72.3
151,weekday,21,341.5,41.4,65.8
151,weekday,22,213.5,32.1,58.5
151,weekday,23,123.2,16.7,41.2
151,weekend,0,97.3,28.6,59.6
151,weekend,1,30.8,14.4,37.3
151,weekend,2,18.4,6.2,23.1
151,weekend,3,18.3,5.7,23.3
151,weekend,4,18.8,7.1,27.6
151,weekend,5,45.1,7.2,26.3
151,weekend,6,87.8,14.4,44.1
151,weekend,7,207.2,25.6,49.0
151,weekend,8,356.7,32.2,63.4
151,weekend,9,487.2,60.2,85.1
151,weekend,10,618.7,65.6,102.2
151,weekend,11,686.3,67.1,103.3
151,weekend,12,763.4,75.7,108.0
151,weekend,13,775.0,80.0,103.1
151,weekend,14,666.9,80.0,109.8
151,weekend,15,621.1,65.6,97.0
151,weekend,16,623.3,72.1,101.0
151,weekend,17,607.7,77.3,99.1
151,weekend,18,617.2,83.0,105.0
151,weekend,19,472.0,60.9,97.3
151,weekend,20,417.2,58.8,82.4
151,weekend,21,330.4,44.9,86.9
151,weekend,22,237.1,39.6,79.2
151,weekend,23,155.1,26.8,64.7
152,weekday,0,38.6,3.9,39.8
152,weekday,1,23.5,2.2,23.2
152,weekday,2,19.6,1.4,15.2
152,weekday,3,35.2,0.9,12.3
152,weekday,4,107.0,2.1,18.5
152,weekday,5,257.4,3.2,23.3
152,weekday,6,521.6,5.8,46.6
152,weekday,7,1057.5,7.6,62.1
152,weekday,8,1428.2,12.9,88.6
152,weekday,9,868.8,9.8,68.9
152,weekday,10,615.0,5.6,56.5
152,weekday,11,569.6,6.7,54.1
152,weekday,12,650.2,6.3,52.2
152,weekday,13,658.8,5.9,54.7
152,weekday,14,780.6,8.5,66.5
152,weekday,15,869.4,10.1,66.6
152,weekday,16,849.1,12.8,73.3
152,weekday,17,835.2,14.5,81.4
152,weekday,18,622.6,13.5,72.4
152,weekday,19,423.4,9.1,64.9
152,weekday,20,294.7,8.1,57.1
152,weekday,21,190.9,7.9,68.1
152,weekday,22,150.0,10.8,63.0
152,weekday,23,97.2,8.6,55.7
152,weekend,0,63.2,11.0,70.3
152,weekend,1,33.2,6.0,58.7
152,weekend,2,21.1,3.2,42.0
152,weekend,3,21.2,1.7,26.0
152,weekend,4,40.4,2.8,21.2
152,weekend,5,101.4,4.4,27.2
152,weekend,6,167.1,5.9,34.0
152,weekend,7,251.2,7.0,35.2
152,weekend,8,344.7,7.4,48.0
152,weekend,9,431.8,8.9,56.8
152,weekend,10,472.0,9.9,62.3
152,weekend,11,503.2,8.4,67.8
152,weekend,12,553.4,11.6,60.7
152,weekend,13,556.1,10.2,56.7
152,weekend,14,536.8,9.6,59.3
152,weekend,15,497.6,10.8,59.9
152,weekend,16,441.7,12.0,65.8
152,weekend,17,390.7,13.2,70.3
152,weekend,18,352.0,15.0,77.7
152,weekend,19,263.6,11.3,73.4
152,weekend,20,201.7,11.0,72.6
152,weekend,21,170.3,11.2,85.8
152,weekend,22,137.6,11.4,78.3
152,weekend,23,100.7,10.9,67.4
153,weekday,0,8.7,0.2,11.8
153,weekday,1,4.5,0.1,7.8
153,weekday,2,5.6,0.0,4.0
153,weekday,3,9.3,0.1,3.8
153,weekday,4,31.9,0.1,3.7
153,weekday,5,119.4,0.1,8.8
153,weekday,6,218.5,0.2,15.6
153,weekday,7,466.7,0.2,28.2
153,weekday,8,398.1,0.9,36.6
153,weekday,9,216.7,0.4,32.8
153,weekday,10,170.5,0.2,24.9
153,weekday,11,146.4,0.4,22.5
153,weekday,12,146.5,0.2,28.1
153,weekday,13,171.5,0.2,29.4
153,weekday,14,181.4,0.2,28.2
153,weekday,15,219.4,0.2,32.4
153,weekday,16,220.1,0.4,37.6
153,weekday,17,208.5,0.2,38.9
153,weekday,18,150.6,0.3,40.4
153,weekday,19,110.7,0.5,39.2
153,weekday,20,88.7,0.2,33.6
153,weekday,21,68.4,0.3,33.9
153,weekday,22,42.7,0.4,32.9
153,weekday,23,20.5,0.1,22.8
153,weekend,0,13.3,0.6,24.9
153,weekend,1,10.0,0.2,15.7
153,weekend,2,4.2,0.0,8.9
153,weekend,3,6.4,0.2,6.2
153,weekend,4,11.2,0.3,6.1
153,weekend,5,45.7,0.1,7.1
153,weekend,6,77.1,0.1,9.8
153,weekend,7,107.1,0.2,14.2
153,weekend,8,104.1,0.6,17.1
153,weekend,9,115.3,0.1,28.8
153,weekend,10,117.3,0.4,27.1
153,weekend,11,131.3,0.1,30.7
153,weekend,12,145.3,0.6,32.8
153,weekend,13,138.8,0.4,31.4
153,weekend,14,148.2,0.9,37.0
153,weekend,15,150.8,0.3,35.1
153,weekend,16,132.2,0.4,39.7
153,weekend,17,136.6,1.2,36.4
153,weekend,18,113.9,1.1,38.4
153,weekend,19,94.7,0.6,36.6
153,weekend,20,83.6,0.3,35.7
153,weekend,21,76.4,0.9,40.3
153,weekend,22,43.0,0.3,34.8
153,weekend,23,28.3,0.8,30.8
154,weekday,0,0.0,0.2,1.2
154,weekday,1,0.0,0.2,0.9
154,weekday,2,0.0,0.0,1.1
154,weekday,3,0.0,0.0,0.4
154,weekday,4,0.0,0.0,0.6
154,weekday,5,0.0,0.1,1.2
154,weekday,6,0.0,0.1,0.5
154,weekday,7,0.0,0.1,1.5
154,weekday,8,0.0,0.2,1.3
154,weekday,9,0.0,0.1,2.6
154,weekday,10,0.0,0.1,2.6
154,weekday,11,0.0,0.1,2.1
154,weekday,12,0.0,0.4,2.5
154,weekday,13,0.0,0.3,3.5
154,weekday,14,0.0,0.2,3.9
154,weekday,15,0.0,0.2,3.9
154,weekday,16,0.0,0.1,5.4
154,weekday,17,0.0,0.2,4.7
154,weekday,18,0.0,0.2,4.6
154,weekday,19,0.0,0.2,6.0
154,weekday,20,0.0,0.2,4.2
154,weekday,21,0.0,0.1,3.4
154,weekday,22,0.0,0.1,3.7
154,weekday,23,0.0,0.2,1.7
154,weekend,0,0.0,0.1,3.6
154,weekend,1,0.0,0.1,1.9
154,weekend,2,0.0,0.0,2.4
154,weekend,3,0.0,0.2,1.1
154,weekend,4,0.0,0.1,1.1
154,weekend,5,0.0,0.0,0.9
154,weekend,6,0.0,0.0,1.8
154,weekend,7,0.0,0.0,0.8
154,weekend,8,0.0,0.1,3.1
154,weekend,9,0.0,0.1,1.7
154,weekend,10,0.0,0.0,2.7
154,weekend,11,0.0,0.1,3.1
154,weekend,12,0.0,0.2,5.8
154,weekend,13,0.0,0.0,4.8
154,weekend,14,0.0,0.1,6.0
154,weekend,15,0.0,0.4,5.4
154,weekend,16,0.0,0.6,7.7
154,weekend,17,0.0,0.4,8.3
154,weekend,18,0.0,0.1,7.7
154,weekend,19,0.0,0.2,9.9
154,weekend,20,0.0,0.4,9.8
154,weekend,21,0.0,0.4,4.0
154,weekend,22,0.0,0.6,4.2
154,weekend,23,0.0,0.1,3.1
155,weekday,0,0.0,0.8,31.4
155,weekday,1,0.0,0.4,20.1
155,weekday,2,0.0,0.2,10.8
155,weekday,3,0.0,0.2,10.0
155,weekday,4,0.0,0.1,19.0
155,weekday,5,0.0,0.6,33.6
155,weekday,6,0.0,1.5,62.4
155,weekday,7,0.0,2.5,98.8
155,weekday,8,0.0,2.5,126.4
155,weekday,9,0.0,2.4,119.2
155,weekday,10,0.0,2.3,91.6
155,weekday,11,0.0,2.4,95.5
155,weekday,12,0.0,2.9,105.6
155,weekday,13,0.0,2.7,101.7
155,weekday,14,0.0,2.9,123.4
155,weekday,15,0.0,2.6,117.7
155,weekday,16,0.0,1.6,121.9
155,weekday,17,0.0,1.6,125.4
155,weekday,18,0.0,1.2,111.2
155,weekday,19,0.0,1.1,96.6
155,weekday,20,0.0,1.0,89.9
155,weekday,21,0.0,1.1,86.9
155,weekday,22,0.0,1.0,67.2
155,weekday,23,0.0,0.7,46.6
155,weekend,0,0.0,2.1,69.4
155,weekend,1,0.0,1.1,47.8
155,weekend,2,0.0,0.9,36.2
155,weekend,3,0.0,0.3,20.9
155,weekend,4,0.0,0.1,17.2
155,weekend,5,0.0,0.8,22.0
155,weekend,6,0.0,0.4,36.7
155,weekend,7,0.0,0.7,38.2
155,weekend,8,0.0,1.0,61.6
155,weekend,9,0.0,2.0,67.0
155,weekend,10,0.0,1.6,80.0
155,weekend,11,0.0,1.7,91.4
155,weekend,12,0.0,2.4,99.4
155,weekend,13,0.0,2.1,105.8
155,weekend,14,0.0,2.2,109.6
155,weekend,15,0.0,2.8,111.2
155,weekend,16,0.0,2.3,115.9
155,weekend,17,0.0,2.3,112.9
155,weekend,18,0.0,1.7,123.2
155,weekend,19,0.0,2.3,114.3
155,weekend,20,0.0,2.0,97.2
155,weekend,21,0.0,2.7,98.0
155,weekend,22,0.0,2.1,79.0
155,weekend,23,0.0,2.9,65.8
156,weekday,0,0.0,0.1,16.7
156,weekday,1,0.0,0.0,10.6
156,weekday,2,0.0,0.0,8.3
156,weekday,3,0.0,0.0,7.0
156,weekday,4,0.0,0.0,12.5
156,weekday,5,0.0,0.1,24.5
156,weekday,6,0.0,0.2,42.1
156,weekday,7,0.0,0.0,71.9
156,weekday,8,0.0,0.0,81.2
156,weekday,9,0.0,0.1,65.1
156,weekday,10,0.0,0.1,43.9
156,weekday,11,0.0,0.0,45.8
156,weekday,12,0.0,0.1,46.7
156,weekday,13,0.0,0.0,51.5
156,weekday,14,0.0,0.0,62.2
156,weekday,15,0.0,0.0,60.9
156,weekday,16,0.0,0.0,53.8
156,weekday,17,0.0,0.1,62.5
156,weekday,18,0.0,0.1,55.4
156,weekday,19,0.0,0.0,39.5
156,weekday,20,0.0,0.1,30.7
156,weekday,21,0.0,0.0,32.4
156,weekday,22,0.0,0.0,32.2
156,weekday,23,0.0,0.0,26.5
156,weekend,0,0.0,0.0,32.3
156,weekend,1,0.0,0.0,19.9
156,weekend,2,0.0,0.0,17.7
156,weekend,3,0.0,0.0,13.8
156,weekend,4,0.0,0.0,10.6
156,weekend,5,0.0,0.0,19.3
156,weekend,6,0.0,0.0,28.9
156,weekend,7,0.0,0.0,38.6
156,weekend,8,0.0,0.0,36.1
156,weekend,9,0.0,0.0,45.2
156,weekend,10,0.0,0.0,44.9
156,weekend,11,0.0,0.0,50.6
156,weekend,12,0.0,0.0,50.6
156,weekend,13,0.0,0.1,49.0
156,weekend,14,0.0,0.0,56.4
156,weekend,15,0.0,0.0,47.7
156,weekend,16,0.0,0.0,46.2
156,weekend,17,0.0,0.1,45.4
156,weekend,18,0.0,0.0,41.7
156,weekend,19,0.0,0.0,39.8
156,weekend,20,0.0,0.1,36.2
156,weekend,21,0.0,0.0,33.3
156,weekend,22,0.0,0.0,37.1
156,weekend,23,0.0,0.0,30.1
157,weekday,0,0.0,1.1,34.0
157,weekday,1,0.0,0.9,24.7
157,weekday,2,0.0,0.6,18.9
157,weekday,3,0.0,0.4,16.5
157,weekday,4,0.0,0.6,25.4
157,weekday,5,0.0,0.6,46.8
157,weekday,6,0.0,1.9,93.0
157,weekday,7,0.0,4.0,121.4
157,weekday,8,0.0,2.6,144.5
157,weekday,9,0.0,2.3,113.9
157,weekday,10,0.0,1.8,94.1
157,weekday,11,0.0,1.7,86.6
157,weekday,12,0.0,1.7,83.1
157,weekday,13,0.0,2.3,80.4
157,weekday,14,0.0,2.1,92.9
157,weekday,15,0.0,1.5,87.6
157,weekday,16,0.0,1.8,81.1
157,weekday,17,0.0,1.3,85.5
157,weekday,18,0.0,1.1,83.9
157,weekday,19,0.0,1.0,74.0
157,weekday,20,0.0,1.1,61.4
157,weekday,21,0.0,1.5,56.2
157,weekday,22,0.0,1.0,57.5
157,weekday,23,0.0,1.6,48.4
157,weekend,0,0.0,2.9,131.9
157,weekend,1,0.0,9.0,175.6
157,weekend,2,0.0,20.2,242.1
157,weekend,3,0.0,30.9,324.2
157,weekend,4,0.0,40.1,369.7
157,weekend,5,0.0,30.7,332.3
157,weekend,6,0.0,12.8,188.6
157,weekend,7,0.0,4.8,129.9
157,weekend,8,0.0,2.3,95.9
157,weekend,9,0.0,2.6,98.0
157,weekend,10,0.0,4.0,96.8
157,weekend,11,0.0,2.9,110.2
157,weekend,12,0.0,3.2,104.6
157,weekend,13,0.0,3.7,101.4
157,weekend,14,0.0,2.4,99.8
157,weekend,15,0.0,3.8,95.2
157,weekend,16,0.0,2.3,98.9
157,weekend,17,0.0,3.0,96.0
157,weekend,18,0.0,2.8,100.3
157,weekend,19,0.0,3.3,109.0
157,weekend,20,0.0,4.3,132.7
157,weekend,21,0.0,6.1,153.8
157,weekend,22,0.0,10.6,185.9
157,weekend,23,0.0,4.4,116.1
158,weekday,0,0.0,44.2,93.0
158,weekday,1,0.0,24.6,53.7
158,weekday,2,0.0,14.8,33.2
158,weekday,3,0.0,8.3,22.4
158,weekday,4,0.0,5.5,23.2
158,weekday,5,0.0,4.3,44.2
158,weekday,6,0.0,14.9,83.4
158,weekday,7,0.0,31.4,140.0
158,weekday,8,0.0,53.9,203.7
158,weekday,9,0.0,42.2,193.8
158,weekday,10,0.0,35.7,142.6
158,weekday,11,0.0,36.3,134.5
158,weekday,12,0.0,46.2,139.7
158,weekday,13,0.0,53.8,151.6
158,weekday,14,0.0,61.2,163.8
158,weekday,15,0.0,66.3,164.4
158,weekday,16,0.0,73.3,165.1
158,weekday,17,0.0,90.5,200.1
158,weekday,18,0.0,104.0,243.8
158,weekday,19,0.0,92.8,232.9
158,weekday,20,0.0,101.6,251.1
158,weekday,21,0.0,117.8,257.0
158,weekday,22,0.0,115.6,258.1
158,weekday,23,0.0,90.8,198.8
158,weekend,0,0.0,214.1,325.2
158,weekend,1,0.0,237.6,320.9
158,weekend,2,0.0,175.7,233.6
158,weekend,3,0.0,102.0,131.6
158,weekend,4,0.0,21.8,50.6
158,weekend,5,0.0,4.0,26.0
158,weekend,6,0.0,3.7,29.2
158,weekend,7,0.0,7.1,41.2
158,weekend,8,0.0,12.0,60.4
158,weekend,9,0.0,20.3,102.9
158,weekend,10,0.0,30.6,131.9
158,weekend,11,0.0,42.7,144.1
158,weekend,12,0.0,56.7,173.8
158,weekend,13,0.0,70.7,183.0
158,weekend,14,0.0,87.1,185.1
158,weekend,15,0.0,85.2,194.7
158,weekend,16,0.0,88.3,206.7
158,weekend,17,0.0,87.9,201.7
158,weekend,18,0.0,90.8,208.6
158,weekend,19,0.0,79.7,220.1
158,weekend,20,0.0,77.2,222.3
158,weekend,21,0.0,86.6,225.0
158,weekend,22,0.0,93.6,237.6
158,weekend,23,0.0,100.4,216.8
159,weekday,0,96.7,1.6,85.2
159,weekday,1,42.4,0.6,53.4
159,weekday,2,41.2,0.4,39.0
159,weekday,3,70.9,0.4,29.6
159,weekday,4,212.4,0.9,39.8
159,weekday,5,678.2,0.8,49.8
159,weekday,6,1359.0,2.2,109.1
159,weekday,7,2107.0,3.5,190.8
159,weekday,8,2004.8,3.2,209.5
159,weekday,9,1283.9,2.5,159.5
159,weekday,10,1016.2,1.8,133.8
159,weekday,11,971.9,2.4,134.8
159,weekday,12,1023.6,2.1,138.6
159,weekday,13,1153.4,2.4,145.8
159,weekday,14,1494.4,3.5,159.4
159,weekday,15,1787.1,2.6,168.1
159,weekday,16,1773.9,2.6,169.3
159,weekday,17,1575.5,1.9,173.1
159,weekday,18,900.6,2.1,162.0
159,weekday,19,717.4,1.4,139.7
159,weekday,20,503.0,1.6,122.8
159,weekday,21,374.1,1.3,97.4
159,weekday,22,252.4,1.5,99.5
159,weekday,23,185.1,2.1,107.6
159,weekend,0,111.8,3.4,128.9
159,weekend,1,53.1,1.4,98.0
159,weekend,2,39.6,1.8,75.2
159,weekend,3,54.0,0.9,63.2
159,weekend,4,95.6,1.4,59.3
159,weekend,5,188.6,1.3,52.2
159,weekend,6,369.7,2.7,81.9
159,weekend,7,511.9,3.8,102.0
159,weekend,8,557.4,3.6,101.3
159,weekend,9,571.1,3.3,116.9
159,weekend,10,615.1,3.1,131.7
159,weekend,11,571.4,4.0,128.7
159,weekend,12,641.4,3.3,121.4
159,weekend,13,649.8,3.6,124.8
159,weekend,14,762.0,5.1,144.2
159,weekend,15,774.3,4.2,153.6
159,weekend,16,659.2,3.0,147.0
159,weekend,17,570.2,3.6,143.8
159,weekend,18,459.2,3.2,146.2
159,weekend,19,446.7,1.9,138.1
159,weekend,20,333.8,3.0,129.9
159,weekend,21,260.6,2.8,133.3
159,weekend,22,226.9,4.0,127.9
159,weekend,23,163.0,2.7,139.7
160,weekday,0,0.0,0.9,28.1
160,weekday,1,0.0,0.5,17.2
160,weekday,2,0.0,0.1,11.9
160,weekday,3,0.0,0.2,11.4
160,weekday,4,0.0,0.5,20.0
160,weekday,5,0.0,0.9,41.4
160,weekday,6,0.0,2.4,72.7
160,weekday,7,0.0,3.2,109.0
160,weekday,8,0.0,2.4,127.1
160,weekday,9,0.0,1.6,104.9
160,weekday,10,0.0,1.1,77.4
160,weekday,11,0.0,1.4,75.9
160,weekday,12,0.0,1.3,67.3
160,weekday,13,0.0,1.4,68.5
160,weekday,14,0.0,1.6,73.0
160,weekday,15,0.0,1.6,76.9
160,weekday,16,0.0,1.3,73.6
160,weekday,17,0.0,1.6,83.8
160,weekday,18,0.0,1.1,78.7
160,weekday,19,0.0,1.1,67.6
160,weekday,20,0.0,1.1,57.1
160,weekday,21,0.0,1.5,51.6
160,weekday,22,0.0,1.2,44.8
160,weekday,23,0.0,1.6,40.8
160,weekend,0,0.0,3.2,61.4
160,weekend,1,0.0,1.0,49.6
160,weekend,2,0.0,0.4,35.2
160,weekend,3,0.0,0.8,23.9
160,weekend,4,0.0,1.3,22.8
160,weekend,5,0.0,1.0,36.4
160,weekend,6,0.0,1.1,43.1
160,weekend,7,0.0,1.7,51.9
160,weekend,8,0.0,2.1,72.9
160,weekend,9,0.0,2.1,73.7
160,weekend,10,0.0,2.0,86.6
160,weekend,11,0.0,2.2,92.0
160,weekend,12,0.0,1.7,85.1
160,weekend,13,0.0,1.8,83.3
160,weekend,14,0.0,3.1,82.0
160,weekend,15,0.0,1.8,91.4
160,weekend,16,0.0,2.6,81.2
160,weekend,17,0.0,2.2,81.9
160,weekend,18,0.0,1.3,87.7
160,weekend,19,0.0,1.2,81.9
160,weekend,20,0.0,3.0,78.0
160,weekend,21,0.0,2.6,69.9
160,weekend,22,0.0,3.4,61.2
160,weekend,23,0.0,3.4,68.3
161,weekday,0,44.2,93.4,305.2
161,weekday,1,9.9,34.8,191.8
161,weekday,2,4.1,12.1,112.8
161,weekday,3,2.8,8.6,60.5
161,weekday,4,3.9,10.3,45.1
161,weekday,5,8.1,15.6,51.1
161,weekday,6,33.4,50.0,75.4
161,weekday,7,58.6,100.8,134.7
161,weekday,8,109.0,182.2,215.4
161,weekday,9,163.6,221.8,236.3
161,weekday,10,226.5,264.6,290.4
161,weekday,11,334.3,330.5,370.1
161,weekday,12,435.9,353.9,397.0
161,weekday,13,597.3,393.6,432.5
161,weekday,14,897.1,444.6,464.5
161,weekday,15,1290.1,475.8,490.3
161,weekday,16,2162.1,562.1,544.5
161,weekday,17,3883.2,626.9,634.8
161,weekday,18,2617.4,638.6,640.8
161,weekday,19,1182.1,582.6,683.2
161,weekday,20,570.2,568.7,798.5
161,weekday,21,300.1,581.2,864.4
161,weekday,22,209.1,478.6,684.9
161,weekday,23,100.0,282.1,535.2
161,weekend,0,56.3,126.9,218.9
161,weekend,1,13.3,51.6,129.0
161,weekend,2,7.0,22.2,73.3
161,weekend,3,2.7,15.6,53.0
161,weekend,4,3.1,16.0,40.8
161,weekend,5,4.2,13.0,37.7
161,weekend,6,11.4,20.0,46.2
161,weekend,7,21.8,36.4,66.0
161,weekend,8,27.7,65.1,88.4
161,weekend,9,43.2,100.2,128.2
161,weekend,10,78.6,157.2,192.6
161,weekend,11,126.7,207.3,231.4
161,weekend,12,205.4,222.3,239.0
161,weekend,13,257.4,238.9,245.6
161,weekend,14,296.1,235.9,254.8
161,weekend,15,357.7,242.9,255.0
161,weekend,16,416.9,306.4,288.8
161,weekend,17,385.0,324.4,313.2
161,weekend,18,386.2,308.7,334.4
161,weekend,19,262.2,248.8,311.7
161,weekend,20,166.9,188.0,269.6
161,weekend,21,108.1,164.0,263.8
161,weekend,22,113.8,184.2,267.4
161,weekend,23,66.1,164.8,245.6
162,weekday,0,1212.1,56.4,173.6
162,weekday,1,344.6,20.1,97.9
162,weekday,2,152.3,11.1,59.9
162,weekday,3,81.9,6.5,42.9
162,weekday,4,107.3,7.8,43.9
162,weekday,5,891.2,23.8,54.6
162,weekday,6,3127.2,80.4,91.4
162,weekday,7,7934.7,134.9,141.4
162,weekday,8,13703.4,219.1,214.8
162,weekday,9,9182.8,239.8,209.7
162,weekday,10,5827.4,247.9,215.6
162,weekday,11,5678.8,246.9,251.5
162,weekday,12,6118.2,247.3,265.1
162,weekday,13,6717.6,258.7,281.7
162,weekday,14,8260.2,271.6,292.3
162,weekday,15,10834.9,285.6,295.2
162,weekday,16,15826.4,328.6,323.3
162,weekday,17,27586.6,425.0,431.2
162,weekday,18,19722.5,462.9,449.5
162,weekday,19,10379.4,380.6,412.6
162,weekday,20,6431.2,364.5,566.3
162,weekday,21,4559.1,353.9,501.4
162,weekday,22,3509.7,269.2,392.6
162,weekday,23,2220.2,133.8,296.6
162,weekend,0,1519.0,95.1,155.7
162,weekend,1,616.6,61.3,125.2
162,weekend,2,263.4,34.0,94.4
162,weekend,3,136.6,20.2,68.1
162,weekend,4,132.8,16.4,55.3
162,weekend,5,184.3,15.0,51.3
162,weekend,6,597.2,27.8,66.0
162,weekend,7,1072.7,40.7,82.9
162,weekend,8,1658.3,73.6,111.9
162,weekend,9,2728.7,116.6,152.1
162,weekend,10,4183.4,167.9,204.4
162,weekend,11,5320.9,210.4,215.1
162,weekend,12,5709.0,205.9,223.2
162,weekend,13,5464.9,196.2,206.9
162,weekend,14,5664.3,187.2,195.9
162,weekend,15,5934.3,173.9,179.2
162,weekend,16,5949.6,189.7,191.1
162,weekend,17,5946.9,213.9,204.1
162,weekend,18,5507.2,235.7,223.3
162,weekend,19,4570.2,213.7,234.2
162,weekend,20,3786.0,186.0,216.3
162,weekend,21,3170.9,173.8,202.4
162,weekend,22,2657.9,126.6,185.1
162,weekend,23,1870.0,101.1,149.7
163,weekday,0,393.6,50.2,155.1
163,weekday,1,119.6,22.2,86.3
163,weekday,2,58.0,11.9,65.5
163,weekday,3,35.8,7.7,34.6
163,weekday,4,42.2,9.9,43.9
163,weekday,5,82.8,13.6,62.5
163,weekday,6,249.2,23.8,93.3
163,weekday,7,729.1,63.9,169.5
163,weekday,8,1316.1,106.0,246.6
163,weekday,9,1234.0,132.1,247.8
163,weekday,10,1125.6,162.7,270.1
163,weekday,11,1217.7,184.6,273.1
163,weekday,12,1398.4,213.6,268.0
163,weekday,13,1603.2,241.4,275.6
163,weekday,14,2185.9,255.1,285.4
163,weekday,15,3046.9,253.1,288.5
163,weekday,16,3812.4,269.1,301.9
163,weekday,17,5661.8,323.6,377.6
163,weekday,18,4597.2,354.9,428.0
163,weekday,19,2829.2,285.9,377.4
163,weekday,20,2037.6,285.4,493.1
163,weekday,21,1786.6,302.6,419.5
163,weekday,22,1717.2,254.4,339.3
163,weekday,23,1004.1,151.5,255.2
163,weekend,0,650.2,119.0,211.7
163,weekend,1,258.1,61.8,136.4
163,weekend,2,120.8,34.1,102.1
163,weekend,3,68.6,16.7,64.6
163,weekend,4,54.2,20.3,57.3
163,weekend,5,61.2,16.0,56.7
163,weekend,6,143.4,18.3,60.7
163,weekend,7,303.7,34.1,82.1
163,weekend,8,466.4,58.8,118.7
163,weekend,9,752.3,98.6,176.8
163,weekend,10,1060.7,133.0,224.7
163,weekend,11,1275.8,156.2,251.7
163,weekend,12,1443.7,172.3,255.3
163,weekend,13,1633.9,176.2,250.6
163,weekend,14,1881.4,186.8,257.4
163,weekend,15,2195.0,178.4,235.1
163,weekend,16,2448.1,175.2,246.4
163,weekend,17,2374.2,190.4,264.3
163,weekend,18,2061.6,200.6,303.7
163,weekend,19,1681.6,165.2,284.6
163,weekend,20,1358.4,132.3,226.1
163,weekend,21,1242.8,130.9,224.8
163,weekend,22,1255.4,142.1,222.1
163,weekend,23,901.9,116.0,186.0
164,weekday,0,700.5,67.7,192.4
164,weekday,1,226.2,33.4,141.3
164,weekday,2,114.4,19.5,97.8
164,weekday,3,62.7,10.4,69.8
164,weekday,4,72.5,11.9,77.5
164,weekday,5,171.9,10.6,84.2
164,weekday,6,527.4,25.5,131.7
164,weekday,7,1430.5,55.9,222.5
164,weekday,8,2711.8,103.6,339.0
164,weekday,9,2406.1,118.8,321.1
164,weekday,10,2152.4,128.7,292.5
164,weekday,11,2466.3,140.1,290.4
164,weekday,12,2807.9,151.5,286.1
164,weekday,13,3226.9,160.3,286.6
164,weekday,14,3895.5,170.7,279.9
164,weekday,15,5321.5,172.3,281.0
164,weekday,16,7666.7,200.5,295.5
164,weekday,17,12989.1,240.9,357.9
164,weekday,18,9448.2,257.5,407.1
164,weekday,19,5472.3,232.3,405.8
164,weekday,20,3919.1,231.1,420.9
164,weekday,21,3293.7,233.3,399.0
164,weekday,22,2290.6,209.5,368.8
164,weekday,23,1410.4,159.6,315.7
164,weekend,0,1103.4,214.0,408.3
164,weekend,1,542.4,166.9,400.9
164,weekend,2,271.3,113.6,337.6
164,weekend,3,154.0,79.0,269.9
164,weekend,4,113.3,57.8,204.9
164,weekend,5,100.2,24.9,125.0
164,weekend,6,166.0,18.9,102.4
164,weekend,7,390.6,26.4,114.0
164,weekend,8,539.7,46.8,156.3
164,weekend,9,909.7,82.7,216.6
164,weekend,10,1454.4,115.1,282.9
164,weekend,11,1884.2,128.8,285.9
164,weekend,12,2136.0,136.8,280.9
164,weekend,13,2323.7,144.2,259.3
164,weekend,14,2528.7,132.4,233.9
164,weekend,15,3025.9,127.9,235.0
164,weekend,16,3215.6,130.1,232.8
164,weekend,17,3073.3,159.6,261.0
164,weekend,18,2845.6,183.6,308.4
164,weekend,19,2244.0,161.0,346.8
164,weekend,20,1837.3,132.7,327.8
164,weekend,21,1705.7,136.1,336.4
164,weekend,22,1649.0,132.1,336.3
164,weekend,23,1170.1,138.6,309.8
165,weekday,0,25.2,0.6,32.1
165,weekday,1,13.6,0.6,19.5
165,weekday,2,8.6,0.1,13.3
165,weekday,3,14.9,0.2,12.8
165,weekday,4,73.5,0.2,16.9
165,weekday,5,233.1,0.4,27.1
165,weekday,6,579.7,1.2,55.2
165,weekday,7,1239.6,1.9,120.5
165,weekday,8,1424.8,3.8,160.1
165,weekday,9,863.2,4.1,174.4
165,weekday,10,594.5,3.1,131.7
165,weekday,11,574.5,3.0,132.6
165,weekday,12,560.6,3.5,134.6
165,weekday,13,573.4,3.9,125.8
165,weekday,14,657.9,4.2,136.0
165,weekday,15,695.2,3.4,133.8
165,weekday,16,697.1,2.5,127.5
165,weekday,17,761.4,2.5,132.4
165,weekday,18,530.0,1.9,125.1
165,weekday,19,338.5,0.9,107.5
165,weekday,20,263.0,1.1,91.9
165,weekday,21,161.1,0.7,77.1
165,weekday,22,96.3,0.6,68.4
165,weekday,23,50.1,1.2,49.4
165,weekend,0,26.3,1.3,50.6
165,weekend,1,14.0,0.9,36.7
165,weekend,2,8.2,0.2,24.3
165,weekend,3,10.8,0.2,16.4
165,weekend,4,20.8,0.0,19.9
165,weekend,5,81.6,0.6,23.2
165,weekend,6,175.0,0.6,34.8
165,weekend,7,282.2,1.2,49.7
165,weekend,8,373.6,1.9,71.4
165,weekend,9,419.0,2.6,94.2
165,weekend,10,405.7,2.4,93.9
165,weekend,11,404.7,2.3,94.7
165,weekend,12,441.4,2.9,100.0
165,weekend,13,443.8,1.7,93.1
165,weekend,14,435.2,1.6,97.2
165,weekend,15,387.4,1.2,85.2
165,weekend,16,369.1,1.7,88.9
165,weekend,17,346.7,1.6,88.6
165,weekend,18,294.0,2.3,89.2
165,weekend,19,220.4,1.1,85.3
165,weekend,20,183.9,0.8,73.0
165,weekend,21,122.4,1.0,78.7
165,weekend,22,84.0,1.6,72.9
165,weekend,23,47.4,1.8,62.9
166,weekday,0,228.4,11.0,53.5
166,weekday,1,86.8,6.6,31.9
166,weekday,2,50.2,2.7,20.0
166,weekday,3,53.6,1.8,13.9
166,weekday,4,106.7,3.2,19.8
166,weekday,5,308.9,5.8,29.4
166,weekday,6,849.8,11.5,55.4
166,weekday,7,1818.8,32.8,92.3
166,weekday,8,2992.1,52.6,129.2
166,weekday,9,2008.1,41.2,119.6
166,weekday,10,1404.4,34.7,110.8
166,weekday,11,1403.4,39.1,98.1
166,weekday,12,1573.9,45.2,119.5
166,weekday,13,1705.1,49.6,111.5
166,weekday,14,2083.3,48.8,117.0
166,weekday,15,2681.2,56.6,130.2
166,weekday,16,3377.6,58.6,133.9
166,weekday,17,3687.9,66.4,138.1
166,weekday,18,2393.5,56.6,122.3
166,weekday,19,1679.9,43.8,114.8
166,weekday,20,1285.6,40.1,100.4
166,weekday,21,958.6,32.3,89.7
166,weekday,22,695.7,33.8,81.8
166,weekday,23,416.3,22.5,78.7
166,weekend,0,336.3,32.6,86.1
166,weekend,1,145.6,17.4,65.4
166,weekend,2,76.3,9.3,45.0
166,weekend,3,57.2,7.1,38.8
166,weekend,4,72.4,6.1,31.8
166,weekend,5,130.1,6.2,25.2
166,weekend,6,289.0,10.8,41.8
166,weekend,7,475.1,17.2,65.3
166,weekend,8,690.2,23.0,69.6
166,weekend,9,940.4,31.7,90.7
166,weekend,10,1174.3,35.0,103.7
166,weekend,11,1484.7,40.3,109.6
166,weekend,12,1700.7,49.4,113.6
166,weekend,13,1827.4,47.3,111.3
166,weekend,14,1671.9,48.4,110.8
166,weekend,15,1652.2,48.0,116.4
166,weekend,16,1580.0,44.1,104.7
166,weekend,17,1472.4,45.7,104.2
166,weekend,18,1424.1,46.6,113.2
166,weekend,19,1176.2,39.9,109.2
166,weekend,20,875.8,33.2,103.7
166,weekend,21,775.0,37.0,109.8
166,weekend,22,597.9,33.1,108.1
166,weekend,23,414.9,33.0,100.2
167,weekday,0,12.7,0.9,66.4
167,weekday,1,5.6,0.5,38.9
167,weekday,2,8.3,0.5,27.1
167,weekday,3,10.6,0.2,24.1
167,weekday,4,51.1,0.5,32.1
167,weekday,5,169.4,1.4,54.4
167,weekday,6,258.5,2.2,100.6
167,weekday,7,381.0,3.9,184.6
167,weekday,8,321.2,3.6,222.6
167,weekday,9,199.0,2.2,163.9
167,weekday,10,143.3,1.6,118.8
167,weekday,11,126.8,1.6,99.2
167,weekday,12,132.9,1.2,102.8
167,weekday,13,163.4,1.6,98.7
167,weekday,14,200.0,1.4,125.1
167,weekday,15,209.8,1.6,125.1
167,weekday,16,188.0,1.1,128.4
167,weekday,17,150.8,1.6,118.2
167,weekday,18,104.4,0.9,108.6
167,weekday,19,67.7,0.7,100.1
167,weekday,20,57.0,0.7,81.6
167,weekday,21,44.2,1.1,84.4
167,weekday,22,36.4,0.9,91.7
167,weekday,23,19.1,0.9,98.5
167,weekend,0,14.2,0.9,121.8
167,weekend,1,6.3,1.6,85.7
167,weekend,2,6.7,1.2,68.1
167,weekend,3,4.7,0.2,55.4
167,weekend,4,10.3,1.4,53.8
167,weekend,5,34.9,0.8,51.6
167,weekend,6,63.0,1.0,64.6
167,weekend,7,65.4,1.6,80.7
167,weekend,8,74.6,2.4,91.8
167,weekend,9,78.7,2.6,106.4
167,weekend,10,76.8,2.0,108.4
167,weekend,11,67.7,1.6,109.8
167,weekend,12,80.9,3.1,105.8
167,weekend,13,97.9,2.7,110.4
167,weekend,14,99.8,3.2,120.2
167,weekend,15,88.2,3.7,120.2
167,weekend,16,73.7,2.3,119.9
167,weekend,17,72.1,1.6,119.0
167,weekend,18,59.8,1.3,118.8
167,weekend,19,36.0,2.3,111.7
167,weekend,20,35.7,2.2,108.4
167,weekend,21,38.1,1.9,125.2
167,weekend,22,34.1,1.7,122.0
167,weekend,23,20.9,1.9,124.1
168,weekday,0,136.7,3.4,120.2
168,weekday,1,57.8,1.9,75.8
168,weekday,2,50.4,1.2,53.6
168,weekday,3,90.7,1.5,48.3
168,weekday,4,258.5,2.6,65.9
168,weekday,5,736.8,3.6,97.0
168,weekday,6,1224.5,4.8,159.5
168,weekday,7,2144.6,5.4,274.2
168,weekday,8,2196.7,6.9,305.4
168,weekday,9,1344.1,4.1,241.1
168,weekday,10,1033.6,3.5,179.1
168,weekday,11,1035.4,3.7,173.1
168,weekday,12,1042.1,3.9,176.9
168,weekday,13,1188.6,3.5,177.4
168,weekday,14,1633.0,5.4,192.6
168,weekday,15,2022.6,5.4,201.1
168,weekday,16,2139.9,5.0,216.5
168,weekday,17,1773.7,5.9,221.4
168,weekday,18,1075.6,5.3,219.9
168,weekday,19,793.0,3.1,188.6
168,weekday,20,593.4,3.9,166.5
168,weekday,21,448.8,4.1,174.0
168,weekday,22,339.8,4.5,164.5
168,weekday,23,246.0,6.1,163.9
168,weekend,0,171.7,9.6,236.6
168,weekend,1,85.1,5.4,184.4
168,weekend,2,66.0,4.1,136.7
168,weekend,3,66.7,4.3,116.4
168,weekend,4,146.2,6.0,91.7
168,weekend,5,318.4,4.9,103.3
168,weekend,6,528.2,5.1,128.3
168,weekend,7,680.8,5.2,147.9
168,weekend,8,751.4,4.8,156.4
168,weekend,9,760.4,5.1,175.9
168,weekend,10,764.4,6.2,186.9
168,weekend,11,736.7,6.0,195.2
168,weekend,12,766.4,6.8,194.4
168,weekend,13,842.2,10.9,218.7
168,weekend,14,954.4,8.4,205.6
168,weekend,15,901.0,8.4,206.3
168,weekend,16,803.3,5.8,207.6
168,weekend,17,671.7,6.8,202.8
168,weekend,18,616.1,10.4,228.2
168,weekend,19,515.8,8.2,220.8
168,weekend,20,443.1,6.7,211.4
168,weekend,21,368.1,7.4,235.8
168,weekend,22,314.3,7.0,235.7
168,weekend,23,235.3,7.4,221.1
169,weekday,0,41.6,0.8,92.2
169,weekday,1,24.6,0.6,56.1
169,weekday,2,30.2,0.4,43.7
169,weekday,3,66.2,0.2,31.8
169,weekday,4,179.1,0.7,36.8
169,weekday,5,559.5,1.0,55.9
169,weekday,6,1048.9,1.6,102.9
169,weekday,7,1595.3,2.8,182.2
169,weekday,8,1489.4,4.2,224.9
169,weekday,9,796.0,2.5,182.2
169,weekday,10,559.7,1.4,148.6
169,weekday,11,527.1,1.1,133.3
169,weekday,12,516.1,1.2,128.5
169,weekday,13,623.6,1.6,129.7
169,weekday,14,673.4,2.1,147.7
169,weekday,15,764.9,2.1,142.1
169,weekday,16,753.8,1.1,148.1
169,weekday,17,655.7,2.2,158.5
169,weekday,18,398.1,1.2,147.6
169,weekday,19,294.5,1.2,137.8
169,weekday,20,203.1,0.8,112.9
169,weekday,21,187.9,0.8,112.3
169,weekday,22,138.6,1.1,118.0
169,weekday,23,85.8,0.6,108.7
169,weekend,0,48.2,1.6,166.0
169,weekend,1,31.8,2.8,125.9
169,weekend,2,29.0,1.2,95.0
169,weekend,3,33.0,0.7,71.3
169,weekend,4,84.1,0.9,61.8
169,weekend,5,196.6,1.2,68.6
169,weekend,6,346.7,2.0,85.9
169,weekend,7,451.8,1.2,114.0
169,weekend,8,441.2,2.1,122.4
169,weekend,9,400.3,2.8,123.3
169,weekend,10,391.4,2.7,150.2
169,weekend,11,367.6,2.3,132.7
169,weekend,12,351.7,3.1,129.6
169,weekend,13,417.9,2.8,121.1
169,weekend,14,493.9,2.7,135.7
169,weekend,15,384.9,1.9,139.1
169,weekend,16,330.7,2.2,146.1
169,weekend,17,270.1,2.6,140.7
169,weekend,18,246.6,2.0,158.0
169,weekend,19,218.7,1.4,167.7
169,weekend,20,170.0,0.9,151.1
169,weekend,21,163.2,2.3,163.0
169,weekend,22,144.7,2.6,165.8
169,weekend,23,86.0,2.2,169.4
170,weekday,0,0.0,52.2,118.9
170,weekday,1,0.0,21.2,69.5
170,weekday,2,0.0,10.4,40.9
170,weekday,3,0.0,6.9,32.1
170,weekday,4,0.0,7.8,51.4
170,weekday,5,0.0,22.7,81.2
170,weekday,6,0.0,61.6,159.1
170,weekday,7,0.0,119.4,240.1
170,weekday,8,0.0,183.7,354.4
170,weekday,9,0.0,204.5,332.0
170,weekday,10,0.0,206.6,288.6
170,weekday,11,0.0,212.5,285.8
170,weekday,12,0.0,230.6,294.1
170,weekday,13,0.0,245.1,286.4
170,weekday,14,0.0,251.1,298.4
170,weekday,15,0.0,269.4,299.9
170,weekday,16,0.0,283.5,308.2
170,weekday,17,0.0,325.8,347.5
170,weekday,18,0.0,360.4,388.4
170,weekday,19,0.0,306.5,361.5
170,weekday,20,0.0,261.6,344.3
170,weekday,21,0.0,248.3,300.8
170,weekday,22,0.0,203.5,265.2
170,weekday,23,0.0,133.1,203.2
170,weekend,0,0.0,157.4,238.7
170,weekend,1,0.0,89.6,184.4
170,weekend,2,0.0,50.9,124.8
170,weekend,3,0.0,35.3,101.0
170,weekend,4,0.0,29.3,77.3
170,weekend,5,0.0,16.9,72.4
170,weekend,6,0.0,26.7,78.9
170,weekend,7,0.0,44.2,100.9
170,weekend,8,0.0,62.9,145.8
170,weekend,9,0.0,104.9,188.0
170,weekend,10,0.0,154.9,250.2
170,weekend,11,0.0,169.4,277.0
170,weekend,12,0.0,201.3,289.4
170,weekend,13,0.0,198.2,273.4
170,weekend,14,0.0,185.2,265.0
170,weekend,15,0.0,187.6,258.1
170,weekend,16,0.0,202.3,255.6
170,weekend,17,0.0,222.3,264.0
170,weekend,18,0.0,235.6,292.1
170,weekend,19,0.0,194.7,296.0
170,weekend,20,0.0,161.3,280.2
170,weekend,21,0.0,138.2,260.6
170,weekend,22,0.0,142.8,258.7
170,weekend,23,0.0,119.8,205.1
171,weekday,0,0.0,0.8,28.7
171,weekday,1,0.0,0.4,20.5
171,weekday,2,0.0,0.1,17.5
171,weekday,3,0.0,0.1,14.7
171,weekday,4,0.0,0.2,21.9
171,weekday,5,0.0,0.1,26.4
171,weekday,6,0.0,0.5,43.5
171,weekday,7,0.0,1.2,80.7
171,weekday,8,0.0,1.0,104.7
171,weekday,9,0.0,0.8,79.2
171,weekday,10,0.0,0.7,73.2
171,weekday,11,0.0,0.5,65.6
171,weekday,12,0.0,0.8,72.0
171,weekday,13,0.0,0.8,71.1
171,weekday,14,0.0,1.2,78.0
171,weekday,15,0.0,0.9,74.3
171,weekday,16,0.0,0.2,63.9
171,weekday,17,0.0,0.4,69.3
171,weekday,18,0.0,0.5,64.1
171,weekday,19,0.0,0.2,58.1
171,weekday,20,0.0,0.6,52.5
171,weekday,21,0.0,0.5,48.9
171,weekday,22,0.0,0.9,46.4
171,weekday,23,0.0,0.5,39.4
171,weekend,0,0.0,0.7,56.6
171,weekend,1,0.0,1.4,52.8
171,weekend,2,0.0,0.3,38.7
171,weekend,3,0.0,0.2,33.6
171,weekend,4,0.0,0.4,27.9
171,weekend,5,0.0,0.6,26.9
171,weekend,6,0.0,0.3,33.2
171,weekend,7,0.0,1.0,37.7
171,weekend,8,0.0,1.9,52.0
171,weekend,9,0.0,1.1,63.0
171,weekend,10,0.0,1.2,73.1
171,weekend,11,0.0,0.9,79.0
171,weekend,12,0.0,0.3,71.9
171,weekend,13,0.0,0.8,73.2
171,weekend,14,0.0,0.9,69.7
171,weekend,15,0.0,0.7,74.2
171,weekend,16,0.0,0.6,70.3
171,weekend,17,0.0,0.3,67.3
171,weekend,18,0.0,0.6,67.4
171,weekend,19,0.0,0.4,69.6
171,weekend,20,0.0,0.3,65.6
171,weekend,21,0.0,1.3,66.2
171,weekend,22,0.0,1.3,60.0
171,weekend,23,0.0,1.3,56.6
172,weekday,0,0.0,0.0,7.1
172,weekday,1,0.0,0.0,4.5
172,weekday,2,0.0,0.0,3.3
172,weekday,3,0.0,0.1,2.9
172,weekday,4,0.0,0.0,2.8
172,weekday,5,0.0,0.0,7.7
172,weekday,6,0.0,0.0,11.5
172,weekday,7,0.0,0.2,19.9
172,weekday,8,0.0,0.0,31.2
172,weekday,9,0.0,0.1,26.0
172,weekday,10,0.0,0.0,21.0
172,weekday,11,0.0,0.0,25.4
172,weekday,12,0.0,0.0,24.1
172,weekday,13,0.0,0.0,26.3
172,weekday,14,0.0,0.0,33.1
172,weekday,15,0.0,0.1,26.1
172,weekday,16,0.0,0.0,26.1
172,weekday,17,0.0,0.0,27.6
172,weekday,18,0.0,0.1,25.7
172,weekday,19,0.0,0.1,20.2
172,weekday,20,0.0,0.0,20.3
172,weekday,21,0.0,0.1,18.8
172,weekday,22,0.0,0.1,16.4
172,weekday,23,0.0,0.0,10.1
172,weekend,0,0.0,0.1,17.4
172,weekend,1,0.0,0.0,14.3
172,weekend,2,0.0,0.0,10.0
172,weekend,3,0.0,0.0,8.7
172,weekend,4,0.0,0.0,7.6
172,weekend,5,0.0,0.0,5.8
172,weekend,6,0.0,0.1,9.3
172,weekend,7,0.0,0.1,11.2
172,weekend,8,0.0,0.1,12.2
172,weekend,9,0.0,0.0,15.3
172,weekend,10,0.0,0.0,18.0
172,weekend,11,0.0,0.0,19.9
172,weekend,12,0.0,0.0,23.2
172,weekend,13,0.0,0.0,24.8
172,weekend,14,0.0,0.0,29.4
172,weekend,15,0.0,0.1,25.9
172,weekend,16,0.0,0.1,24.7
172,weekend,17,0.0,0.0,23.9
172,weekend,18,0.0,0.2,27.1
172,weekend,19,0.0,0.0,18.3
172,weekend,20,0.0,0.0,23.7
172,weekend,21,0.0,0.1,20.7
172,weekend,22,0.0,0.0,20.4
172,weekend,23,0.0,0.1,13.9
173,weekday,0,75.5,1.4,51.1
173,weekday,1,47.1,0.9,37.5
173,weekday,2,52.4,0.6,29.4
173,weekday,3,126.2,0.3,27.4
173,weekday,4,577.8,0.9,45.8
173,weekday,5,2286.1,1.3,56.9
173,weekday,6,3605.5,0.4,69.0
173,weekday,7,4032.2,0.8,81.9
173,weekday,8,2956.3,1.8,104.7
173,weekday,9,1811.4,1.4,86.7
173,weekday,10,1347.4,0.9,72.4
173,weekday,11,990.9,0.7,69.4
173,weekday,12,935.3,0.6,70.6
173,weekday,13,1076.6,1.0,75.4
173,weekday,14,1244.3,1.1,78.5
173,weekday,15,1292.9,1.2,75.5
173,weekday,16,1161.7,0.9,66.8
173,weekday,17,1025.0,1.1,70.4
173,weekday,18,794.4,1.1,69.6
173,weekday,19,615.1,0.6,65.5
173,weekday,20,461.6,0.5,54.4
173,weekday,21,408.3,0.9,61.9
173,weekday,22,284.6,2.1,70.4
173,weekday,23,157.2,2.0,63.6
173,weekend,0,170.4,4.4,111.9
173,weekend,1,75.8,1.6,108.7
173,weekend,2,75.7,1.6,93.4
173,weekend,3,99.1,1.8,71.9
173,weekend,4,267.4,2.3,78.4
173,weekend,5,577.2,1.7,70.3
173,weekend,6,1083.9,1.4,69.1
173,weekend,7,1288.0,1.6,73.0
173,weekend,8,1368.7,1.2,72.0
173,weekend,9,1401.9,1.7,85.3
173,weekend,10,1236.1,1.9,88.4
173,weekend,11,1002.9,1.2,89.2
173,weekend,12,987.6,1.1,95.8
173,weekend,13,1095.7,2.4,95.4
173,weekend,14,1150.9,1.7,94.0
173,weekend,15,1092.4,0.9,84.8
173,weekend,16,892.3,1.2,84.7
173,weekend,17,774.7,1.7,85.1
173,weekend,18,692.7,1.7,86.6
173,weekend,19,635.2,1.8,91.4
173,weekend,20,624.8,2.1,90.6
173,weekend,21,589.2,2.7,96.2
173,weekend,22,480.1,2.9,98.2
173,weekend,23,325.8,3.8,99.9
174,weekday,0,62.9,0.4,70.7
174,weekday,1,32.8,0.3,39.6
174,weekday,2,36.2,0.5,31.4
174,weekday,3,78.6,0.1,24.4
174,weekday,4,259.7,0.2,36.9
174,weekday,5,768.9,0.7,55.9
174,weekday,6,1274.7,1.0,103.1
174,weekday,7,1881.5,1.6,171.8
174,weekday,8,1391.1,2.2,202.4
174,weekday,9,821.2,1.6,166.8
174,weekday,10,591.0,1.3,153.5
174,weekday,11,523.6,1.6,146.1
174,weekday,12,527.4,1.4,146.6
174,weekday,13,605.4,1.2,142.9
174,weekday,14,715.8,1.1,168.6
174,weekday,15,828.1,1.8,175.5
174,weekday,16,891.6,1.5,176.0
174,weekday,17,845.0,1.1,180.5
174,weekday,18,552.5,1.0,137.2
174,weekday,19,375.1,0.5,122.7
174,weekday,20,299.2,0.5,103.5
174,weekday,21,249.3,0.4,96.2
174,weekday,22,176.1,0.8,103.9
174,weekday,23,116.7,1.0,109.9
174,weekend,0,79.9,2.0,114.8
174,weekend,1,50.2,0.6,81.0
174,weekend,2,28.0,0.6,64.0
174,weekend,3,37.8,0.4,45.3
174,weekend,4,104.4,0.9,46.8
174,weekend,5,195.7,0.1,54.8
174,weekend,6,370.2,0.7,73.0
174,weekend,7,451.9,1.9,111.6
174,weekend,8,436.3,1.2,105.0
174,weekend,9,448.9,1.3,115.7
174,weekend,10,419.0,0.8,118.3
174,weekend,11,404.8,1.7,117.8
174,weekend,12,444.8,1.2,114.9
174,weekend,13,471.6,1.6,120.3
174,weekend,14,487.9,1.0,131.7
174,weekend,15,454.9,1.4,139.9
174,weekend,16,422.6,1.1,128.2
174,weekend,17,376.8,1.3,125.7
174,weekend,18,349.6,1.1,133.6
174,weekend,19,293.0,1.4,137.9
174,weekend,20,286.9,2.0,117.9
174,weekend,21,228.7,1.6,130.2
174,weekend,22,168.2,2.3,127.2
174,weekend,23,131.8,1.7,134.6
175,weekday,0,0.0,0.4,5.5
175,weekday,1,0.0,0.1,3.5
175,weekday,2,0.0,0.1,2.9
175,weekday,3,0.0,0.2,3.6
175,weekday,4,0.0,0.2,7.7
175,weekday,5,0.0,0.2,12.8
175,weekday,6,0.0,0.8,16.4
175,weekday,7,0.0,0.8,34.8
175,weekday,8,0.0,1.2,42.6
175,weekday,9,0.0,0.7,37.9
175,weekday,10,0.0,0.3,31.8
175,weekday,11,0.0,0.6,28.5
175,weekday,12,0.0,0.2,31.2
175,weekday,13,0.0,0.3,30.7
175,weekday,14,0.0,0.4,34.9
175,weekday,15,0.0,0.4,33.5
175,weekday,16,0.0,0.4,30.0
175,weekday,17,0.0,0.4,27.8
175,weekday,18,0.0,0.1,27.9
175,weekday,19,0.0,0.0,20.5
175,weekday,20,0.0,0.4,19.0
175,weekday,21,0.0,0.1,17.9
175,weekday,22,0.0,0.2,16.3
175,weekday,23,0.0,0.0,11.3
175,weekend,0,0.0,0.8,14.7
175,weekend,1,0.0,0.4,9.2
175,weekend,2,0.0,0.2,4.3
175,weekend,3,0.0,0.1,6.2
175,weekend,4,0.0,0.3,7.0
175,weekend,5,0.0,0.1,8.2
175,weekend,6,0.0,0.3,9.1
175,weekend,7,0.0,0.2,16.0
175,weekend,8,0.0,0.9,19.6
175,weekend,9,0.0,0.4,22.4
175,weekend,10,0.0,0.3,28.0
175,weekend,11,0.0,1.1,31.1
175,weekend,12,0.0,0.2,27.6
175,weekend,13,0.0,0.8,27.4
175,weekend,14,0.0,0.6,27.3
175,weekend,15,0.0,0.1,25.8
175,weekend,16,0.0,0.7,28.2
175,weekend,17,0.0,0.2,21.6
175,weekend,18,0.0,0.0,22.7
175,weekend,19,0.0,0.4,21.3
175,weekend,20,0.0,0.4,17.4
175,weekend,21,0.0,0.4,21.3
175,weekend,22,0.0,0.7,21.8
175,weekend,23,0.0,1.1,18.6
176,weekday,0,0.0,0.0,2.8
176,weekday,1,0.0,0.0,1.7
176,weekday,2,0.0,0.0,1.0
176,weekday,3,0.0,0.0,1.6
176,weekday,4,0.0,0.0,3.2
176,weekday,5,0.0,0.0,5.2
176,weekday,6,0.0,0.1,9.1
176,weekday,7,0.0,0.1,15.3
176,weekday,8,0.0,0.1,21.3
176,weekday,9,0.0,0.1,17.3
176,weekday,10,0.0,0.0,13.7
176,weekday,11,0.0,0.0,13.3
176,weekday,12,0.0,0.1,13.6
176,weekday,13,0.0,0.0,15.1
176,weekday,14,0.0,0.0,17.9
176,weekday,15,0.0,0.0,15.7
176,weekday,16,0.0,0.0,14.4
176,weekday,17,0.0,0.0,14.4
176,weekday,18,0.0,0.0,13.5
176,weekday,19,0.0,0.0,8.9
176,weekday,20,0.0,0.0,7.7
176,weekday,21,0.0,0.0,6.8
176,weekday,22,0.0,0.0,6.1
176,weekday,23,0.0,0.0,4.4
176,weekend,0,0.0,0.0,7.1
176,weekend,1,0.0,0.1,5.9
176,weekend,2,0.0,0.0,6.1
176,weekend,3,0.0,0.0,3.3
176,weekend,4,0.0,0.0,4.7
176,weekend,5,0.0,0.0,5.8
176,weekend,6,0.0,0.0,5.7
176,weekend,7,0.0,0.0,7.9
176,weekend,8,0.0,0.1,11.0
176,weekend,9,0.0,0.0,11.6
176,weekend,10,0.0,0.0,9.9
176,weekend,11,0.0,0.0,9.9
176,weekend,12,0.0,0.0,12.1
176,weekend,13,0.0,0.0,14.4
176,weekend,14,0.0,0.0,14.1
176,weekend,15,0.0,0.0,12.6
176,weekend,16,0.0,0.0,12.1
176,weekend,17,0.0,0.0,13.7
176,weekend,18,0.0,0.1,11.7
176,weekend,19,0.0,0.0,11.9
176,weekend,20,0.0,0.0,9.8
176,weekend,21,0.0,0.0,8.2
176,weekend,22,0.0,0.1,9.8
176,weekend,23,0.0,0.0,7.3
177,weekday,0,100.9,3.4,109.2
177,weekday,1,55.9,1.9,69.9
177,weekday,2,46.4,0.8,41.1
177,weekday,3,63.9,1.0,33.8
177,weekday,4,157.5,1.9,44.4
177,weekday,5,496.9,2.7,58.1
177,weekday,6,1058.3,5.4,101.8
177,weekday,7,1724.8,6.2,138.2
177,weekday,8,1857.8,7.9,159.8
177,weekday,9,1165.9,5.5,138.6
177,weekday,10,815.6,6.5,110.9
177,weekday,11,723.6,4.0,107.5
177,weekday,12,714.4,4.0,109.7
177,weekday,13,796.3,4.0,112.6
177,weekday,14,904.5,5.1,118.4
177,weekday,15,935.1,3.2,126.2
177,weekday,16,914.5,3.7,145.4
177,weekday,17,864.2,3.6,140.7
177,weekday,18,705.9,2.7,142.4
177,weekday,19,475.3,3.1,130.6
177,weekday,20,368.3,2.2,117.9
177,weekday,21,318.8,3.3,116.3
177,weekday,22,238.5,3.1,125.4
177,weekday,23,158.4,4.6,127.3
177,weekend,0,153.7,8.0,199.2
177,weekend,1,86.2,5.4,143.4
177,weekend,2,62.2,3.0,93.4
177,weekend,3,65.6,2.8,76.3
177,weekend,4,92.2,4.2,71.3
177,weekend,5,199.7,3.1,62.7
177,weekend,6,377.8,3.1,69.3
177,weekend,7,452.4,3.9,87.9
177,weekend,8,596.8,4.4,109.7
177,weekend,9,646.8,6.8,126.0
177,weekend,10,676.7,8.6,134.2
177,weekend,11,699.3,5.6,137.2
177,weekend,12,748.6,7.4,125.4
177,weekend,13,772.0,6.6,133.3
177,weekend,14,788.3,5.2,143.9
177,weekend,15,696.9,5.8,156.0
177,weekend,16,641.6,4.9,165.6
177,weekend,17,555.9,5.0,166.4
177,weekend,18,522.8,4.1,163.8
177,weekend,19,425.8,6.1,160.0
177,weekend,20,381.1,6.2,146.7
177,weekend,21,325.7,6.1,156.8
177,weekend,22,275.6,6.4,164.3
177,weekend,23,202.8,5.0,177.4
178,weekday,0,15.5,0.2,13.8
178,weekday,1,7.2,0.1,7.8
178,weekday,2,5.8,0.0,5.1
178,weekday,3,9.9,0.0,2.8
178,weekday,4,52.4,0.1,5.8
178,weekday,5,148.8,0.5,8.0
178,weekday,6,272.6,0.3,18.5
178,weekday,7,545.9,1.1,36.6
178,weekday,8,541.3,1.2,64.5
178,weekday,9,258.8,0.9,57.7
178,weekday,10,142.4,0.8,45.9
178,weekday,11,126.5,1.0,38.6
178,weekday,12,135.7,0.5,39.1
178,weekday,13,146.6,0.8,35.4
178,weekday,14,190.4,1.1,38.9
178,weekday,15,202.5,0.7,37.7
178,weekday,16,243.8,0.4,41.7
178,weekday,17,273.2,0.4,43.0
178,weekday,18,177.6,0.6,44.9
178,weekday,19,133.8,0.4,37.7
178,weekday,20,89.5,0.3,32.8
178,weekday,21,58.1,0.3,30.8
178,weekday,22,43.4,0.4,27.5
178,weekday,23,32.2,0.3,19.1
178,weekend,0,17.1,0.4,12.6
178,weekend,1,8.7,0.2,11.1
178,weekend,2,5.4,0.0,6.9
178,weekend,3,8.2,0.0,6.1
178,weekend,4,24.0,0.3,7.6
178,weekend,5,44.3,0.1,7.4
178,weekend,6,93.2,0.2,12.2
178,weekend,7,149.1,0.2,12.4
178,weekend,8,186.1,0.3,22.4
178,weekend,9,185.0,0.8,23.9
178,weekend,10,164.9,0.3,26.8
178,weekend,11,163.8,0.2,29.6
178,weekend,12,159.9,0.0,26.8
178,weekend,13,154.7,0.3,26.0
178,weekend,14,159.8,0.6,27.1
178,weekend,15,152.4,0.9,21.2
178,weekend,16,144.9,0.2,23.0
178,weekend,17,128.0,0.7,24.0
178,weekend,18,108.1,0.3,29.3
178,weekend,19,99.9,0.4,25.2
178,weekend,20,81.7,0.6,22.4
178,weekend,21,61.0,0.8,22.1
178,weekend,22,46.0,0.6,21.8
178,weekend,23,22.1,0.7,17.6
179,weekday,0,0.0,3.8,48.1
179,weekday,1,0.0,2.1,27.7
179,weekday,2,0.0,1.8,20.9
179,weekday,3,0.0,1.0,18.2
179,weekday,4,0.0,0.6,37.1
179,weekday,5,0.0,3.1,62.6
179,weekday,6,0.0,5.3,111.5
179,weekday,7,0.0,9.4,148.0
179,weekday,8,0.0,10.7,166.7
179,weekday,9,0.0,6.1,136.4
179,weekday,10,0.0,6.5,112.9
179,weekday,11,0.0,6.0,103.7
179,weekday,12,0.0,5.2,102.7
179,weekday,13,0.0,5.1,108.8
179,weekday,14,0.0,5.9,117.1
179,weekday,15,0.0,4.5,107.1
179,weekday,16,0.0,4.8,111.1
179,weekday,17,0.0,4.4,118.0
179,weekday,18,0.0,5.1,124.2
179,weekday,19,0.0,4.7,104.5
179,weekday,20,0.0,3.6,87.4
179,weekday,21,0.0,4.7,81.8
179,weekday,22,0.0,5.5,90.8
179,weekday,23,0.0,3.9,69.1
179,weekend,0,0.0,8.1,119.2
179,weekend,1,0.0,5.6,83.0
179,weekend,2,0.0,4.7,62.1
179,weekend,3,0.0,3.7,53.2
179,weekend,4,0.0,4.1,53.2
179,weekend,5,0.0,1.2,48.2
179,weekend,6,0.0,2.3,64.2
179,weekend,7,0.0,5.3,88.0
179,weekend,8,0.0,7.6,98.9
179,weekend,9,0.0,7.7,120.2
179,weekend,10,0.0,12.8,130.9
179,weekend,11,0.0,9.2,138.0
179,weekend,12,0.0,9.0,145.2
179,weekend,13,0.0,9.7,138.3
179,weekend,14,0.0,8.4,135.8
179,weekend,15,0.0,8.8,137.4
179,weekend,16,0.0,5.6,135.7
179,weekend,17,0.0,8.4,139.8
179,weekend,18,0.0,9.6,146.2
179,weekend,19,0.0,8.2,134.2
179,weekend,20,0.0,6.6,118.6
179,weekend,21,0.0,9.2,125.8
179,weekend,22,0.0,8.7,122.0
179,weekend,23,0.0,11.2,111.7
180,weekday,0,43.1,1.1,31.4
180,weekday,1,26.1,1.3,19.2
180,weekday,2,22.1,0.5,14.1
180,weekday,3,55.2,0.2,13.7
180,weekday,4,232.2,0.2,19.2
180,weekday,5,645.9,0.8,34.5
180,weekday,6,1140.4,0.7,39.4
180,weekday,7,1672.5,1.4,72.5
180,weekday,8,1443.7,1.3,81.1
180,weekday,9,729.4,1.4,58.4
180,weekday,10,490.7,0.9,45.5
180,weekday,11,413.9,0.8,45.8
180,weekday,12,393.8,1.0,45.2
180,weekday,13,457.3,1.8,56.8
180,weekday,14,488.2,2.0,68.9
180,weekday,15,485.8,1.0,60.0
180,weekday,16,471.0,0.9,57.1
180,weekday,17,394.5,1.0,69.5
180,weekday,18,302.2,0.6,65.9
180,weekday,19,222.2,0.6,60.8
180,weekday,20,193.3,1.0,50.7
180,weekday,21,166.9,1.0,45.9
180,weekday,22,114.2,1.7,44.1
180,weekday,23,69.2,1.3,39.5
180,weekend,0,51.3,1.1,55.6
180,weekend,1,34.7,2.0,47.8
180,weekend,2,28.0,2.1,42.9
180,weekend,3,30.8,0.7,26.9
180,weekend,4,82.4,0.7,25.9
180,weekend,5,194.4,1.0,28.2
180,weekend,6,297.0,0.8,29.0
180,weekend,7,397.4,0.2,29.3
180,weekend,8,434.0,1.7,47.9
180,weekend,9,420.2,1.2,51.6
180,weekend,10,385.4,1.7,46.9
180,weekend,11,380.2,1.9,53.1
180,weekend,12,387.3,1.8,53.6
180,weekend,13,411.4,1.2,62.0
180,weekend,14,394.2,2.6,58.7
180,weekend,15,374.6,0.9,59.4
180,weekend,16,316.2,1.4,62.1
180,weekend,17,297.9,1.0,65.1
180,weekend,18,242.3,0.9,63.0
180,weekend,19,205.8,1.3,64.2
180,weekend,20,184.1,1.0,58.4
180,weekend,21,182.1,1.4,63.6
180,weekend,22,128.2,2.3,55.7
180,weekend,23,77.4,2.2,50.1
181,weekday,0,363.5,7.2,168.1
181,weekday,1,140.1,3.2,83.3
181,weekday,2,62.5,1.5,54.5
181,weekday,3,70.1,0.7,38.8
181,weekday,4,141.3,0.9,65.9
181,weekday,5,489.0,1.2,98.7
181,weekday,6,1754.3,2.6,146.8
181,weekday,7,4162.9,6.2,223.9
181,weekday,8,8034.9,9.6,325.9
181,weekday,9,4709.1,7.2,289.5
181,weekday,10,2602.3,5.9,265.6
181,weekday,11,2581.6,5.7,260.6
181,weekday,12,2664.9,8.2,262.4
181,weekday,13,2779.4,7.1,263.5
181,weekday,14,3432.6,8.5,294.9
181,weekday,15,4438.2,9.1,318.4
181,weekday,16,4741.6,8.1,319.5
181,weekday,17,5398.2,10.6,361.2
181,weekday,18,4484.2,10.9,400.4
181,weekday,19,2976.2,10.2,368.4
181,weekday,20,2302.5,9.3,322.6
181,weekday,21,2554.8,15.9,366.1
181,weekday,22,1737.0,21.6,362.9
181,weekday,23,917.1,16.9,286.8
181,weekend,0,783.0,32.2,455.3
181,weekend,1,339.8,16.3,308.2
181,weekend,2,155.8,10.2,192.1
181,weekend,3,106.4,4.7,120.6
181,weekend,4,105.0,4.7,83.1
181,weekend,5,168.0,2.4,78.7
181,weekend,6,392.9,2.3,93.9
181,weekend,7,611.2,2.9,131.3
181,weekend,8,979.3,4.7,169.7
181,weekend,9,1445.0,3.1,250.2
181,weekend,10,1974.2,6.2,337.3
181,weekend,11,2434.7,8.2,359.4
181,weekend,12,2992.2,7.6,394.7
181,weekend,13,3212.6,12.7,401.2
181,weekend,14,3111.2,11.1,411.2
181,weekend,15,3149.7,11.1,410.3
181,weekend,16,3396.3,12.4,432.9
181,weekend,17,3608.6,18.0,461.0
181,weekend,18,3106.2,18.2,466.4
181,weekend,19,2408.6,14.6,427.7
181,weekend,20,2046.3,16.3,385.9
181,weekend,21,1857.9,21.1,393.8
181,weekend,22,1450.0,21.9,392.9
181,weekend,23,1261.2,24.1,391.1
182,weekday,0,0.0,0.3,34.5
182,weekday,1,0.0,0.2,24.5
182,weekday,2,0.0,0.0,13.6
182,weekday,3,0.0,0.1,13.8
182,weekday,4,0.0,0.4,19.1
182,weekday,5,0.0,1.9,45.6
182,weekday,6,0.0,3.3,91.6
182,weekday,7,0.0,7.6,147.0
182,weekday,8,0.0,5.1,163.5
182,weekday,9,0.0,2.4,117.7
182,weekday,10,0.0,2.2,86.8
182,weekday,11,0.0,1.5,74.6
182,weekday,12,0.0,1.8,78.8
182,weekday,13,0.0,1.4,80.1
182,weekday,14,0.0,1.5,89.2
182,weekday,15,0.0,1.5,76.1
182,weekday,16,0.0,0.3,82.2
182,weekday,17,0.0,1.3,88.3
182,weekday,18,0.0,0.9,90.4
182,weekday,19,0.0,0.4,75.0
182,weekday,20,0.0,0.5,65.0
182,weekday,21,0.0,0.8,60.9
182,weekday,22,0.0,0.4,66.9
182,weekday,23,0.0,0.6,45.5
182,weekend,0,0.0,1.0,57.4
182,weekend,1,0.0,0.6,40.9
182,weekend,2,0.0,0.7,30.7
182,weekend,3,0.0,0.2,21.8
182,weekend,4,0.0,0.7,23.2
182,weekend,5,0.0,0.9,30.6
182,weekend,6,0.0,1.8,48.0
182,weekend,7,0.0,3.3,60.4
182,weekend,8,0.0,2.8,76.4
182,weekend,9,0.0,2.8,92.8
182,weekend,10,0.0,2.0,92.2
182,weekend,11,0.0,1.9,91.6
182,weekend,12,0.0,2.7,90.0
182,weekend,13,0.0,2.3,93.3
182,weekend,14,0.0,2.3,106.1
182,weekend,15,0.0,1.7,92.8
182,weekend,16,0.0,1.1,93.4
182,weekend,17,0.0,1.4,97.2
182,weekend,18,0.0,0.9,97.1
182,weekend,19,0.0,0.9,78.6
182,weekend,20,0.0,1.9,77.4
182,weekend,21,0.0,1.1,77.4
182,weekend,22,0.0,2.0,76.4
182,weekend,23,0.0,1.1,60.7
183,weekday,0,36.4,0.0,17.5
183,weekday,1,20.5,0.1,13.3
183,weekday,2,15.0,0.1,7.8
183,weekday,3,40.2,0.0,8.6
183,weekday,4,136.3,0.2,11.6
183,weekday,5,419.3,0.2,20.8
183,weekday,6,941.7,0.6,38.1
183,weekday,7,1504.8,1.0,64.1
183,weekday,8,1053.1,0.8,72.2
183,weekday,9,466.9,0.6,58.9
183,weekday,10,308.6,0.1,42.0
183,weekday,11,289.8,0.3,42.4
183,weekday,12,310.4,0.3,44.3
183,weekday,13,360.2,0.2,40.4
183,weekday,14,388.4,0.5,49.2
183,weekday,15,445.7,0.2,49.2
183,weekday,16,400.7,0.4,50.1
183,weekday,17,331.5,0.2,51.5
183,weekday,18,256.8,0.2,46.2
183,weekday,19,216.4,0.2,41.1
183,weekday,20,196.8,0.1,32.4
183,weekday,21,164.5,0.2,29.3
183,weekday,22,107.0,0.3,26.6
183,weekday,23,62.6,0.4,24.5
183,weekend,0,47.2,1.0,37.2
183,weekend,1,29.6,0.4,28.2
183,weekend,2,17.1,0.3,21.0
183,weekend,3,18.2,0.4,17.0
183,weekend,4,44.1,0.1,16.2
183,weekend,5,114.1,0.2,19.1
183,weekend,6,176.3,0.1,18.9
183,weekend,7,213.4,0.6,25.1
183,weekend,8,245.6,0.2,34.8
183,weekend,9,243.1,0.3,38.6
183,weekend,10,232.2,0.7,49.2
183,weekend,11,248.7,0.8,44.1
183,weekend,12,259.6,0.7,44.2
183,weekend,13,290.6,0.2,49.0
183,weekend,14,276.2,0.3,56.2
183,weekend,15,261.6,0.4,47.9
183,weekend,16,265.8,0.3,43.4
183,weekend,17,237.8,0.2,44.9
183,weekend,18,233.4,0.3,45.3
183,weekend,19,200.0,0.6,44.2
183,weekend,20,191.0,0.7,41.7
183,weekend,21,164.1,0.4,40.4
183,weekend,22,110.3,1.2,38.4
183,weekend,23,65.1,0.9,33.6
184,weekday,0,0.0,0.0,4.4
184,weekday,1,0.0,0.0,3.9
184,weekday,2,0.0,0.1,2.6
184,weekday,3,0.0,0.0,1.1
184,weekday,4,0.0,0.0,1.6
184,weekday,5,0.0,0.1,2.5
184,weekday,6,0.0,0.0,3.1
184,weekday,7,0.0,0.1,7.7
184,weekday,8,0.0,0.1,8.9
184,weekday,9,0.0,0.0,7.3
184,weekday,10,0.0,0.1,6.1
184,weekday,11,0.0,0.0,7.0
184,weekday,12,0.0,0.1,11.4
184,weekday,13,0.0,0.2,14.4
184,weekday,14,0.0,0.1,16.2
184,weekday,15,0.0,0.0,17.5
184,weekday,16,0.0,0.3,23.1
184,weekday,17,0.0,0.2,19.3
184,weekday,18,0.0,0.4,20.5
184,weekday,19,0.0,0.2,26.5
184,weekday,20,0.0,0.2,15.8
184,weekday,21,0.0,0.1,10.7
184,weekday,22,0.0,0.2,10.2
184,weekday,23,0.0,0.2,8.6
184,weekend,0,0.0,0.1,8.1
184,weekend,1,0.0,0.2,7.3
184,weekend,2,0.0,0.0,5.4
184,weekend,3,0.0,0.1,2.3
184,weekend,4,0.0,0.0,2.4
184,weekend,5,0.0,0.0,3.1
184,weekend,6,0.0,0.1,3.0
184,weekend,7,0.0,0.0,3.4
184,weekend,8,0.0,0.0,6.3
184,weekend,9,0.0,0.0,7.6
184,weekend,10,0.0,0.0,7.1
184,weekend,11,0.0,0.0,10.6
184,weekend,12,0.0,0.1,12.3
184,weekend,13,0.0,0.1,16.2
184,weekend,14,0.0,0.2,17.6
184,weekend,15,0.0,0.1,22.2
184,weekend,16,0.0,0.2,24.2
184,weekend,17,0.0,0.3,29.6
184,weekend,18,0.0,0.8,29.0
184,weekend,19,0.0,0.6,32.7
184,weekend,20,0.0,0.3,20.4
184,weekend,21,0.0,0.6,17.7
184,weekend,22,0.0,0.6,15.7
184,weekend,23,0.0,0.4,11.0
185,weekday,0,19.2,0.6,45.4
185,weekday,1,11.1,0.1,22.5
185,weekday,2,9.9,0.1,15.8
185,weekday,3,22.1,0.2,14.2
185,weekday,4,76.8,0.1,24.9
185,weekday,5,348.6,0.5,44.1
185,weekday,6,667.2,1.4,85.7
185,weekday,7,1045.4,1.4,121.8
185,weekday,8,829.4,1.6,158.8
185,weekday,9,435.4,0.9,125.6
185,weekday,10,304.2,0.9,113.2
185,weekday,11,267.8,0.8,112.2
185,weekday,12,272.1,0.8,117.1
185,weekday,13,316.9,0.7,116.2
185,weekday,14,361.3,1.1,126.5
185,weekday,15,433.6,0.5,133.3
185,weekday,16,388.5,0.5,141.2
185,weekday,17,359.5,0.9,140.6
185,weekday,18,274.3,0.5,118.2
185,weekday,19,200.2,0.3,99.9
185,weekday,20,169.4,0.4,83.0
185,weekday,21,130.2,0.4,82.4
185,weekday,22,85.8,0.6,69.3
185,weekday,23,47.9,1.0,74.1
185,weekend,0,32.6,0.7,82.3
185,weekend,1,20.8,0.4,48.4
185,weekend,2,11.4,0.2,35.2
185,weekend,3,13.6,0.6,32.0
185,weekend,4,32.8,0.7,32.0
185,weekend,5,95.2,0.3,37.1
185,weekend,6,155.0,1.2,56.0
185,weekend,7,214.6,0.9,70.0
185,weekend,8,217.3,1.2,78.8
185,weekend,9,224.2,1.4,87.8
185,weekend,10,216.1,1.2,103.0
185,weekend,11,212.4,1.1,98.4
185,weekend,12,238.6,1.2,95.1
185,weekend,13,267.4,0.7,101.0
185,weekend,14,270.9,2.0,106.8
185,weekend,15,241.0,1.0,101.4
185,weekend,16,194.9,0.8,95.1
185,weekend,17,213.3,1.0,94.1
185,weekend,18,176.2,2.2,97.4
185,weekend,19,145.3,0.7,97.4
185,weekend,20,131.3,1.0,93.7
185,weekend,21,113.8,0.6,88.9
185,weekend,22,67.3,2.0,86.0
185,weekend,23,53.2,1.3,76.2
186,weekday,0,1433.0,100.5,140.5
186,weekday,1,576.5,40.5,80.5
186,weekday,2,293.6,25.4,58.6
186,weekday,3,153.1,11.2,32.4
186,weekday,4,246.6,12.1,45.4
186,weekday,5,1359.8,55.4,58.6
186,weekday,6,3864.6,131.5,90.3
186,weekday,7,8506.6,230.7,157.6
186,weekday,8,12910.4,273.1,235.2
186,weekday,9,9208.2,299.7,248.3
186,weekday,10,5744.6,277.7,192.8
186,weekday,11,5401.6,244.9,179.9
186,weekday,12,5686.7,226.5,175.2
186,weekday,13,6211.1,253.0,169.9
186,weekday,14,6896.6,209.1,159.9
186,weekday,15,8378.9,213.0,162.3
186,weekday,16,11414.0,251.9,175.8
186,weekday,17,18027.3,264.5,213.2
186,weekday,18,14317.9,273.6,239.3
186,weekday,19,9098.5,247.4,222.6
186,weekday,20,7003.1,208.7,206.3
186,weekday,21,5834.2,204.8,183.9
186,weekday,22,4320.6,197.0,190.5
186,weekday,23,2668.6,132.9,155.0
186,weekend,0,3137.2,190.3,248.3
186,weekend,1,1532.4,138.4,233.8
186,weekend,2,787.8,84.9,185.7
186,weekend,3,447.7,51.3,133.9
186,weekend,4,377.6,38.6,81.0
186,weekend,5,369.8,28.0,60.7
186,weekend,6,848.0,50.6,69.4
186,weekend,7,1305.9,50.9,77.3
186,weekend,8,1956.7,67.4,109.2
186,weekend,9,3024.7,124.8,141.2
186,weekend,10,4140.0,173.4,185.0
186,weekend,11,5144.0,236.3,215.3
186,weekend,12,5992.8,251.9,212.4
186,weekend,13,6462.6,255.4,206.3
186,weekend,14,6844.8,248.9,205.6
186,weekend,15,7480.7,242.1,189.7
186,weekend,16,7999.4,231.1,187.2
186,weekend,17,8009.1,287.8,216.9
186,weekend,18,7815.8,288.3,221.0
186,weekend,19,6799.4,283.9,233.9
186,weekend,20,5602.4,244.6,213.7
186,weekend,21,5413.9,293.7,238.7
186,weekend,22,4422.1,237.3,225.9
186,weekend,23,3219.3,176.8,204.2
187,weekday,0,0.0,0.0,11.9
187,weekday,1,0.0,0.0,6.4
187,weekday,2,0.0,0.0,4.2
187,weekday,3,0.0,0.0,4.4
187,weekday,4,0.0,0.0,5.1
187,weekday,5,0.0,0.0,8.4
187,weekday,6,0.0,0.0,18.9
187,weekday,7,0.0,0.0,30.8
187,weekday,8,0.0,0.0,41.4
187,weekday,9,0.0,0.1,31.9
187,weekday,10,0.0,0.0,25.6
187,weekday,11,0.0,0.0,26.1
187,weekday,12,0.0,0.0,28.1
187,weekday,13,0.0,0.1,28.7
187,weekday,14,0.0,0.0,32.9
187,weekday,15,0.0,0.0,34.1
187,weekday,16,0.0,0.0,31.0
187,weekday,17,0.0,0.0,33.5
187,weekday,18,0.0,0.0,29.3
187,weekday,19,0.0,0.0,23.9
187,weekday,20,0.0,0.0,17.1
187,weekday,21,0.0,0.0,17.9
187,weekday,22,0.0,0.0,17.5
187,weekday,23,0.0,0.0,11.8
187,weekend,0,0.0,0.0,19.3
187,weekend,1,0.0,0.0,13.8
187,weekend,2,0.0,0.0,9.0
187,weekend,3,0.0,0.0,8.3
187,weekend,4,0.0,0.0,5.6
187,weekend,5,0.0,0.0,9.8
187,weekend,6,0.0,0.0,13.7
187,weekend,7,0.0,0.0,16.8
187,weekend,8,0.0,0.0,19.9
187,weekend,9,0.0,0.0,23.1
187,weekend,10,0.0,0.0,28.8
187,weekend,11,0.0,0.0,28.4
187,weekend,12,0.0,0.0,26.8
187,weekend,13,0.0,0.0,24.8
187,weekend,14,0.0,0.0,27.3
187,weekend,15,0.0,0.0,27.4
187,weekend,16,0.0,0.0,27.2
187,weekend,17,0.0,0.0,27.7
187,weekend,18,0.0,0.0,29.3
187,weekend,19,0.0,0.0,21.4
187,weekend,20,0.0,0.0,19.0
187,weekend,21,0.0,0.0,21.9
187,weekend,22,0.0,0.1,22.2
187,weekend,23,0.0,0.0,16.8
188,weekday,0,92.6,4.1,145.2
188,weekday,1,41.9,1.5,77.9
188,weekday,2,39.9,1.6,49.2
188,weekday,3,78.6,1.1,47.0
188,weekday,4,214.0,2.5,72.5
188,weekday,5,650.6,4.6,92.6
188,weekday,6,1581.7,8.5,151.1
188,weekday,7,3278.0,8.2,205.6
188,weekday,8,4041.8,10.8,270.6
188,weekday,9,2471.5,10.8,276.9
188,weekday,10,1488.5,8.2,234.8
188,weekday,11,1346.5,7.7,217.5
188,weekday,12,1363.1,9.4,226.4
188,weekday,13,1502.6,7.9,221.2
188,weekday,14,1512.6,8.6,235.7
188,weekday,15,1646.8,8.2,264.5
188,weekday,16,1816.3,8.1,274.4
188,weekday,17,1879.4,7.9,285.1
188,weekday,18,1440.0,6.6,285.5
188,weekday,19,936.5,6.6,261.1
188,weekday,20,681.8,3.9,218.4
188,weekday,21,484.6,4.8,222.5
188,weekday,22,341.9,6.3,219.8
188,weekday,23,208.6,4.9,213.4
188,weekend,0,138.1,12.7,283.0
188,weekend,1,75.6,4.9,206.0
188,weekend,2,47.0,3.7,136.7
188,weekend,3,48.1,2.8,98.8
188,weekend,4,87.4,4.0,89.3
188,weekend,5,214.1,4.2,97.8
188,weekend,6,412.8,7.1,121.1
188,weekend,7,514.9,6.9,151.8
188,weekend,8,730.7,6.7,197.2
188,weekend,9,910.9,10.8,231.0
188,weekend,10,1057.0,11.0,266.3
188,weekend,11,1248.2,10.9,267.6
188,weekend,12,1369.1,12.3,265.1
188,weekend,13,1421.8,11.6,264.7
188,weekend,14,1331.9,11.0,282.6
188,weekend,15,1240.9,11.6,312.1
188,weekend,16,1210.8,9.3,294.2
188,weekend,17,1107.9,11.7,301.7
188,weekend,18,972.9,13.2,298.1
188,weekend,19,761.2,9.8,288.9
188,weekend,20,581.3,10.1,273.1
188,weekend,21,467.0,9.7,283.9
188,weekend,22,372.8,11.2,275.8
188,weekend,23,216.1,11.0,279.9
189,weekday,0,21.7,2.5,56.1
189,weekday,1,9.9,0.8,32.9
189,weekday,2,4.6,0.5,18.8
189,weekday,3,4.8,0.5,14.4
189,weekday,4,8.1,0.6,27.6
189,weekday,5,25.6,1.1,39.1
189,weekday,6,170.0,1.8,61.3
189,weekday,7,570.5,2.8,70.2
189,weekday,8,1286.1,4.4,92.8
189,weekday,9,833.0,2.7,99.5
189,weekday,10,414.2,2.2,85.6
189,weekday,11,352.6,2.0,74.9
189,weekday,12,335.9,2.2,80.1
189,weekday,13,322.2,3.6,81.2
189,weekday,14,344.8,2.8,84.9
189,weekday,15,414.5,3.8,95.1
189,weekday,16,482.8,3.0,97.6
189,weekday,17,596.7,2.8,116.6
189,weekday,18,537.1,3.4,139.4
189,weekday,19,304.8,4.0,136.1
189,weekday,20,237.4,3.5,117.2
189,weekday,21,176.1,4.8,136.3
189,weekday,22,119.6,5.3,135.9
189,weekday,23,60.9,5.2,101.3
189,weekend,0,60.2,10.3,208.6
189,weekend,1,27.9,6.6,136.3
189,weekend,2,10.2,3.4,88.6
189,weekend,3,8.1,1.1,42.1
189,weekend,4,4.0,2.0,33.6
189,weekend,5,10.0,1.1,28.7
189,weekend,6,32.9,1.1,33.7
189,weekend,7,53.2,1.3,49.8
189,weekend,8,90.9,1.9,61.0
189,weekend,9,166.3,3.4,93.6
189,weekend,10,235.8,4.0,136.9
189,weekend,11,321.3,4.9,137.7
189,weekend,12,406.1,5.4,151.8
189,weekend,13,407.0,6.2,162.7
189,weekend,14,347.3,6.4,160.3
189,weekend,15,310.1,4.4,165.4
189,weekend,16,327.0,5.8,168.6
189,weekend,17,330.9,5.8,188.7
189,weekend,18,305.9,7.4,185.9
189,weekend,19,243.7,5.4,174.6
189,weekend,20,191.3,4.8,148.7
189,weekend,21,155.0,7.2,165.3
189,weekend,22,141.9,9.0,170.7
189,weekend,23,87.8,9.2,147.0
190,weekday,0,11.8,0.5,10.5
190,weekday,1,4.9,0.1,5.1
190,weekday,2,2.5,0.1,1.9
190,weekday,3,2.9,0.1,2.4
190,weekday,4,8.4,0.2,2.4
190,weekday,5,30.4,0.2,2.8
190,weekday,6,81.1,0.2,3.9
190,weekday,7,231.0,0.1,7.2
190,weekday,8,497.5,0.2,8.7
190,weekday,9,325.8,0.3,10.4
190,weekday,10,168.7,0.4,9.8
190,weekday,11,160.9,0.2,12.5
190,weekday,12,167.9,0.5,15.9
190,weekday,13,180.9,0.5,17.2
190,weekday,14,179.5,0.8,19.3
190,weekday,15,222.1,1.1,21.2
190,weekday,16,247.1,1.0,21.3
190,weekday,17,309.7,0.9,25.6
190,weekday,18,233.0,0.8,23.0
190,weekday,19,145.3,0.9,23.9
190,weekday,20,126.6,0.9,26.0
190,weekday,21,67.2,0.9,21.8
190,weekday,22,51.4,1.6,22.1
190,weekday,23,23.4,0.7,16.8
190,weekend,0,26.0,1.2,27.6
190,weekend,1,16.4,0.4,12.9
190,weekend,2,6.7,0.1,8.4
190,weekend,3,2.6,0.1,4.2
190,weekend,4,3.8,0.1,3.6
190,weekend,5,10.8,0.0,3.2
190,weekend,6,28.1,0.2,3.6
190,weekend,7,41.1,0.0,4.2
190,weekend,8,74.2,0.2,8.1
190,weekend,9,114.0,0.3,12.8
190,weekend,10,144.9,0.2,19.8
190,weekend,11,202.9,0.7,27.3
190,weekend,12,252.3,1.4,31.7
190,weekend,13,288.9,1.3,34.7
190,weekend,14,274.2,1.7,45.8
190,weekend,15,301.3,1.4,48.2
190,weekend,16,328.1,2.4,59.2
190,weekend,17,346.7,2.7,63.0
190,weekend,18,227.9,1.7,47.7
190,weekend,19,119.8,1.0,37.4
190,weekend,20,84.4,0.8,38.4
190,weekend,21,85.4,1.4,46.7
190,weekend,22,70.0,2.1,55.3
190,weekend,23,42.8,1.2,31.9
191,weekday,0,0.0,0.8,38.2
191,weekday,1,0.0,0.5,22.9
191,weekday,2,0.0,0.4,18.8
191,weekday,3,0.0,0.9,22.4
191,weekday,4,0.0,1.2,30.2
191,weekday,5,0.0,2.6,53.3
191,weekday,6,0.0,4.1,84.4
191,weekday,7,0.0,3.5,133.6
191,weekday,8,0.0,4.6,196.6
191,weekday,9,0.0,2.9,145.6
191,weekday,10,0.0,1.8,113.6
191,weekday,11,0.0,1.2,94.0
191,weekday,12,0.0,1.7,97.8
191,weekday,13,0.0,3.1,103.4
191,weekday,14,0.0,2.6,121.5
191,weekday,15,0.0,1.2,104.7
191,weekday,16,0.0,1.5,110.5
191,weekday,17,0.0,1.0,109.3
191,weekday,18,0.0,1.1,96.1
191,weekday,19,0.0,0.6,80.5
191,weekday,20,0.0,0.4,68.6
191,weekday,21,0.0,0.6,64.8
191,weekday,22,0.0,0.8,61.4
191,weekday,23,0.0,1.3,49.8
191,weekend,0,0.0,3.0,80.4
191,weekend,1,0.0,1.1,53.1
191,weekend,2,0.0,1.3,43.9
191,weekend,3,0.0,0.6,33.3
191,weekend,4,0.0,0.7,35.9
191,weekend,5,0.0,1.3,43.1
191,weekend,6,0.0,2.0,61.1
191,weekend,7,0.0,2.6,84.1
191,weekend,8,0.0,1.7,91.3
191,weekend,9,0.0,1.7,103.4
191,weekend,10,0.0,1.9,103.4
191,weekend,11,0.0,2.3,108.6
191,weekend,12,0.0,1.8,98.6
191,weekend,13,0.0,2.4,101.2
191,weekend,14,0.0,2.0,102.3
191,weekend,15,0.0,1.4,111.9
191,weekend,16,0.0,1.3,93.7
191,weekend,17,0.0,1.4,97.4
191,weekend,18,0.0,0.8,103.2
191,weekend,19,0.0,0.8,100.3
191,weekend,20,0.0,1.8,92.6
191,weekend,21,0.0,1.9,89.4
191,weekend,22,0.0,4.0,89.9
191,weekend,23,0.0,3.0,81.3
192,weekday,0,0.0,0.5,16.3
192,weekday,1,0.0,0.2,11.0
192,weekday,2,0.0,0.1,8.4
192,weekday,3,0.0,0.1,10.0
192,weekday,4,0.0,0.3,14.6
192,weekday,5,0.0,0.2,17.3
192,weekday,6,0.0,0.2,34.6
192,weekday,7,0.0,0.8,65.1
192,weekday,8,0.0,0.6,59.1
192,weekday,9,0.0,0.3,58.4
192,weekday,10,0.0,0.8,55.7
192,weekday,11,0.0,0.8,55.2
192,weekday,12,0.0,0.8,46.2
192,weekday,13,0.0,0.6,45.2
192,weekday,14,0.0,0.6,56.3
192,weekday,15,0.0,0.7,49.9
192,weekday,16,0.0,0.7,48.9
192,weekday,17,0.0,0.4,46.6
192,weekday,18,0.0,0.1,39.8
192,weekday,19,0.0,0.2,39.4
192,weekday,20,0.0,0.4,40.0
192,weekday,21,0.0,0.2,34.2
192,weekday,22,0.0,0.4,24.8
192,weekday,23,0.0,1.0,28.1
192,weekend,0,0.0,1.0,27.3
192,weekend,1,0.0,0.3,16.7
192,weekend,2,0.0,0.2,14.2
192,weekend,3,0.0,0.0,13.2
192,weekend,4,0.0,1.0,17.0
192,weekend,5,0.0,0.6,18.6
192,weekend,6,0.0,0.8,25.4
192,weekend,7,0.0,0.9,46.1
192,weekend,8,0.0,0.7,37.6
192,weekend,9,0.0,0.3,49.1
192,weekend,10,0.0,0.4,46.8
192,weekend,11,0.0,0.9,43.4
192,weekend,12,0.0,0.8,46.6
192,weekend,13,0.0,0.8,41.9
192,weekend,14,0.0,0.7,50.9
192,weekend,15,0.0,1.1,51.1
192,weekend,16,0.0,0.8,45.1
192,weekend,17,0.0,0.4,41.2
192,weekend,18,0.0,0.8,41.4
192,weekend,19,0.0,0.7,47.1
192,weekend,20,0.0,0.8,43.6
192,weekend,21,0.0,1.2,36.1
192,weekend,22,0.0,1.7,33.6
192,weekend,23,0.0,1.6,39.2
193,weekday,0,52.9,1.7,19.9
193,weekday,1,12.8,0.8,13.8
193,weekday,2,10.6,0.4,9.4
193,weekday,3,16.4,0.6,10.8
193,weekday,4,40.4,1.3,19.1
193,weekday,5,145.7,1.8,26.0
193,weekday,6,338.0,4.2,46.2
193,weekday,7,709.6,7.2,69.9
193,weekday,8,959.0,8.4,84.8
193,weekday,9,714.8,6.5,73.0
193,weekday,10,527.0,7.9,61.4
193,weekday,11,486.6,9.1,59.4
193,weekday,12,425.0,8.6,54.1
193,weekday,13,400.8,6.6,54.4
193,weekday,14,440.2,8.5,54.7
193,weekday,15,596.7,9.5,53.1
193,weekday,16,748.5,10.2,61.4
193,weekday,17,753.2,15.6,65.0
193,weekday,18,500.8,7.8,64.8
193,weekday,19,343.1,5.5,51.8
193,weekday,20,228.5,4.4,47.9
193,weekday,21,161.1,5.4,39.6
193,weekday,22,97.9,4.1,32.8
193,weekday,23,58.0,3.4,29.9
193,weekend,0,88.2,4.4,41.7
193,weekend,1,27.0,2.1,30.3
193,weekend,2,18.6,1.3,22.2
193,weekend,3,11.1,2.2,21.9
193,weekend,4,22.9,2.2,22.4
193,weekend,5,60.0,1.8,26.4
193,weekend,6,126.7,3.0,33.2
193,weekend,7,193.1,2.7,39.1
193,weekend,8,344.4,3.9,49.4
193,weekend,9,435.9,7.8,54.4
193,weekend,10,476.2,9.3,66.8
193,weekend,11,461.7,10.4,82.2
193,weekend,12,408.6,7.9,73.1
193,weekend,13,394.7,8.6,73.6
193,weekend,14,359.0,7.3,74.7
193,weekend,15,367.0,6.0,73.4
193,weekend,16,355.4,7.2,76.8
193,weekend,17,334.8,5.0,72.1
193,weekend,18,325.0,7.0,68.4
193,weekend,19,253.9,3.2,50.3
193,weekend,20,202.6,4.0,49.0
193,weekend,21,158.8,3.1,49.0
193,weekend,22,109.7,4.7,42.7
193,weekend,23,74.4,3.3,40.0
194,weekday,0,0.0,0.2,1.3
194,weekday,1,0.0,0.1,0.4
194,weekday,2,0.0,0.1,0.0
194,weekday,3,0.0,0.1,0.0
194,weekday,4,0.0,0.1,0.6
194,weekday,5,0.0,0.1,0.6
194,weekday,6,0.0,0.1,0.4
194,weekday,7,0.0,0.2,1.1
194,weekday,8,0.0,0.5,1.6
194,weekday,9,0.0,0.4,3.5
194,weekday,10,0.0,0.4,2.6
194,weekday,11,0.0,0.1,5.2
194,weekday,12,0.0,0.8,9.8
194,weekday,13,0.0,0.1,8.9
194,weekday,14,0.0,0.5,6.9
194,weekday,15,0.0,0.6,8.2
194,weekday,16,0.0,0.6,8.8
194,weekday,17,0.0,0.2,7.2
194,weekday,18,0.0,0.5,6.8
194,weekday,19,0.0,0.3,9.6
194,weekday,20,0.0,0.9,13.1
194,weekday,21,0.0,0.6,9.6
194,weekday,22,0.0,0.4,7.4
194,weekday,23,0.0,0.4,2.9
194,weekend,0,0.0,0.3,1.9
194,weekend,1,0.0,0.0,1.0
194,weekend,2,0.0,0.1,0.3
194,weekend,3,0.0,0.0,0.3
194,weekend,4,0.0,0.0,0.1
194,weekend,5,0.0,0.2,0.7
194,weekend,6,0.0,0.0,0.1
194,weekend,7,0.0,0.2,0.9
194,weekend,8,0.0,0.3,2.1
194,weekend,9,0.0,0.4,9.0
194,weekend,10,0.0,0.1,16.0
194,weekend,11,0.0,0.3,19.0
194,weekend,12,0.0,0.3,15.3
194,weekend,13,0.0,0.6,16.4
194,weekend,14,0.0,0.8,16.7
194,weekend,15,0.0,1.0,15.4
194,weekend,16,0.0,1.0,13.6
194,weekend,17,0.0,0.9,14.6
194,weekend,18,0.0,0.3,10.7
194,weekend,19,0.0,0.8,10.9
194,weekend,20,0.0,0.8,13.0
194,weekend,21,0.0,0.1,12.4
194,weekend,22,0.0,0.4,4.0
194,weekend,23,0.0,0.6,5.3
195,weekday,0,0.0,0.8,25.9
195,weekday,1,0.0,0.4,12.8
195,weekday,2,0.0,0.2,9.5
195,weekday,3,0.0,0.1,8.1
195,weekday,4,0.0,0.3,11.1
195,weekday,5,0.0,0.4,14.1
195,weekday,6,0.0,0.8,33.4
195,weekday,7,0.0,3.2,44.4
195,weekday,8,0.0,4.8,60.8
195,weekday,9,0.0,3.4,63.8
195,weekday,10,0.0,2.1,49.2
195,weekday,11,0.0,1.2,43.1
195,weekday,12,0.0,1.1,47.4
195,weekday,13,0.0,1.5,50.4
195,weekday,14,0.0,1.8,54.6
195,weekday,15,0.0,2.1,66.6
195,weekday,16,0.0,1.9,70.1
195,weekday,17,0.0,3.2,80.2
195,weekday,18,0.0,2.8,79.0
195,weekday,19,0.0,2.1,79.1
195,weekday,20,0.0,2.1,75.2
195,weekday,21,0.0,2.8,76.3
195,weekday,22,0.0,4.4,79.5
195,weekday,23,0.0,3.2,65.8
195,weekend,0,0.0,4.9,83.9
195,weekend,1,0.0,2.7,56.2
195,weekend,2,0.0,1.4,36.9
195,weekend,3,0.0,0.3,20.1
195,weekend,4,0.0,0.6,12.4
195,weekend,5,0.0,0.4,13.8
195,weekend,6,0.0,4.3,21.4
195,weekend,7,0.0,20.9,64.9
195,weekend,8,0.0,21.7,75.1
195,weekend,9,0.0,25.1,91.6
195,weekend,10,0.0,5.8,61.3
195,weekend,11,0.0,2.0,43.7
195,weekend,12,0.0,2.2,62.2
195,weekend,13,0.0,2.4,74.1
195,weekend,14,0.0,3.0,89.2
195,weekend,15,0.0,2.4,105.8
195,weekend,16,0.0,3.6,119.8
195,weekend,17,0.0,3.7,144.1
195,weekend,18,0.0,5.1,128.1
195,weekend,19,0.0,3.1,123.4
195,weekend,20,0.0,3.9,106.3
195,weekend,21,0.0,4.8,120.8
195,weekend,22,0.0,3.9,101.3
195,weekend,23,0.0,4.0,87.4
196,weekday,0,27.9,1.1,26.7
196,weekday,1,12.5,0.5,14.4
196,weekday,2,12.5,0.8,10.7
196,weekday,3,22.5,0.6,11.0
196,weekday,4,65.4,0.7,19.8
196,weekday,5,275.8,1.1,30.3
196,weekday,6,678.5,3.1,56.4
196,weekday,7,1336.5,4.3,85.4
196,weekday,8,1519.9,3.6,113.1
196,weekday,9,876.1,2.8,101.0
196,weekday,10,581.3,1.5,96.7
196,weekday,11,523.5,1.6,96.5
196,weekday,12,486.5,3.6,105.3
196,weekday,13,522.8,3.2,103.1
196,weekday,14,568.4,4.0,116.7
196,weekday,15,576.4,3.1,111.1
196,weekday,16,602.9,3.0,110.1
196,weekday,17,648.9,2.9,119.0
196,weekday,18,469.1,2.8,110.7
196,weekday,19,311.3,2.6,105.6
196,weekday,20,237.3,2.5,89.1
196,weekday,21,161.4,2.2,65.6
196,weekday,22,98.2,2.1,51.5
196,weekday,23,60.1,1.3,40.8
196,weekend,0,38.0,2.0,52.0
196,weekend,1,23.3,0.7,35.7
196,weekend,2,14.6,0.7,26.1
196,weekend,3,13.7,1.1,19.3
196,weekend,4,26.8,1.1,15.6
196,weekend,5,85.3,1.1,25.4
196,weekend,6,164.2,1.3,38.7
196,weekend,7,237.2,1.2,44.7
196,weekend,8,330.7,1.6,52.3
196,weekend,9,357.0,1.8,77.3
196,weekend,10,403.6,2.3,83.1
196,weekend,11,422.9,2.8,93.9
196,weekend,12,424.4,3.2,102.0
196,weekend,13,433.1,3.7,107.4
196,weekend,14,411.7,4.1,112.9
196,weekend,15,390.1,3.2,108.8
196,weekend,16,380.6,4.9,115.8
196,weekend,17,352.0,3.6,117.0
196,weekend,18,297.9,2.6,115.1
196,weekend,19,234.8,3.2,112.9
196,weekend,20,177.7,3.6,80.9
196,weekend,21,140.8,3.9,72.8
196,weekend,22,91.7,3.4,54.1
196,weekend,23,64.0,3.7,51.8
197,weekday,0,22.5,4.0,52.4
197,weekday,1,10.1,2.1,38.8
197,weekday,2,17.1,1.5,30.8
197,weekday,3,35.4,2.1,33.9
197,weekday,4,99.2,2.4,51.6
197,weekday,5,322.9,3.6,75.3
197,weekday,6,515.1,4.4,134.8
197,weekday,7,787.8,9.3,185.6
197,weekday,8,668.4,9.8,230.5
197,weekday,9,332.6,6.6,190.9
197,weekday,10,235.4,5.3,153.3
197,weekday,11,235.9,5.8,139.1
197,weekday,12,249.8,6.4,137.8
197,weekday,13,265.4,7.4,143.5
197,weekday,14,299.2,7.9,167.0
197,weekday,15,279.5,9.5,154.8
197,weekday,16,282.6,9.1,161.0
197,weekday,17,286.4,3.6,155.4
197,weekday,18,199.2,2.1,133.4
197,weekday,19,139.7,3.7,121.1
197,weekday,20,114.2,2.7,97.8
197,weekday,21,96.4,3.8,92.2
197,weekday,22,64.5,4.2,82.6
197,weekday,23,45.2,3.5,72.8
197,weekend,0,20.3,6.7,133.4
197,weekend,1,8.7,6.3,111.3
197,weekend,2,10.7,6.9,108.9
197,weekend,3,13.4,7.6,104.4
197,weekend,4,27.6,6.6,117.9
197,weekend,5,47.7,3.9,89.7
197,weekend,6,75.7,3.8,84.3
197,weekend,7,96.3,5.8,115.0
197,weekend,8,117.6,5.6,136.3
197,weekend,9,115.0,5.4,136.8
197,weekend,10,104.8,5.6,142.6
197,weekend,11,110.7,6.4,138.6
197,weekend,12,105.8,7.8,141.7
197,weekend,13,113.1,8.2,148.3
197,weekend,14,106.8,9.4,153.7
197,weekend,15,96.6,8.2,145.6
197,weekend,16,85.1,4.8,143.7
197,weekend,17,75.7,5.1,138.1
197,weekend,18,72.6,4.3,134.4
197,weekend,19,57.4,3.6,148.8
197,weekend,20,49.9,4.2,140.8
197,weekend,21,43.7,7.0,139.1
197,weekend,22,28.2,6.7,121.0
197,weekend,23,22.3,7.8,129.4
198,weekday,0,54.8,2.7,135.0
198,weekday,1,30.9,1.4,85.9
198,weekday,2,22.5,0.8,55.1
198,weekday,3,36.9,0.8,45.4
198,weekday,4,124.2,0.8,58.1
198,weekday,5,851.8,1.1,80.8
198,weekday,6,1826.9,2.9,127.8
198,weekday,7,2999.9,3.7,164.1
198,weekday,8,2956.6,4.5,192.4
198,weekday,9,1648.7,2.6,179.7
198,weekday,10,1004.7,2.5,157.2
198,weekday,11,850.4,2.5,146.4
198,weekday,12,790.2,2.5,155.0
198,weekday,13,841.6,2.5,160.3
198,weekday,14,912.5,2.9,171.4
198,weekday,15,961.9,3.7,170.3
198,weekday,16,925.5,2.9,172.1
198,weekday,17,875.4,2.4,188.8
198,weekday,18,748.4,3.8,200.1
198,weekday,19,483.6,2.4,197.6
198,weekday,20,352.5,1.9,177.9
198,weekday,21,264.6,2.5,172.5
198,weekday,22,207.7,3.3,184.6
198,weekday,23,115.7,3.5,178.2
198,weekend,0,119.7,9.3,337.1
198,weekend,1,89.4,9.3,323.8
198,weekend,2,66.6,13.6,292.9
198,weekend,3,55.6,12.7,268.8
198,weekend,4,81.2,16.2,249.2
198,weekend,5,182.3,11.4,187.2
198,weekend,6,328.7,4.2,154.9
198,weekend,7,447.3,5.0,150.8
198,weekend,8,558.7,4.7,155.6
198,weekend,9,670.6,4.4,180.3
198,weekend,10,708.1,4.7,213.3
198,weekend,11,738.0,6.0,211.1
198,weekend,12,778.1,6.0,217.8
198,weekend,13,781.8,7.0,227.4
198,weekend,14,764.1,6.2,256.0
198,weekend,15,679.4,6.4,263.9
198,weekend,16,609.6,5.3,244.4
198,weekend,17,562.3,5.7,255.3
198,weekend,18,519.0,5.8,273.2
198,weekend,19,462.1,5.8,276.6
198,weekend,20,385.6,6.9,267.1
198,weekend,21,315.3,10.2,286.2
198,weekend,22,259.4,9.6,277.1
198,weekend,23,148.2,10.1,285.4
199,weekday,0,0.0,0.0,0.0
199,weekday,1,0.0,0.0,0.0
199,weekday,2,0.0,0.0,0.0
199,weekday,3,0.0,0.0,0.0
199,weekday,4,0.0,0.0,0.0
199,weekday,5,0.0,0.0,0.0
199,weekday,6,0.0,0.0,0.0
199,weekday,7,0.0,0.0,0.0
199,weekday,8,0.0,0.0,0.0
199,weekday,9,0.0,0.0,0.0
199,weekday,10,0.0,0.0,0.0
199,weekday,11,0.0,0.0,0.0
199,weekday,12,0.0,0.0,0.0
199,weekday,13,0.0,0.0,0.0
199,weekday,14,0.0,0.0,0.0
199,weekday,15,0.0,0.0,0.1
199,weekday,16,0.0,0.0,0.0
199,weekday,17,0.0,0.0,0.1
199,weekday,18,0.0,0.1,0.0
199,weekday,19,0.0,0.0,0.0
199,weekday,20,0.0,0.0,0.0
199,weekday,21,0.0,0.0,0.1
199,weekday,22,0.0,0.0,0.0
199,weekday,23,0.0,0.0,0.0
199,weekend,0,0.0,0.0,0.0
199,weekend,1,0.0,0.0,0.0
199,weekend,2,0.0,0.0,0.0
199,weekend,3,0.0,0.0,0.0
199,weekend,4,0.0,0.0,0.0
199,weekend,5,0.0,0.0,0.0
199,weekend,6,0.0,0.0,0.0
199,weekend,7,0.0,0.0,0.0
199,weekend,8,0.0,0.0,0.0
199,weekend,9,0.0,0.0,0.0
199,weekend,10,0.0,0.0,0.0
199,weekend,11,0.0,0.0,0.0
199,weekend,12,0.0,0.0,0.0
199,weekend,13,0.0,0.0,0.0
199,weekend,14,0.0,0.0,0.0
199,weekend,15,0.0,0.0,0.0
199,weekend,16,0.0,0.0,0.0
199,weekend,17,0.0,0.0,0.0
199,weekend,18,0.0,0.0,0.0
199,weekend,19,0.0,0.0,0.0
199,weekend,20,0.0,0.0,0.0
199,weekend,21,0.0,0.0,0.0
199,weekend,22,0.0,0.0,0.1
199,weekend,23,0.0,0.0,0.0
200,weekday,0,0.0,0.2,21.9
200,weekday,1,0.0,0.1,10.6
200,weekday,2,0.0,0.0,6.6
200,weekday,3,0.0,0.0,6.5
200,weekday,4,0.0,0.0,13.9
200,weekday,5,0.0,0.1,22.1
200,weekday,6,0.0,0.7,54.1
200,weekday,7,0.0,1.9,105.5
200,weekday,8,0.0,1.3,129.6
200,weekday,9,0.0,0.9,91.0
200,weekday,10,0.0,1.2,82.1
200,weekday,11,0.0,1.1,74.6
200,weekday,12,0.0,1.1,78.7
200,weekday,13,0.0,1.3,80.4
200,weekday,14,0.0,0.7,89.3
200,weekday,15,0.0,0.4,101.3
200,weekday,16,0.0,0.6,85.3
200,weekday,17,0.0,0.8,91.0
200,weekday,18,0.0,0.7,73.6
200,weekday,19,0.0,0.7,54.2
200,weekday,20,0.0,0.8,50.9
200,weekday,21,0.0,0.5,43.7
200,weekday,22,0.0,0.6,41.2
200,weekday,23,0.0,0.4,36.2
200,weekend,0,0.0,0.7,42.2
200,weekend,1,0.0,0.3,27.3
200,weekend,2,0.0,0.4,16.8
200,weekend,3,0.0,0.1,10.8
200,weekend,4,0.0,0.1,12.1
200,weekend,5,0.0,0.1,17.1
200,weekend,6,0.0,0.2,26.7
200,weekend,7,0.0,0.2,30.8
200,weekend,8,0.0,0.6,43.8
200,weekend,9,0.0,0.2,58.4
200,weekend,10,0.0,0.9,66.1
200,weekend,11,0.0,1.0,72.7
200,weekend,12,0.0,1.1,74.2
200,weekend,13,0.0,1.2,73.7
200,weekend,14,0.0,0.9,67.7
200,weekend,15,0.0,1.7,74.1
200,weekend,16,0.0,0.9,70.0
200,weekend,17,0.0,1.0,68.6
200,weekend,18,0.0,0.7,70.0
200,weekend,19,0.0,1.2,65.7
200,weekend,20,0.0,1.4,58.1
200,weekend,21,0.0,0.9,54.9
200,weekend,22,0.0,0.9,53.0
200,weekend,23,0.0,0.8,44.9
201,weekday,0,8.9,0.4,12.4
201,weekday,1,5.4,0.3,8.4
201,weekday,2,5.7,0.2,7.9
201,weekday,3,11.2,0.0,4.1
201,weekday,4,22.7,0.2,7.2
201,weekday,5,35.5,0.4,8.2
201,weekday,6,96.6,0.2,12.9
201,weekday,7,106.8,0.3,13.2
201,weekday,8,52.9,0.6,22.9
201,weekday,9,38.5,0.9,20.7
201,weekday,10,34.5,0.3,18.6
201,weekday,11,39.4,0.2,25.4
201,weekday,12,47.6,0.4,24.4
201,weekday,13,56.7,0.2,27.3
201,weekday,14,91.7,0.2,30.5
201,weekday,15,133.0,0.5,31.5
201,weekday,16,160.0,0.6,35.4
201,weekday,17,165.7,0.9,34.8
201,weekday,18,124.2,0.6,31.8
201,weekday,19,84.8,0.7,31.0
201,weekday,20,62.2,0.1,25.1
201,weekday,21,45.8,0.2,20.9
201,weekday,22,24.2,0.2,18.1
201,weekday,23,12.2,0.2,18.5
201,weekend,0,12.8,0.2,46.7
201,weekend,1,7.8,0.3,40.9
201,weekend,2,6.3,0.4,42.6
201,weekend,3,8.7,0.4,28.1
201,weekend,4,11.4,0.1,15.3
201,weekend,5,20.3,0.1,8.1
201,weekend,6,19.2,0.2,9.7
201,weekend,7,28.8,0.0,11.7
201,weekend,8,33.7,0.3,14.2
201,weekend,9,28.8,0.4,18.8
201,weekend,10,36.6,0.7,22.9
201,weekend,11,42.6,0.4,25.9
201,weekend,12,46.7,0.3,28.2
201,weekend,13,56.6,0.6,29.4
201,weekend,14,70.2,0.2,33.7
201,weekend,15,98.2,1.2,40.4
201,weekend,16,132.2,1.2,41.9
201,weekend,17,144.2,0.8,40.2
201,weekend,18,139.7,0.8,42.9
201,weekend,19,97.6,0.8,44.2
201,weekend,20,71.3,0.3,41.3
201,weekend,21,66.7,1.1,35.1
201,weekend,22,29.6,0.4,34.6
201,weekend,23,14.1,0.6,33.8
202,weekday,0,50.0,0.4,8.5
202,weekday,1,13.4,0.2,4.8
202,weekday,2,5.6,0.1,2.5
202,weekday,3,7.4,0.1,3.6
202,weekday,4,14.1,0.5,9.4
202,weekday,5,54.1,0.0,12.4
202,weekday,6,213.9,1.5,16.1
202,weekday,7,727.0,0.8,24.3
202,weekday,8,1179.5,1.3,24.1
202,weekday,9,832.3,0.6,23.2
202,weekday,10,550.7,0.8,19.0
202,weekday,11,525.8,0.9,17.7
202,weekday,12,510.0,0.8,18.9
202,weekday,13,549.3,0.5,19.6
202,weekday,14,601.2,0.8,19.9
202,weekday,15,666.3,1.1,21.1
202,weekday,16,733.9,1.0,21.4
202,weekday,17,703.6,1.2,24.3
202,weekday,18,620.8,1.1,28.0
202,weekday,19,478.2,0.7,22.8
202,weekday,20,456.3,0.5,18.3
202,weekday,21,308.6,0.5,18.5
202,weekday,22,223.5,0.6,19.8
202,weekday,23,111.1,0.6,13.5
202,weekend,0,114.8,2.3,24.0
202,weekend,1,47.2,0.6,16.8
202,weekend,2,15.0,0.6,8.2
202,weekend,3,8.0,0.6,6.7
202,weekend,4,9.4,0.6,10.0
202,weekend,5,17.4,0.4,8.8
202,weekend,6,68.0,0.4,15.3
202,weekend,7,139.9,0.2,16.4
202,weekend,8,268.3,0.8,21.6
202,weekend,9,414.8,1.1,24.3
202,weekend,10,529.2,1.1,28.8
202,weekend,11,697.7,2.3,28.9
202,weekend,12,684.8,0.8,33.3
202,weekend,13,710.3,1.0,29.1
202,weekend,14,667.2,0.9,28.0
202,weekend,15,679.9,1.2,28.4
202,weekend,16,754.0,2.1,33.6
202,weekend,17,722.2,1.9,29.3
202,weekend,18,685.9,1.6,32.9
202,weekend,19,551.1,0.7,26.8
202,weekend,20,528.9,1.7,22.7
202,weekend,21,426.9,1.1,28.0
202,weekend,22,267.6,1.6,27.4
202,weekend,23,151.9,0.9,26.6
203,weekday,0,0.0,0.6,32.4
203,weekday,1,0.0,0.5,20.5
203,weekday,2,0.0,0.3,14.9
203,weekday,3,0.0,0.0,15.7
203,weekday,4,0.0,0.5,22.6
203,weekday,5,0.0,1.3,43.8
203,weekday,6,0.0,1.4,65.5
203,weekday,7,0.0,1.1,103.7
203,weekday,8,0.0,1.5,107.3
203,weekday,9,0.0,0.5,82.4
203,weekday,10,0.0,0.5,68.8
203,weekday,11,0.0,0.9,61.5
203,weekday,12,0.0,0.8,61.3
203,weekday,13,0.0,0.8,65.1
203,weekday,14,0.0,0.8,72.9
203,weekday,15,0.0,0.6,74.5
203,weekday,16,0.0,0.5,75.6
203,weekday,17,0.0,0.2,83.6
203,weekday,18,0.0,0.5,80.9
203,weekday,19,0.0,0.3,62.2
203,weekday,20,0.0,0.1,48.9
203,weekday,21,0.0,0.2,52.2
203,weekday,22,0.0,0.2,43.1
203,weekday,23,0.0,0.5,36.2
203,weekend,0,0.0,0.4,52.7
203,weekend,1,0.0,0.2,35.9
203,weekend,2,0.0,0.3,29.0
203,weekend,3,0.0,0.3,23.8
203,weekend,4,0.0,0.3,26.8
203,weekend,5,0.0,0.6,36.8
203,weekend,6,0.0,0.8,50.7
203,weekend,7,0.0,0.1,56.8
203,weekend,8,0.0,0.6,61.8
203,weekend,9,0.0,1.0,64.4
203,weekend,10,0.0,1.0,70.3
203,weekend,11,0.0,0.9,71.7
203,weekend,12,0.0,1.0,70.0
203,weekend,13,0.0,0.8,71.3
203,weekend,14,0.0,1.0,71.7
203,weekend,15,0.0,0.7,71.3
203,weekend,16,0.0,0.6,65.8
203,weekend,17,0.0,0.8,63.4
203,weekend,18,0.0,0.3,64.0
203,weekend,19,0.0,0.4,57.3
203,weekend,20,0.0,0.7,57.0
203,weekend,21,0.0,0.7,64.1
203,weekend,22,0.0,1.0,57.6
203,weekend,23,0.0,0.9,50.4
204,weekday,0,0.0,0.1,2.2
204,weekday,1,0.0,0.0,1.1
204,weekday,2,0.0,0.1,1.5
204,weekday,3,0.0,0.0,1.2
204,weekday,4,0.0,0.0,2.1
204,weekday,5,0.0,0.0,4.2
204,weekday,6,0.0,0.0,8.5
204,weekday,7,0.0,0.0,12.1
204,weekday,8,0.0,0.0,18.9
204,weekday,9,0.0,0.0,12.8
204,weekday,10,0.0,0.0,11.5
204,weekday,11,0.0,0.0,8.8
204,weekday,12,0.0,0.0,10.8
204,weekday,13,0.0,0.0,9.9
204,weekday,14,0.0,0.0,11.5
204,weekday,15,0.0,0.0,11.7
204,weekday,16,0.0,0.0,10.9
204,weekday,17,0.0,0.0,12.4
204,weekday,18,0.0,0.0,10.9
204,weekday,19,0.0,0.0,7.3
204,weekday,20,0.0,0.0,5.2
204,weekday,21,0.0,0.0,4.4
204,weekday,22,0.0,0.0,4.8
204,weekday,23,0.0,0.0,3.8
204,weekend,0,0.0,0.0,11.4
204,weekend,1,0.0,0.0,6.4
204,weekend,2,0.0,0.0,5.3
204,weekend,3,0.0,0.0,3.2
204,weekend,4,0.0,0.0,2.4
204,weekend,5,0.0,0.0,3.1
204,weekend,6,0.0,0.0,5.2
204,weekend,7,0.0,0.0,6.4
204,weekend,8,0.0,0.0,8.0
204,weekend,9,0.0,0.0,9.8
204,weekend,10,0.0,0.0,7.3
204,weekend,11,0.0,0.0,8.8
204,weekend,12,0.0,0.1,10.4
204,weekend,13,0.0,0.0,11.4
204,weekend,14,0.0,0.0,11.2
204,weekend,15,0.0,0.0,11.4
204,weekend,16,0.0,0.0,9.3
204,weekend,17,0.0,0.0,10.1
204,weekend,18,0.0,0.0,12.1
204,weekend,19,0.0,0.0,10.4
204,weekend,20,0.0,0.0,8.2
204,weekend,21,0.0,0.0,7.3
204,weekend,22,0.0,0.0,9.3
204,weekend,23,0.0,0.1,8.1
205,weekday,0,0.0,1.6,61.1
205,weekday,1,0.0,0.6,41.6
205,weekday,2,0.0,0.7,38.1
205,weekday,3,0.0,0.6,38.7
205,weekday,4,0.0,0.8,53.1
205,weekday,5,0.0,3.4,84.3
205,weekday,6,0.0,3.4,114.6
205,weekday,7,0.0,4.1,175.6
205,weekday,8,0.0,3.8,218.0
205,weekday,9,0.0,3.5,191.6
205,weekday,10,0.0,1.8,148.3
205,weekday,11,0.0,1.8,131.6
205,weekday,12,0.0,1.8,126.4
205,weekday,13,0.0,3.1,140.9
205,weekday,14,0.0,3.2,167.7
205,weekday,15,0.0,3.9,155.4
205,weekday,16,0.0,1.4,154.0
205,weekday,17,0.0,1.0,153.2
205,weekday,18,0.0,1.2,139.4
205,weekday,19,0.0,0.8,118.4
205,weekday,20,0.0,0.8,95.8
205,weekday,21,0.0,1.4,105.8
205,weekday,22,0.0,1.8,96.9
205,weekday,23,0.0,1.1,85.3
205,weekend,0,0.0,1.1,116.4
205,weekend,1,0.0,1.4,94.8
205,weekend,2,0.0,1.3,76.2
205,weekend,3,0.0,1.8,72.6
205,weekend,4,0.0,0.4,60.4
205,weekend,5,0.0,1.8,65.0
205,weekend,6,0.0,1.1,80.4
205,weekend,7,0.0,2.0,107.1
205,weekend,8,0.0,3.2,126.6
205,weekend,9,0.0,3.2,144.9
205,weekend,10,0.0,4.4,159.9
205,weekend,11,0.0,2.4,162.7
205,weekend,12,0.0,2.1,157.3
205,weekend,13,0.0,3.2,153.8
205,weekend,14,0.0,3.8,171.9
205,weekend,15,0.0,3.6,169.7
205,weekend,16,0.0,1.4,152.0
205,weekend,17,0.0,1.4,139.0
205,weekend,18,0.0,1.0,132.1
205,weekend,19,0.0,1.3,128.4
205,weekend,20,0.0,1.8,127.6
205,weekend,21,0.0,1.7,129.8
205,weekend,22,0.0,3.1,126.4
205,weekend,23,0.0,4.2,121.2
206,weekday,0,51.8,0.0,34.4
206,weekday,1,32.8,0.1,20.9
206,weekday,2,16.1,0.0,12.7
206,weekday,3,14.6,0.0,11.3
206,weekday,4,56.9,0.0,15.1
206,weekday,5,139.5,0.1,28.6
206,weekday,6,463.8,0.1,48.9
206,weekday,7,1005.4,0.0,82.2
206,weekday,8,754.2,0.0,121.5
206,weekday,9,205.5,0.0,92.1
206,weekday,10,171.4,0.0,70.8
206,weekday,11,176.6,0.1,65.1
206,weekday,12,186.7,0.0,66.6
206,weekday,13,197.3,0.0,73.8
206,weekday,14,241.7,0.1,82.6
206,weekday,15,387.3,0.0,81.3
206,weekday,16,570.3,0.0,89.7
206,weekday,17,995.6,0.1,97.2
206,weekday,18,643.4,0.0,86.4
206,weekday,19,281.5,0.1,61.8
206,weekday,20,196.4,0.0,53.4
206,weekday,21,131.2,0.1,54.5
206,weekday,22,96.4,0.0,51.2
206,weekday,23,63.7,0.0,44.0
206,weekend,0,74.0,0.0,57.2
206,weekend,1,45.0,0.0,43.2
206,weekend,2,22.4,0.0,28.9
206,weekend,3,18.3,0.1,22.3
206,weekend,4,25.6,0.1,22.0
206,weekend,5,38.2,0.0,26.8
206,weekend,6,63.7,0.0,35.1
206,weekend,7,108.0,0.0,41.6
206,weekend,8,102.8,0.0,50.7
206,weekend,9,110.9,0.0,56.6
206,weekend,10,130.4,0.0,62.6
206,weekend,11,132.4,0.0,65.7
206,weekend,12,129.2,0.0,72.3
206,weekend,13,163.9,0.0,77.0
206,weekend,14,135.0,0.0,81.2
206,weekend,15,141.8,0.0,83.2
206,weekend,16,175.7,0.0,80.8
206,weekend,17,189.4,0.0,82.2
206,weekend,18,173.8,0.0,77.3
206,weekend,19,146.8,0.0,63.2
206,weekend,20,123.1,0.0,66.1
206,weekend,21,93.2,0.0,68.6
206,weekend,22,85.7,0.0,62.9
206,weekend,23,63.0,0.0,49.4
207,weekday,0,0.0,0.1,3.9
207,weekday,1,0.0,0.0,1.6
207,weekday,2,0.0,0.0,1.2
207,weekday,3,0.0,0.0,1.1
207,weekday,4,0.0,0.0,14.9
207,weekday,5,0.0,1.2,7.5
207,weekday,6,0.0,2.2,1.1
207,weekday,7,0.0,1.3,2.5
207,weekday,8,0.0,1.6,4.6
207,weekday,9,0.0,1.6,3.9
207,weekday,10,0.0,1.9,8.4
207,weekday,11,0.0,0.9,11.1
207,weekday,12,0.0,1.1,4.4
207,weekday,13,0.0,1.6,10.9
207,weekday,14,0.0,0.2,9.1
207,weekday,15,0.0,0.6,7.0
207,weekday,16,0.0,0.1,5.6
207,weekday,17,0.0,0.2,5.2
207,weekday,18,0.0,0.2,4.5
207,weekday,19,0.0,0.2,4.3
207,weekday,20,0.0,0.2,2.8
207,weekday,21,0.0,0.5,1.2
207,weekday,22,0.0,0.3,3.5
207,weekday,23,0.0,0.2,2.2
207,weekend,0,0.0,0.3,6.1
207,weekend,1,0.0,0.0,2.6
207,weekend,2,0.0,0.1,2.3
207,weekend,3,0.0,0.1,2.2
207,weekend,4,0.0,0.0,13.7
207,weekend,5,0.0,0.0,7.0
207,weekend,6,0.0,0.0,1.1
207,weekend,7,0.0,0.0,1.9
207,weekend,8,0.0,0.2,3.0
207,weekend,9,0.0,0.4,2.2
207,weekend,10,0.0,0.3,8.1
207,weekend,11,0.0,0.6,10.7
207,weekend,12,0.0,0.2,5.0
207,weekend,13,0.0,0.3,9.3
207,weekend,14,0.0,0.8,8.1
207,weekend,15,0.0,0.4,7.8
207,weekend,16,0.0,1.2,6.8
207,weekend,17,0.0,0.6,4.9
207,weekend,18,0.0,0.2,3.0
207,weekend,19,0.0,0.3,4.0
207,weekend,20,0.0,0.2,2.0
207,weekend,21,0.0,0.9,2.8
207,weekend,22,0.0,0.1,4.1
207,weekend,23,0.0,0.7,2.2
208,weekday,0,0.0,0.3,46.9
208,weekday,1,0.0,0.4,27.8
208,weekday,2,0.0,0.6,20.9
208,weekday,3,0.0,0.3,18.9
208,weekday,4,0.0,0.4,28.9
208,weekday,5,0.0,0.8,54.9
208,weekday,6,0.0,1.9,89.8
208,weekday,7,0.0,3.2,155.2
208,weekday,8,0.0,1.3,160.1
208,weekday,9,0.0,1.5,120.3
208,weekday,10,0.0,1.5,102.4
208,weekday,11,0.0,1.1,90.9
208,weekday,12,0.0,0.6,95.4
208,weekday,13,0.0,0.5,102.1
208,weekday,14,0.0,0.8,119.0
208,weekday,15,0.0,1.5,119.7
208,weekday,16,0.0,0.6,106.5
208,weekday,17,0.0,0.8,113.6
208,weekday,18,0.0,0.4,105.4
208,weekday,19,0.0,0.7,92.7
208,weekday,20,0.0,1.3,89.8
208,weekday,21,0.0,0.6,81.8
208,weekday,22,0.0,1.4,94.2
208,weekday,23,0.0,1.2,78.8
208,weekend,0,0.0,2.9,127.1
208,weekend,1,0.0,1.9,111.0
208,weekend,2,0.0,1.3,88.0
208,weekend,3,0.0,0.8,71.6
208,weekend,4,0.0,0.6,54.1
208,weekend,5,0.0,0.3,46.4
208,weekend,6,0.0,1.0,62.0
208,weekend,7,0.0,1.1,58.0
208,weekend,8,0.0,1.2,71.4
208,weekend,9,0.0,0.7,88.9
208,weekend,10,0.0,1.3,98.1
208,weekend,11,0.0,0.9,103.8
208,weekend,12,0.0,0.8,106.2
208,weekend,13,0.0,0.3,110.6
208,weekend,14,0.0,1.3,123.8
208,weekend,15,0.0,1.0,112.7
208,weekend,16,0.0,1.1,114.4
208,weekend,17,0.0,2.0,114.9
208,weekend,18,0.0,2.0,122.2
208,weekend,19,0.0,1.3,113.9
208,weekend,20,0.0,2.7,133.0
208,weekend,21,0.0,2.2,131.4
208,weekend,22,0.0,2.3,122.0
208,weekend,23,0.0,4.3,122.7
209,weekday,0,0.0,8.6,41.8
209,weekday,1,0.0,3.2,22.8
209,weekday,2,0.0,1.5,13.0
209,weekday,3,0.0,1.1,11.7
209,weekday,4,0.0,1.2,16.0
209,weekday,5,0.0,1.1,21.1
209,weekday,6,0.0,2.6,30.4
209,weekday,7,0.0,5.1,46.0
209,weekday,8,0.0,10.6,63.8
209,weekday,9,0.0,9.8,54.4
209,weekday,10,0.0,8.6,52.5
209,weekday,11,0.0,9.6,55.1
209,weekday,12,0.0,10.3,54.1
209,weekday,13,0.0,11.6,52.5
209,weekday,14,0.0,13.6,52.5
209,weekday,15,0.0,12.8,55.6
209,weekday,16,0.0,16.8,56.3
209,weekday,17,0.0,19.4,65.9
209,weekday,18,0.0,25.1,76.2
209,weekday,19,0.0,27.7,85.9
209,weekday,20,0.0,26.1,85.0
209,weekday,21,0.0,33.1,105.1
209,weekday,22,0.0,29.8,95.8
209,weekday,23,0.0,21.9,71.4
209,weekend,0,0.0,42.8,116.7
209,weekend,1,0.0,37.3,99.3
209,weekend,2,0.0,28.0,68.6
209,weekend,3,0.0,13.8,43.6
209,weekend,4,0.0,6.6,26.3
209,weekend,5,0.0,1.7,20.9
209,weekend,6,0.0,2.2,20.3
209,weekend,7,0.0,2.1,25.7
209,weekend,8,0.0,4.2,36.1
209,weekend,9,0.0,8.4,42.8
209,weekend,10,0.0,11.3,55.4
209,weekend,11,0.0,14.2,69.7
209,weekend,12,0.0,16.2,69.7
209,weekend,13,0.0,17.4,63.3
209,weekend,14,0.0,17.2,74.1
209,weekend,15,0.0,19.3,67.9
209,weekend,16,0.0,21.0,73.2
209,weekend,17,0.0,23.0,79.7
209,weekend,18,0.0,27.9,86.9
209,weekend,19,0.0,28.2,81.7
209,weekend,20,0.0,24.0,83.6
209,weekend,21,0.0,29.7,99.9
209,weekend,22,0.0,31.2,108.7
209,weekend,23,0.0,28.7,89.3
210,weekday,0,35.0,1.2,40.6
210,weekday,1,16.5,0.7,26.9
210,weekday,2,15.1,1.0,18.8
210,weekday,3,21.5,0.4,14.8
210,weekday,4,109.4,0.4,20.2
210,weekday,5,431.3,0.4,36.2
210,weekday,6,1002.7,1.1,67.9
210,weekday,7,1970.0,3.1,144.9
210,weekday,8,1909.8,3.9,179.5
210,weekday,9,983.9,2.8,153.4
210,weekday,10,664.5,2.5,117.6
210,weekday,11,568.8,2.5,109.9
210,weekday,12,546.7,3.0,112.3
210,weekday,13,579.3,3.7,114.7
210,weekday,14,589.8,2.8,129.1
210,weekday,15,598.0,1.8,126.1
210,weekday,16,695.0,1.5,126.1
210,weekday,17,803.5,2.9,135.6
210,weekday,18,551.1,1.7,117.4
210,weekday,19,365.2,1.1,103.8
210,weekday,20,280.1,1.5,75.9
210,weekday,21,206.0,2.1,83.0
210,weekday,22,114.5,0.9,61.8
210,weekday,23,72.1,1.3,50.5
210,weekend,0,51.1,2.2,75.6
210,weekend,1,26.6,1.8,64.0
210,weekend,2,22.0,0.4,46.0
210,weekend,3,16.0,0.8,34.8
210,weekend,4,33.4,0.8,27.4
210,weekend,5,109.3,0.4,30.7
210,weekend,6,204.6,0.3,37.8
210,weekend,7,338.0,1.3,53.7
210,weekend,8,447.2,1.6,72.1
210,weekend,9,458.9,0.7,92.8
210,weekend,10,432.7,1.7,101.8
210,weekend,11,438.7,1.7,108.9
210,weekend,12,475.3,1.7,117.1
210,weekend,13,464.8,0.8,125.8
210,weekend,14,434.1,1.3,116.1
210,weekend,15,415.7,1.2,108.3
210,weekend,16,387.8,1.6,113.8
210,weekend,17,343.9,0.9,114.0
210,weekend,18,301.7,1.0,112.8
210,weekend,19,247.1,0.6,102.3
210,weekend,20,232.6,2.2,95.0
210,weekend,21,160.6,1.9,96.6
210,weekend,22,119.0,2.3,83.8
210,weekend,23,79.3,1.8,70.0
211,weekday,0,0.0,25.9,85.1
211,weekday,1,0.0,9.8,45.1
211,weekday,2,0.0,4.8,28.3
211,weekday,3,0.0,1.9,16.1
211,weekday,4,0.0,2.3,19.2
211,weekday,5,0.0,3.4,25.0
211,weekday,6,0.0,4.5,46.9
211,weekday,7,0.0,15.2,73.3
211,weekday,8,0.0,28.8,118.7
211,weekday,9,0.0,28.0,125.6
211,weekday,10,0.0,26.1,120.1
211,weekday,11,0.0,33.2,137.9
211,weekday,12,0.0,40.8,153.2
211,weekday,13,0.0,57.7,166.9
211,weekday,14,0.0,67.8,187.8
211,weekday,15,0.0,70.1,186.2
211,weekday,16,0.0,72.8,178.3
211,weekday,17,0.0,82.6,205.2
211,weekday,18,0.0,90.9,247.1
211,weekday,19,0.0,86.9,252.8
211,weekday,20,0.0,75.3,236.2
211,weekday,21,0.0,86.3,230.2
211,weekday,22,0.0,87.2,209.5
211,weekday,23,0.0,64.9,159.0
211,weekend,0,0.0,121.9,241.3
211,weekend,1,0.0,112.6,231.2
211,weekend,2,0.0,85.0,179.0
211,weekend,3,0.0,50.3,104.2
211,weekend,4,0.0,22.7,54.1
211,weekend,5,0.0,3.6,35.9
211,weekend,6,0.0,2.7,26.3
211,weekend,7,0.0,5.2,32.6
211,weekend,8,0.0,8.6,46.9
211,weekend,9,0.0,16.3,67.7
211,weekend,10,0.0,26.1,107.8
211,weekend,11,0.0,34.7,138.1
211,weekend,12,0.0,56.4,182.3
211,weekend,13,0.0,73.1,203.3
211,weekend,14,0.0,90.8,227.7
211,weekend,15,0.0,93.0,225.3
211,weekend,16,0.0,91.8,230.7
211,weekend,17,0.0,105.4,259.8
211,weekend,18,0.0,101.3,268.3
211,weekend,19,0.0,80.1,235.8
211,weekend,20,0.0,66.6,199.1
211,weekend,21,0.0,55.7,194.4
211,weekend,22,0.0,69.7,177.2
211,weekend,23,0.0,62.3,163.7
212,weekday,0,50.6,0.6,53.0
212,weekday,1,38.0,0.3,31.5
212,weekday,2,47.4,0.1,18.9
212,weekday,3,124.2,0.2,19.6
212,weekday,4,459.3,0.5,23.6
212,weekday,5,1452.6,1.3,43.2
212,weekday,6,2232.9,2.4,77.8
212,weekday,7,3144.4,2.4,92.8
212,weekday,8,2559.2,2.7,122.0
212,weekday,9,1374.8,2.1,110.9
212,weekday,10,1003.5,1.5,84.6
212,weekday,11,825.3,1.4,72.2
212,weekday,12,815.0,1.0,78.1
212,weekday,13,1000.5,1.2,74.5
212,weekday,14,1076.0,1.1,82.6
212,weekday,15,1046.1,0.6,85.5
212,weekday,16,886.5,0.4,84.2
212,weekday,17,681.6,0.8,79.6
212,weekday,18,502.8,0.4,84.5
212,weekday,19,406.8,0.8,79.2
212,weekday,20,334.9,0.6,70.8
212,weekday,21,323.4,0.4,71.2
212,weekday,22,212.7,0.9,70.6
212,weekday,23,109.5,1.0,62.8
212,weekend,0,72.7,1.8,93.3
212,weekend,1,48.4,0.9,66.9
212,weekend,2,40.2,0.6,51.1
212,weekend,3,63.3,0.1,45.3
212,weekend,4,193.9,0.9,43.6
212,weekend,5,454.0,0.9,37.6
212,weekend,6,751.1,1.8,52.2
212,weekend,7,816.4,2.9,55.3
212,weekend,8,810.0,1.8,66.8
212,weekend,9,821.3,2.6,85.7
212,weekend,10,751.6,2.1,77.2
212,weekend,11,683.2,1.6,89.8
212,weekend,12,712.1,0.8,83.7
212,weekend,13,830.4,2.1,84.9
212,weekend,14,831.1,2.3,90.2
212,weekend,15,720.4,1.1,92.8
212,weekend,16,593.9,0.9,89.0
212,weekend,17,471.7,1.0,99.0
212,weekend,18,396.6,0.6,87.7
212,weekend,19,347.6,1.7,87.2
212,weekend,20,330.8,1.0,92.2
212,weekend,21,310.1,2.1,94.1
212,weekend,22,221.8,2.6,91.7
212,weekend,23,125.3,1.7,86.4
213,weekday,0,0.0,0.9,73.8
213,weekday,1,0.0,0.4,38.6
213,weekday,2,0.0,0.4,27.2
213,weekday,3,0.0,0.2,29.1
213,weekday,4,0.0,0.5,39.5
213,weekday,5,0.0,2.2,87.5
213,weekday,6,0.0,2.8,149.8
213,weekday,7,0.0,3.4,206.0
213,weekday,8,0.0,4.5,230.6
213,weekday,9,0.0,3.4,182.1
213,weekday,10,0.0,2.2,148.8
213,weekday,11,0.0,1.7,142.0
213,weekday,12,0.0,1.5,141.3
213,weekday,13,0.0,1.8,153.1
213,weekday,14,0.0,1.8,172.3
213,weekday,15,0.0,1.8,176.1
213,weekday,16,0.0,1.4,170.8
213,weekday,17,0.0,1.1,175.1
213,weekday,18,0.0,0.9,155.4
213,weekday,19,0.0,0.9,137.1
213,weekday,20,0.0,0.4,128.5
213,weekday,21,0.0,0.9,123.1
213,weekday,22,0.0,1.5,119.1
213,weekday,23,0.0,0.9,104.1
213,weekend,0,0.0,2.1,116.7
213,weekend,1,0.0,0.9,83.8
213,weekend,2,0.0,0.8,54.7
213,weekend,3,0.0,1.2,46.4
213,weekend,4,0.0,1.7,42.3
213,weekend,5,0.0,1.0,57.0
213,weekend,6,0.0,2.4,80.1
213,weekend,7,0.0,2.3,106.7
213,weekend,8,0.0,2.0,121.6
213,weekend,9,0.0,2.9,141.3
213,weekend,10,0.0,3.8,163.2
213,weekend,11,0.0,2.6,156.3
213,weekend,12,0.0,3.0,162.0
213,weekend,13,0.0,4.3,181.1
213,weekend,14,0.0,3.0,191.2
213,weekend,15,0.0,3.0,185.8
213,weekend,16,0.0,1.8,178.0
213,weekend,17,0.0,4.0,175.8
213,weekend,18,0.0,2.7,176.9
213,weekend,19,0.0,2.2,172.9
213,weekend,20,0.0,2.3,162.0
213,weekend,21,0.0,3.0,175.1
213,weekend,22,0.0,3.2,167.0
213,weekend,23,0.0,2.9,138.4
214,weekday,0,0.0,0.0,10.0
214,weekday,1,0.0,0.1,5.1
214,weekday,2,0.0,0.0,3.7
214,weekday,3,0.0,0.0,3.9
214,weekday,4,0.0,0.0,5.2
214,weekday,5,0.0,0.0,9.8
214,weekday,6,0.0,0.0,14.4
214,weekday,7,0.0,0.0,32.5
214,weekday,8,0.0,0.2,44.8
214,weekday,9,0.0,0.0,36.9
214,weekday,10,0.0,0.0,39.1
214,weekday,11,0.0,0.1,37.2
214,weekday,12,0.0,0.0,36.2
214,weekday,13,0.0,0.1,33.8
214,weekday,14,0.0,0.1,44.9
214,weekday,15,0.0,0.1,44.4
214,weekday,16,0.0,0.1,42.1
214,weekday,17,0.0,0.2,39.6
214,weekday,18,0.0,0.1,31.9
214,weekday,19,0.0,0.1,24.9
214,weekday,20,0.0,0.1,21.9
214,weekday,21,0.0,0.0,17.5
214,weekday,22,0.0,0.0,16.3
214,weekday,23,0.0,0.0,18.5
214,weekend,0,0.0,0.3,19.0
214,weekend,1,0.0,0.0,11.4
214,weekend,2,0.0,0.1,6.9
214,weekend,3,0.0,0.0,7.2
214,weekend,4,0.0,0.0,7.0
214,weekend,5,0.0,0.0,6.9
214,weekend,6,0.0,0.3,13.9
214,weekend,7,0.0,0.7,21.6
214,weekend,8,0.0,0.0,20.1
214,weekend,9,0.0,0.0,22.7
214,weekend,10,0.0,0.0,22.4
214,weekend,11,0.0,0.1,19.7
214,weekend,12,0.0,0.0,23.1
214,weekend,13,0.0,0.0,25.8
214,weekend,14,0.0,0.1,29.4
214,weekend,15,0.0,0.1,27.1
214,weekend,16,0.0,0.1,27.4
214,weekend,17,0.0,0.0,25.2
214,weekend,18,0.0,0.0,24.2
214,weekend,19,0.0,0.0,25.0
214,weekend,20,0.0,0.3,21.2
214,weekend,21,0.0,0.0,19.1
214,weekend,22,0.0,0.1,18.9
214,weekend,23,0.0,0.2,24.6
215,weekday,0,0.0,2.1,36.4
215,weekday,1,0.0,1.2,26.2
215,weekday,2,0.0,0.7,18.2
215,weekday,3,0.0,1.0,27.9
215,weekday,4,0.0,1.8,43.6
215,weekday,5,0.0,2.2,71.4
215,weekday,6,0.0,4.7,121.0
215,weekday,7,0.0,4.9,166.8
215,weekday,8,0.0,5.7,200.5
215,weekday,9,0.0,4.0,153.1
215,weekday,10,0.0,3.3,115.0
215,weekday,11,0.0,2.5,93.2
215,weekday,12,0.0,3.3,93.1
215,weekday,13,0.0,3.2,97.2
215,weekday,14,0.0,3.0,121.9
215,weekday,15,0.0,2.6,106.1
215,weekday,16,0.0,2.5,90.9
215,weekday,17,0.0,1.6,92.8
215,weekday,18,0.0,1.1,86.2
215,weekday,19,0.0,1.6,75.5
215,weekday,20,0.0,1.7,61.9
215,weekday,21,0.0,0.9,65.6
215,weekday,22,0.0,2.3,68.5
215,weekday,23,0.0,2.6,54.1
215,weekend,0,0.0,1.4,77.0
215,weekend,1,0.0,1.2,59.2
215,weekend,2,0.0,1.2,38.2
215,weekend,3,0.0,0.7,38.9
215,weekend,4,0.0,1.3,47.3
215,weekend,5,0.0,1.3,62.0
215,weekend,6,0.0,2.6,69.1
215,weekend,7,0.0,3.9,92.1
215,weekend,8,0.0,3.1,96.0
215,weekend,9,0.0,3.7,99.7
215,weekend,10,0.0,4.9,114.0
215,weekend,11,0.0,5.3,119.9
215,weekend,12,0.0,4.6,102.7
215,weekend,13,0.0,5.2,117.9
215,weekend,14,0.0,3.9,125.8
215,weekend,15,0.0,2.4,117.2
215,weekend,16,0.0,3.0,110.4
215,weekend,17,0.0,3.3,94.2
215,weekend,18,0.0,2.0,96.4
215,weekend,19,0.0,2.3,92.9
215,weekend,20,0.0,3.9,96.9
215,weekend,21,0.0,2.2,90.3
215,weekend,22,0.0,3.7,95.3
215,weekend,23,0.0,3.6,80.8
216,weekday,0,38.1,4.6,94.6
216,weekday,1,24.1,3.9,73.0
216,weekday,2,28.4,3.0,57.6
216,weekday,3,48.5,2.4,74.2
216,weekday,4,129.8,2.6,106.7
216,weekday,5,613.5,3.9,148.5
216,weekday,6,1195.4,6.6,192.2
216,weekday,7,1402.6,6.4,290.1
216,weekday,8,920.9,8.1,311.8
216,weekday,9,469.0,7.4,251.4
216,weekday,10,314.9,5.6,197.5
216,weekday,11,276.0,6.0,188.8
216,weekday,12,283.9,8.6,198.2
216,weekday,13,318.9,8.4,235.6
216,weekday,14,295.6,8.8,271.2
216,weekday,15,297.5,7.1,246.8
216,weekday,16,296.8,5.1,243.4
216,weekday,17,293.1,3.5,239.1
216,weekday,18,239.4,3.6,227.1
216,weekday,19,177.9,4.1,215.5
216,weekday,20,160.6,3.1,180.8
216,weekday,21,138.1,2.3,162.3
216,weekday,22,80.8,3.9,133.6
216,weekday,23,55.2,3.4,116.1
216,weekend,0,47.3,7.3,198.1
216,weekend,1,32.1,8.3,178.9
216,weekend,2,25.0,7.0,166.6
216,weekend,3,35.2,9.3,161.1
216,weekend,4,76.9,7.7,181.3
216,weekend,5,136.3,8.1,161.6
216,weekend,6,207.7,4.2,139.2
216,weekend,7,254.3,3.6,140.7
216,weekend,8,243.8,4.2,163.1
216,weekend,9,237.3,5.8,181.6
216,weekend,10,209.1,7.8,197.8
216,weekend,11,214.7,10.1,201.7
216,weekend,12,228.6,10.6,212.6
216,weekend,13,254.4,10.2,238.4
216,weekend,14,252.1,10.2,264.4
216,weekend,15,236.0,8.2,263.1
216,weekend,16,223.3,6.9,256.3
216,weekend,17,230.6,7.4,263.2
216,weekend,18,193.4,5.7,256.1
216,weekend,19,162.4,6.3,257.8
216,weekend,20,149.4,5.7,241.1
216,weekend,21,114.6,8.2,242.2
216,weekend,22,88.0,11.8,204.4
216,weekend,23,65.9,10.8,193.3
217,weekday,0,107.7,0.9,36.4
217,weekday,1,47.9,0.3,13.6
217,weekday,2,24.6,0.2,10.0
217,weekday,3,20.8,0.2,8.5
217,weekday,4,33.5,0.3,7.5
217,weekday,5,90.7,0.4,9.2
217,weekday,6,285.5,0.5,17.4
217,weekday,7,691.1,1.2,25.1
217,weekday,8,1479.1,1.1,30.4
217,weekday,9,928.8,1.8,66.8
217,weekday,10,520.5,1.7,108.4
217,weekday,11,446.4,2.0,98.0
217,weekday,12,481.8,1.8,95.8
217,weekday,13,537.8,1.6,88.6
217,weekday,14,645.1,2.0,92.8
217,weekday,15,819.2,1.9,92.4
217,weekday,16,939.0,2.0,85.8
217,weekday,17,1024.5,2.4,80.2
217,weekday,18,855.1,2.0,80.6
217,weekday,19,623.8,2.1,75.2
217,weekday,20,485.6,0.8,63.3
217,weekday,21,348.1,1.2,57.5
217,weekday,22,282.2,1.9,67.9
217,weekday,23,188.2,2.0,69.5
217,weekend,0,186.9,3.8,35.0
217,weekend,1,132.9,1.0,25.9
217,weekend,2,83.3,1.7,21.6
217,weekend,3,57.0,1.4,17.2
217,weekend,4,41.8,2.3,17.7
217,weekend,5,32.3,1.2,13.8
217,weekend,6,61.4,0.7,13.2
217,weekend,7,88.4,0.9,13.7
217,weekend,8,123.8,0.1,24.8
217,weekend,9,163.1,0.6,30.2
217,weekend,10,227.3,0.6,42.2
217,weekend,11,291.8,2.6,51.3
217,weekend,12,359.2,2.3,52.6
217,weekend,13,412.4,1.0,48.4
217,weekend,14,424.7,1.9,49.4
217,weekend,15,455.3,1.3,51.8
217,weekend,16,482.0,2.1,47.3
217,weekend,17,457.7,0.9,50.4
217,weekend,18,427.4,1.8,51.0
217,weekend,19,390.6,1.0,47.4
217,weekend,20,365.4,2.1,42.0
217,weekend,21,292.6,1.4,38.9
217,weekend,22,249.2,2.2,52.8
217,weekend,23,205.8,2.4,57.2
218,weekday,0,0.0,1.2,32.2
218,weekday,1,0.0,0.7,17.1
218,weekday,2,0.0,0.2,14.6
218,weekday,3,0.0,0.5,20.8
218,weekday,4,0.0,0.3,37.4
218,weekday,5,0.0,1.6,47.2
218,weekday,6,0.0,2.5,74.2
218,weekday,7,0.0,2.1,103.4
218,weekday,8,0.0,3.6,114.7
218,weekday,9,0.0,2.6,94.7
218,weekday,10,0.0,1.7,69.9
218,weekday,11,0.0,1.4,64.7
218,weekday,12,0.0,1.3,69.4
218,weekday,13,0.0,2.2,73.6
218,weekday,14,0.0,2.2,81.5
218,weekday,15,0.0,1.2,79.6
218,weekday,16,0.0,0.5,79.5
218,weekday,17,0.0,0.6,75.4
218,weekday,18,0.0,0.5,66.5
218,weekday,19,0.0,0.9,60.6
218,weekday,20,0.0,0.6,48.5
218,weekday,21,0.0,0.7,45.6
218,weekday,22,0.0,0.6,44.1
218,weekday,23,0.0,0.6,42.9
218,weekend,0,0.0,1.2,50.1
218,weekend,1,0.0,1.0,46.0
218,weekend,2,0.0,0.6,34.4
218,weekend,3,0.0,1.3,28.6
218,weekend,4,0.0,1.0,36.8
218,weekend,5,0.0,0.4,42.8
218,weekend,6,0.0,0.7,48.1
218,weekend,7,0.0,1.4,56.8
218,weekend,8,0.0,1.7,65.1
218,weekend,9,0.0,2.2,69.0
218,weekend,10,0.0,2.4,80.2
218,weekend,11,0.0,2.0,81.6
218,weekend,12,0.0,2.1,75.2
218,weekend,13,0.0,2.3,73.3
218,weekend,14,0.0,2.2,75.2
218,weekend,15,0.0,1.4,76.6
218,weekend,16,0.0,1.1,82.3
218,weekend,17,0.0,2.1,74.3
218,weekend,18,0.0,1.0,65.2
218,weekend,19,0.0,1.7,64.0
218,weekend,20,0.0,1.3,60.7
218,weekend,21,0.0,2.1,60.8
218,weekend,22,0.0,2.1,54.8
218,weekend,23,0.0,3.4,52.4
219,weekday,0,0.0,2.1,26.2
219,weekday,1,0.0,0.7,18.5
219,weekday,2,0.0,0.6,12.8
219,weekday,3,0.0,1.1,19.6
219,weekday,4,0.0,1.1,31.3
219,weekday,5,0.0,1.5,47.4
219,weekday,6,0.0,1.9,74.3
219,weekday,7,0.0,2.6,106.9
219,weekday,8,0.0,2.2,110.9
219,weekday,9,0.0,1.7,89.4
219,weekday,10,0.0,1.3,69.6
219,weekday,11,0.0,1.1,65.8
219,weekday,12,0.0,1.6,60.6
219,weekday,13,0.0,1.8,64.3
219,weekday,14,0.0,2.2,81.5
219,weekday,15,0.0,2.2,73.6
219,weekday,16,0.0,2.4,75.1
219,weekday,17,0.0,2.0,71.9
219,weekday,18,0.0,1.2,58.8
219,weekday,19,0.0,1.5,48.1
219,weekday,20,0.0,1.1,39.6
219,weekday,21,0.0,0.6,36.4
219,weekday,22,0.0,0.9,41.4
219,weekday,23,0.0,2.1,34.8
219,weekend,0,0.0,2.0,45.0
219,weekend,1,0.0,1.4,33.2
219,weekend,2,0.0,1.0,26.6
219,weekend,3,0.0,0.9,24.4
219,weekend,4,0.0,0.6,31.4
219,weekend,5,0.0,0.9,38.7
219,weekend,6,0.0,1.1,51.4
219,weekend,7,0.0,0.9,57.4
219,weekend,8,0.0,2.2,61.4
219,weekend,9,0.0,0.9,70.0
219,weekend,10,0.0,1.9,65.1
219,weekend,11,0.0,1.4,61.6
219,weekend,12,0.0,1.1,63.4
219,weekend,13,0.0,1.9,62.6
219,weekend,14,0.0,2.7,70.6
219,weekend,15,0.0,2.8,66.2
219,weekend,16,0.0,1.9,57.6
219,weekend,17,0.0,2.1,51.0
219,weekend,18,0.0,1.8,54.0
219,weekend,19,0.0,1.7,51.6
219,weekend,20,0.0,2.1,47.2
219,weekend,21,0.0,2.2,50.8
219,weekend,22,0.0,3.4,46.4
219,weekend,23,0.0,4.2,50.9
220,weekday,0,38.9,0.5,46.4
220,weekday,1,19.5,0.4,26.8
220,weekday,2,20.5,0.1,22.3
220,weekday,3,33.5,0.2,14.2
220,weekday,4,151.4,0.5,20.4
220,weekday,5,638.1,0.4,41.9
220,weekday,6,1174.6,0.8,78.8
220,weekday,7,2134.9,1.1,132.7
220,weekday,8,1822.1,2.1,175.2
220,weekday,9,952.7,1.9,128.8
220,weekday,10,650.2,1.1,110.2
220,weekday,11,607.5,1.2,110.2
220,weekday,12,626.6,1.4,116.8
220,weekday,13,686.6,1.5,121.6
220,weekday,14,785.2,1.6,130.5
220,weekday,15,776.5,1.4,135.8
220,weekday,16,765.2,1.4,148.6
220,weekday,17,734.6,1.2,162.8
220,weekday,18,515.4,0.9,141.6
220,weekday,19,342.2,0.8,121.4
220,weekday,20,297.4,0.9,105.5
220,weekday,21,236.8,1.1,105.7
220,weekday,22,156.7,1.3,87.2
220,weekday,23,85.3,1.2,82.3
220,weekend,0,54.6,1.9,98.6
220,weekend,1,28.3,0.7,79.4
220,weekend,2,19.3,1.2,59.2
220,weekend,3,16.4,0.4,46.9
220,weekend,4,62.0,0.7,37.7
220,weekend,5,173.3,0.4,33.2
220,weekend,6,283.1,0.2,52.1
220,weekend,7,393.2,1.1,51.1
220,weekend,8,442.0,1.1,66.9
220,weekend,9,605.9,0.4,81.7
220,weekend,10,493.4,1.0,100.6
220,weekend,11,526.4,1.4,127.1
220,weekend,12,566.1,1.1,128.4
220,weekend,13,611.1,2.3,135.8
220,weekend,14,598.1,1.8,140.0
220,weekend,15,515.6,1.9,138.2
220,weekend,16,481.1,2.7,136.4
220,weekend,17,442.8,1.8,134.0
220,weekend,18,387.6,1.6,133.3
220,weekend,19,312.0,2.0,130.4
220,weekend,20,291.8,2.0,111.9
220,weekend,21,242.3,3.0,113.0
220,weekend,22,144.9,1.9,105.8
220,weekend,23,86.3,2.1,100.6
221,weekday,0,3.4,0.1,19.1
221,weekday,1,1.5,0.0,12.6
221,weekday,2,0.3,0.0,8.1
221,weekday,3,0.9,0.0,6.5
221,weekday,4,0.7,0.1,8.1
221,weekday,5,4.6,0.0,19.2
221,weekday,6,25.5,0.3,33.5
221,weekday,7,43.8,0.6,53.1
221,weekday,8,51.6,0.5,83.4
221,weekday,9,30.3,0.2,65.9
221,weekday,10,23.6,0.1,47.4
221,weekday,11,20.5,0.0,44.2
221,weekday,12,22.5,0.1,46.2
221,weekday,13,34.0,0.1,53.8
221,weekday,14,34.0,0.0,53.2
221,weekday,15,40.4,0.0,65.9
221,weekday,16,50.4,0.1,55.0
221,weekday,17,58.1,0.0,54.1
221,weekday,18,37.5,0.1,49.1
221,weekday,19,23.5,0.0,37.8
221,weekday,20,17.1,0.0,30.4
221,weekday,21,12.0,0.0,32.9
221,weekday,22,13.8,0.0,31.9
221,weekday,23,10.3,0.0,29.6
221,weekend,0,7.4,0.4,37.1
221,weekend,1,3.2,0.1,24.7
221,weekend,2,1.0,0.2,21.9
221,weekend,3,0.6,0.0,13.7
221,weekend,4,1.1,0.0,15.2
221,weekend,5,4.4,0.1,15.0
221,weekend,6,17.3,0.1,25.3
221,weekend,7,20.2,0.1,36.9
221,weekend,8,15.6,0.0,42.9
221,weekend,9,17.8,0.0,46.3
221,weekend,10,18.1,0.3,46.9
221,weekend,11,13.7,0.1,44.1
221,weekend,12,13.3,0.1,52.7
221,weekend,13,20.8,0.2,53.8
221,weekend,14,18.3,0.2,54.6
221,weekend,15,19.2,0.0,55.2
221,weekend,16,23.3,0.1,50.3
221,weekend,17,18.4,0.0,47.9
221,weekend,18,12.6,0.0,41.0
221,weekend,19,12.7,0.0,40.1
221,weekend,20,13.9,0.2,41.4
221,weekend,21,11.0,0.0,44.2
221,weekend,22,12.3,0.2,39.3
221,weekend,23,10.4,0.2,39.0
222,weekday,0,0.0,0.8,15.2
222,weekday,1,0.0,0.2,8.9
222,weekday,2,0.0,0.1,6.6
222,weekday,3,0.0,0.1,8.8
222,weekday,4,0.0,0.3,12.9
222,weekday,5,0.0,0.6,27.4
222,weekday,6,0.0,1.9,39.3
222,weekday,7,0.0,2.1,61.8
222,weekday,8,0.0,2.6,67.5
222,weekday,9,0.0,2.1,51.1
222,weekday,10,0.0,2.4,40.5
222,weekday,11,0.0,2.1,40.7
222,weekday,12,0.0,2.2,42.6
222,weekday,13,0.0,2.2,41.7
222,weekday,14,0.0,1.4,50.3
222,weekday,15,0.0,1.2,42.8
222,weekday,16,0.0,0.8,40.9
222,weekday,17,0.0,1.1,44.6
222,weekday,18,0.0,0.8,35.6
222,weekday,19,0.0,0.4,33.6
222,weekday,20,0.0,0.7,28.1
222,weekday,21,0.0,0.4,28.6
222,weekday,22,0.0,0.5,27.1
222,weekday,23,0.0,0.4,23.8
222,weekend,0,0.0,0.7,26.1
222,weekend,1,0.0,0.3,13.9
222,weekend,2,0.0,0.3,13.7
222,weekend,3,0.0,0.3,14.2
222,weekend,4,0.0,0.2,10.3
222,weekend,5,0.0,0.2,19.6
222,weekend,6,0.0,0.7,18.3
222,weekend,7,0.0,0.6,27.2
222,weekend,8,0.0,1.0,34.6
222,weekend,9,0.0,2.8,40.3
222,weekend,10,0.0,3.4,49.3
222,weekend,11,0.0,2.6,47.6
222,weekend,12,0.0,4.0,56.0
222,weekend,13,0.0,2.9,50.4
222,weekend,14,0.0,1.0,53.0
222,weekend,15,0.0,1.6,45.4
222,weekend,16,0.0,1.2,46.7
222,weekend,17,0.0,1.6,42.1
222,weekend,18,0.0,1.0,40.2
222,weekend,19,0.0,0.9,32.2
222,weekend,20,0.0,0.8,32.8
222,weekend,21,0.0,1.2,33.8
222,weekend,22,0.0,0.7,28.0
222,weekend,23,0.0,0.8,29.3
223,weekday,0,86.2,6.5,78.1
223,weekday,1,38.9,3.7,52.6
223,weekday,2,23.8,2.4,35.7
223,weekday,3,35.4,1.9,33.5
223,weekday,4,119.6,1.8,55.9
223,weekday,5,418.1,0.8,90.1
223,weekday,6,1058.8,2.6,129.7
223,weekday,7,2436.7,4.4,210.1
223,weekday,8,3561.5,5.5,236.9
223,weekday,9,1805.9,4.9,177.8
223,weekday,10,1084.8,4.1,129.3
223,weekday,11,871.9,3.9,124.6
223,weekday,12,802.8,4.6,123.5
223,weekday,13,823.5,3.7,130.7
223,weekday,14,959.5,5.7,147.6
223,weekday,15,1011.5,4.7,149.7
223,weekday,16,1045.6,5.7,159.9
223,weekday,17,1120.5,5.5,176.6
223,weekday,18,868.1,5.3,169.3
223,weekday,19,553.6,4.6,147.4
223,weekday,20,433.6,4.2,125.9
223,weekday,21,355.8,5.5,133.3
223,weekday,22,315.4,8.2,142.2
223,weekday,23,149.6,6.1,107.8
223,weekend,0,159.1,11.8,188.2
223,weekend,1,80.0,7.3,155.1
223,weekend,2,37.8,4.6,117.2
223,weekend,3,28.2,5.2,104.9
223,weekend,4,58.4,6.0,107.8
223,weekend,5,129.6,2.6,73.2
223,weekend,6,262.9,2.4,83.1
223,weekend,7,389.3,3.0,90.8
223,weekend,8,577.0,3.7,113.6
223,weekend,9,746.6,6.1,144.3
223,weekend,10,839.7,5.4,162.9
223,weekend,11,903.8,8.0,176.3
223,weekend,12,933.3,5.6,186.8
223,weekend,13,946.6,7.0,201.1
223,weekend,14,905.9,6.8,189.6
223,weekend,15,850.9,5.9,185.4
223,weekend,16,751.3,8.6,197.4
223,weekend,17,727.2,8.2,200.7
223,weekend,18,680.0,9.1,200.2
223,weekend,19,545.6,5.9,198.4
223,weekend,20,477.3,8.9,185.0
223,weekend,21,386.1,13.0,194.7
223,weekend,22,325.9,13.7,181.6
223,weekend,23,206.7,14.2,157.2
224,weekday,0,0.0,4.7,18.4
224,weekday,1,0.0,3.1,11.3
224,weekday,2,0.0,1.2,7.1
224,weekday,3,0.0,0.9,8.4
224,weekday,4,0.0,2.1,18.6
224,weekday,5,0.0,5.1,31.1
224,weekday,6,0.0,12.5,55.4
224,weekday,7,0.0,20.2,84.6
224,weekday,8,0.0,18.2,94.6
224,weekday,9,0.0,19.9,102.9
224,weekday,10,0.0,16.8,69.3
224,weekday,11,0.0,13.9,58.6
224,weekday,12,0.0,14.2,54.0
224,weekday,13,0.0,13.4,52.2
224,weekday,14,0.0,10.0,44.8
224,weekday,15,0.0,12.9,42.5
224,weekday,16,0.0,12.4,44.8
224,weekday,17,0.0,17.9,56.8
224,weekday,18,0.0,18.4,66.4
224,weekday,19,0.0,14.9,60.5
224,weekday,20,0.0,10.2,49.0
224,weekday,21,0.0,11.7,40.6
224,weekday,22,0.0,12.2,35.5
224,weekday,23,0.0,10.1,34.0
224,weekend,0,0.0,22.7,53.6
224,weekend,1,0.0,17.6,37.6
224,weekend,2,0.0,16.8,36.3
224,weekend,3,0.0,13.3,39.2
224,weekend,4,0.0,8.7,24.9
224,weekend,5,0.0,5.0,28.4
224,weekend,6,0.0,4.9,30.3
224,weekend,7,0.0,10.0,41.3
224,weekend,8,0.0,15.4,51.4
224,weekend,9,0.0,19.3,64.7
224,weekend,10,0.0,22.1,83.7
224,weekend,11,0.0,25.0,84.2
224,weekend,12,0.0,26.7,86.2
224,weekend,13,0.0,25.6,80.7
224,weekend,14,0.0,19.3,77.6
224,weekend,15,0.0,18.2,64.3
224,weekend,16,0.0,19.1,78.1
224,weekend,17,0.0,21.4,82.8
224,weekend,18,0.0,27.2,82.4
224,weekend,19,0.0,18.3,78.4
224,weekend,20,0.0,13.7,64.8
224,weekend,21,0.0,13.7,62.1
224,weekend,22,0.0,12.8,77.1
224,weekend,23,0.0,14.8,52.6
225,weekday,0,90.5,4.6,167.3
225,weekday,1,49.6,3.4,108.5
225,weekday,2,36.4,2.5,76.2
225,weekday,3,45.5,1.7,64.9
225,weekday,4,78.4,2.9,72.0
225,weekday,5,276.4,6.1,98.4
225,weekday,6,620.8,7.5,142.0
225,weekday,7,1265.6,9.6,194.6
225,weekday,8,2043.5,11.3,228.0
225,weekday,9,1261.9,8.7,227.0
225,weekday,10,755.1,9.8,201.4
225,weekday,11,644.0,7.5,180.8
225,weekday,12,603.6,5.9,182.0
225,weekday,13,635.6,5.6,184.2
225,weekday,14,708.9,6.6,192.5
225,weekday,15,734.0,5.9,203.2
225,weekday,16,757.2,7.2,215.1
225,weekday,17,803.0,5.8,257.4
225,weekday,18,647.1,8.4,277.5
225,weekday,19,450.5,5.4,247.0
225,weekday,20,326.2,4.4,223.5
225,weekday,21,252.1,6.4,230.0
225,weekday,22,222.8,6.1,241.2
225,weekday,23,153.5,5.8,220.0
225,weekend,0,181.0,18.7,439.4
225,weekend,1,143.1,13.8,340.7
225,weekend,2,123.9,10.8,266.6
225,weekend,3,102.0,9.6,202.8
225,weekend,4,80.9,9.2,157.1
225,weekend,5,97.9,6.6,123.6
225,weekend,6,170.1,5.7,123.8
225,weekend,7,239.3,6.1,143.4
225,weekend,8,321.8,7.3,173.3
225,weekend,9,446.1,8.2,222.2
225,weekend,10,527.0,10.6,261.2
225,weekend,11,586.4,11.2,279.6
225,weekend,12,624.2,10.4,273.7
225,weekend,13,640.0,11.7,282.2
225,weekend,14,589.7,11.8,300.0
225,weekend,15,569.8,12.0,312.0
225,weekend,16,518.2,10.4,340.4
225,weekend,17,459.7,13.0,328.9
225,weekend,18,428.2,11.4,355.9
225,weekend,19,358.3,12.6,342.0
225,weekend,20,307.8,11.1,332.0
225,weekend,21,283.1,9.9,335.2
225,weekend,22,260.2,15.9,359.4
225,weekend,23,195.4,14.7,371.2
226,weekday,0,122.4,8.8,82.3
226,weekday,1,50.8,5.9,49.0
226,weekday,2,41.4,3.6,38.6
226,weekday,3,58.9,2.5,39.6
226,weekday,4,196.4,5.6,67.4
226,weekday,5,610.4,8.8,100.3
226,weekday,6,1377.5,12.4,150.8
226,weekday,7,2742.7,16.4,220.6
226,weekday,8,3779.3,14.9,257.8
226,weekday,9,2457.4,12.1,225.0
226,weekday,10,1705.0,10.5,200.3
226,weekday,11,1548.3,13.6,198.8
226,weekday,12,1575.9,16.1,210.9
226,weekday,13,1643.5,15.0,192.6
226,weekday,14,2180.7,18.4,212.5
226,weekday,15,2609.1,17.3,215.8
226,weekday,16,2702.3,18.1,245.6
226,weekday,17,2769.2,18.4,259.8
226,weekday,18,1849.8,13.1,231.3
226,weekday,19,1144.6,11.5,203.5
226,weekday,20,906.4,10.0,171.1
226,weekday,21,698.4,10.6,165.7
226,weekday,22,473.6,12.1,143.8
226,weekday,23,279.2,11.4,121.1
226,weekend,0,180.7,18.9,189.6
226,weekend,1,82.7,12.8,140.8
226,weekend,2,52.0,10.8,103.2
226,weekend,3,42.4,9.6,72.0
226,weekend,4,85.8,14.1,85.9
226,weekend,5,180.8,12.6,97.6
226,weekend,6,329.1,14.3,100.3
226,weekend,7,483.9,15.6,130.9
226,weekend,8,654.8,16.6,163.2
226,weekend,9,836.2,18.6,195.3
226,weekend,10,987.9,22.1,222.4
226,weekend,11,993.1,19.0,240.7
226,weekend,12,1071.3,19.2,268.8
226,weekend,13,1155.8,21.2,249.4
226,weekend,14,1077.4,21.0,252.0
226,weekend,15,1033.1,23.0,240.6
226,weekend,16,976.7,23.3,253.6
226,weekend,17,832.1,19.6,240.1
226,weekend,18,691.9,19.8,231.3
226,weekend,19,541.0,16.4,219.7
226,weekend,20,438.6,15.9,199.7
226,weekend,21,344.4,15.4,186.9
226,weekend,22,300.8,20.7,180.4
226,weekend,23,215.9,20.8,161.3
227,weekday,0,39.9,0.7,42.9
227,weekday,1,21.0,0.7,30.6
227,weekday,2,17.7,0.4,20.4
227,weekday,3,31.4,0.1,17.4
227,weekday,4,95.9,0.6,29.4
227,weekday,5,370.8,0.9,34.4
227,weekday,6,860.1,1.5,58.5
227,weekday,7,1667.6,2.1,88.1
227,weekday,8,1592.8,1.8,122.1
227,weekday,9,1244.8,1.1,99.5
227,weekday,10,1000.8,1.9,92.3
227,weekday,11,901.4,1.6,90.3
227,weekday,12,890.6,1.4,87.2
227,weekday,13,934.6,1.6,90.2
227,weekday,14,967.8,2.2,94.5
227,weekday,15,1032.2,1.7,93.3
227,weekday,16,1125.8,1.9,95.8
227,weekday,17,1426.3,1.0,90.3
227,weekday,18,925.9,1.0,84.8
227,weekday,19,587.9,1.0,70.4
227,weekday,20,386.7,1.1,66.3
227,weekday,21,278.5,0.8,62.6
227,weekday,22,149.5,1.0,63.9
227,weekday,23,91.4,1.1,54.3
227,weekend,0,46.3,1.7,76.1
227,weekend,1,24.4,1.6,70.3
227,weekend,2,21.2,0.8,56.9
227,weekend,3,28.2,0.8,38.9
227,weekend,4,46.8,0.7,33.8
227,weekend,5,103.6,0.7,34.9
227,weekend,6,247.6,0.4,51.7
227,weekend,7,389.4,1.3,53.3
227,weekend,8,527.3,2.1,63.2
227,weekend,9,701.9,1.8,82.2
227,weekend,10,669.2,1.4,95.6
227,weekend,11,658.9,1.4,96.4
227,weekend,12,683.3,1.7,92.4
227,weekend,13,686.3,1.7,90.7
227,weekend,14,680.8,1.3,90.2
227,weekend,15,643.7,1.7,88.6
227,weekend,16,612.3,1.9,89.1
227,weekend,17,608.6,1.8,92.3
227,weekend,18,493.8,1.8,104.6
227,weekend,19,405.6,1.6,92.2
227,weekend,20,302.8,1.4,94.9
227,weekend,21,230.1,1.7,90.7
227,weekend,22,141.1,2.1,81.2
227,weekend,23,90.6,1.4,81.0
228,weekday,0,141.9,2.2,76.8
228,weekday,1,67.1,1.1,49.4
228,weekday,2,64.0,0.6,38.0
228,weekday,3,109.4,0.7,30.8
228,weekday,4,312.6,1.0,41.9
228,weekday,5,1078.2,1.4,59.9
228,weekday,6,2164.6,2.3,94.9
228,weekday,7,3749.9,3.9,142.8
228,weekday,8,4227.8,4.5,189.1
228,weekday,9,2491.4,2.9,167.5
228,weekday,10,1792.5,3.6,142.2
228,weekday,11,1533.2,3.4,145.3
228,weekday,12,1576.6,3.4,148.1
228,weekday,13,1743.6,4.5,153.0
228,weekday,14,2227.0,4.4,193.6
228,weekday,15,2675.9,5.2,218.9
228,weekday,16,2837.6,4.2,227.2
228,weekday,17,3723.6,8.6,261.1
228,weekday,18,2403.5,5.4,258.5
228,weekday,19,1466.0,4.9,241.2
228,weekday,20,983.6,4.6,189.7
228,weekday,21,680.6,4.9,158.2
228,weekday,22,465.6,3.3,137.5
228,weekday,23,321.3,3.8,114.1
228,weekend,0,227.0,10.0,221.4
228,weekend,1,127.4,7.3,172.8
228,weekend,2,96.8,6.0,147.3
228,weekend,3,97.9,6.1,121.7
228,weekend,4,161.9,6.1,105.9
228,weekend,5,359.3,4.0,83.2
228,weekend,6,762.9,2.8,74.6
228,weekend,7,1083.0,3.2,96.0
228,weekend,8,1390.9,2.8,106.7
228,weekend,9,1672.9,4.1,126.6
228,weekend,10,1600.1,3.7,150.7
228,weekend,11,1550.1,3.8,162.6
228,weekend,12,1597.3,3.7,164.9
228,weekend,13,1705.2,4.4,176.7
228,weekend,14,1776.0,4.9,197.6
228,weekend,15,1719.0,4.6,208.6
228,weekend,16,1673.2,5.4,222.4
228,weekend,17,1540.7,5.3,225.3
228,weekend,18,1449.4,8.4,263.7
228,weekend,19,1101.3,6.2,219.7
228,weekend,20,889.8,6.7,205.3
228,weekend,21,651.4,7.7,222.8
228,weekend,22,616.1,13.0,247.7
228,weekend,23,309.7,9.8,187.8
229,weekday,0,0.0,24.9,73.8
229,weekday,1,0.0,14.6,47.4
229,weekday,2,0.0,9.2,32.2
229,weekday,3,0.0,5.4,25.6
229,weekday,4,0.0,7.8,40.8
229,weekday,5,0.0,13.9,62.6
229,weekday,6,0.0,40.6,117.1
229,weekday,7,0.0,100.0,205.0
229,weekday,8,0.0,143.9,255.4
229,weekday,9,0.0,133.1,210.4
229,weekday,10,0.0,131.1,166.9
229,weekday,11,0.0,126.9,151.7
229,weekday,12,0.0,128.4,152.2
229,weekday,13,0.0,129.9,145.6
229,weekday,14,0.0,118.6,138.8
229,weekday,15,0.0,116.6,140.1
229,weekday,16,0.0,114.4,154.8
229,weekday,17,0.0,160.5,199.5
229,weekday,18,0.0,191.0,245.9
229,weekday,19,0.0,153.1,231.3
229,weekday,20,0.0,129.1,219.5
229,weekday,21,0.0,138.1,198.9
229,weekday,22,0.0,108.2,172.9
229,weekday,23,0.0,69.7,134.8
229,weekend,0,0.0,86.7,173.9
229,weekend,1,0.0,54.3,142.2
229,weekend,2,0.0,35.2,101.1
229,weekend,3,0.0,24.3,73.3
229,weekend,4,0.0,17.2,54.4
229,weekend,5,0.0,11.2,51.3
229,weekend,6,0.0,20.1,59.0
229,weekend,7,0.0,34.8,76.6
229,weekend,8,0.0,51.4,97.2
229,weekend,9,0.0,81.9,128.1
229,weekend,10,0.0,114.3,176.7
229,weekend,11,0.0,125.6,192.0
229,weekend,12,0.0,145.7,183.3
229,weekend,13,0.0,139.7,184.4
229,weekend,14,0.0,123.6,186.3
229,weekend,15,0.0,101.3,166.0
229,weekend,16,0.0,101.1,172.4
229,weekend,17,0.0,121.7,180.1
229,weekend,18,0.0,140.7,204.6
229,weekend,19,0.0,123.2,199.8
229,weekend,20,0.0,89.8,172.1
229,weekend,21,0.0,83.3,185.1
229,weekend,22,0.0,70.2,166.9
229,weekend,23,0.0,65.3,141.4
230,weekday,0,1363.2,113.1,338.9
230,weekday,1,412.9,49.5,228.1
230,weekday,2,199.0,27.0,150.5
230,weekday,3,114.0,21.8,114.3
230,weekday,4,119.4,23.9,113.1
230,weekday,5,191.8,24.1,113.2
230,weekday,6,458.4,41.6,143.2
230,weekday,7,1134.1,77.0,245.1
230,weekday,8,2355.7,126.0,366.6
230,weekday,9,2672.0,159.1,365.9
230,weekday,10,2802.6,177.2,356.9
230,weekday,11,2988.3,192.6,374.9
230,weekday,12,3493.0,198.8,349.9
230,weekday,13,3926.5,204.5,330.4
230,weekday,14,5248.3,220.5,324.7
230,weekday,15,7248.9,227.9,316.9
230,weekday,16,11159.7,279.8,359.8
230,weekday,17,19502.9,330.1,419.1
230,weekday,18,13627.2,356.8,425.7
230,weekday,19,7378.9,296.6,456.2
230,weekday,20,5034.2,333.6,543.2
230,weekday,21,5072.2,451.2,730.9
230,weekday,22,4148.6,396.2,693.7
230,weekday,23,2282.3,297.2,540.1
230,weekend,0,2003.3,204.9,377.1
230,weekend,1,820.6,116.3,296.4
230,weekend,2,418.4,68.7,236.7
230,weekend,3,247.7,50.8,199.0
230,weekend,4,203.0,56.9,182.9
230,weekend,5,168.3,35.2,134.1
230,weekend,6,258.6,34.1,127.7
230,weekend,7,570.6,60.7,159.3
230,weekend,8,1082.3,102.1,218.3
230,weekend,9,1650.6,148.6,294.7
230,weekend,10,2283.9,195.9,369.2
230,weekend,11,2634.9,214.1,361.6
230,weekend,12,2965.3,188.7,318.4
230,weekend,13,2912.3,181.4,269.9
230,weekend,14,3302.3,158.4,242.9
230,weekend,15,3997.9,176.2,247.2
230,weekend,16,5178.4,248.9,324.9
230,weekend,17,5151.1,263.9,363.3
230,weekend,18,4233.6,251.3,381.3
230,weekend,19,3166.9,193.9,329.4
230,weekend,20,2752.1,166.6,317.2
230,weekend,21,2916.9,211.2,367.4
230,weekend,22,3310.8,268.3,418.9
230,weekend,23,2385.7,208.1,416.7
231,weekday,0,461.1,43.1,170.7
231,weekday,1,167.8,22.0,97.8
231,weekday,2,80.0,11.5,60.6
231,weekday,3,70.6,9.2,47.6
231,weekday,4,109.5,6.2,63.1
231,weekday,5,323.8,8.8,92.2
231,weekday,6,1016.6,19.7,166.6
231,weekday,7,2363.1,52.9,272.6
231,weekday,8,4121.8,89.6,408.3
231,weekday,9,3096.6,77.5,360.4
231,weekday,10,2386.5,74.9,315.4
231,weekday,11,2809.0,84.1,337.9
231,weekday,12,3329.6,89.2,338.2
231,weekday,13,3722.7,101.8,329.3
231,weekday,14,4649.3,101.5,342.9
231,weekday,15,6589.9,108.9,351.2
231,weekday,16,10101.4,124.7,367.4
231,weekday,17,14814.0,164.5,422.9
231,weekday,18,10223.4,186.6,485.1
231,weekday,19,5479.0,167.6,482.4
231,weekday,20,3553.1,148.4,483.1
231,weekday,21,2558.5,164.8,505.9
231,weekday,22,1918.0,153.7,478.5
231,weekday,23,1135.3,106.9,333.2
231,weekend,0,818.9,160.4,367.2
231,weekend,1,360.6,116.6,260.7
231,weekend,2,201.8,83.2,186.6
231,weekend,3,130.8,53.6,136.7
231,weekend,4,111.6,34.1,106.8
231,weekend,5,139.0,7.3,73.4
231,weekend,6,311.2,7.8,80.0
231,weekend,7,482.0,13.4,104.6
231,weekend,8,655.2,21.1,152.9
231,weekend,9,992.2,37.4,196.4
231,weekend,10,1479.8,60.0,293.8
231,weekend,11,2012.4,74.9,322.0
231,weekend,12,2470.9,93.9,356.4
231,weekend,13,2931.3,109.1,350.6
231,weekend,14,3104.6,100.6,337.1
231,weekend,15,3356.3,90.1,333.3
231,weekend,16,3651.7,97.7,341.7
231,weekend,17,3464.3,113.6,362.7
231,weekend,18,3206.9,121.4,392.0
231,weekend,19,2686.7,118.0,388.8
231,weekend,20,2035.8,91.8,363.9
231,weekend,21,1817.4,87.3,368.6
231,weekend,22,1533.9,101.4,371.1
231,weekend,23,1081.7,96.3,326.8
232,weekday,0,67.7,12.1,74.4
232,weekday,1,21.9,5.7,46.1
232,weekday,2,11.6,4.2,33.1
232,weekday,3,9.8,2.8,26.2
232,weekday,4,25.8,4.2,37.8
232,weekday,5,95.8,4.8,53.9
232,weekday,6,232.1,10.0,77.6
232,weekday,7,592.1,14.9,109.6
232,weekday,8,922.2,20.2,128.8
232,weekday,9,676.7,22.0,159.9
232,weekday,10,502.2,13.4,118.2
232,weekday,11,496.1,11.6,112.9
232,weekday,12,554.2,15.9,124.5
232,weekday,13,594.0,15.0,110.5
232,weekday,14,708.3,15.2,113.0
232,weekday,15,808.6,14.7,109.2
232,weekday,16,1026.2,17.5,108.5
232,weekday,17,1037.3,21.5,115.3
232,weekday,18,830.3,24.9,137.5
232,weekday,19,659.2,24.8,142.2
232,weekday,20,556.9,16.2,113.8
232,weekday,21,478.7,22.1,119.1
232,weekday,22,304.8,28.1,116.2
232,weekday,23,195.9,18.8,99.8
232,weekend,0,196.4,45.4,159.0
232,weekend,1,85.0,35.6,145.1
232,weekend,2,58.9,37.6,158.0
232,weekend,3,29.2,22.1,107.3
232,weekend,4,26.4,16.3,84.3
232,weekend,5,46.1,8.0,59.0
232,weekend,6,82.4,8.2,62.2
232,weekend,7,161.0,6.7,66.9
232,weekend,8,235.3,10.4,83.8
232,weekend,9,341.4,14.8,111.4
232,weekend,10,403.3,17.8,133.0
232,weekend,11,484.2,19.4,152.4
232,weekend,12,561.9,27.8,166.7
232,weekend,13,644.1,26.0,154.3
232,weekend,14,656.2,29.1,151.3
232,weekend,15,666.8,22.9,159.6
232,weekend,16,725.9,28.8,159.8
232,weekend,17,683.2,27.3,161.8
232,weekend,18,680.7,32.2,181.2
232,weekend,19,595.3,26.7,168.9
232,weekend,20,465.9,21.0,157.9
232,weekend,21,438.7,19.3,151.7
232,weekend,22,329.0,32.9,173.9
232,weekend,23,229.0,33.3,148.4
233,weekday,0,0.0,17.2,48.8
233,weekday,1,0.0,5.7,27.8
233,weekday,2,0.0,2.9,18.2
233,weekday,3,0.0,3.3,16.5
233,weekday,4,0.0,6.2,37.0
233,weekday,5,0.0,11.7,58.0
233,weekday,6,0.0,32.6,121.6
233,weekday,7,0.0,52.1,191.6
233,weekday,8,0.0,88.8,293.6
233,weekday,9,0.0,84.0,243.7
233,weekday,10,0.0,89.4,194.4
233,weekday,11,0.0,84.3,174.8
233,weekday,12,0.0,87.5,174.1
233,weekday,13,0.0,94.7,172.2
233,weekday,14,0.0,91.4,156.1
233,weekday,15,0.0,95.4,164.6
233,weekday,16,0.0,108.8,172.7
233,weekday,17,0.0,135.2,204.6
233,weekday,18,0.0,151.1,239.9
233,weekday,19,0.0,121.3,203.5
233,weekday,20,0.0,94.4,170.8
233,weekday,21,0.0,85.5,140.0
233,weekday,22,0.0,69.9,118.9
233,weekday,23,0.0,44.5,86.8
233,weekend,0,0.0,55.3,117.7
233,weekend,1,0.0,29.2,97.2
233,weekend,2,0.0,21.6,70.3
233,weekend,3,0.0,14.2,49.6
233,weekend,4,0.0,15.3,51.7
233,weekend,5,0.0,11.6,50.7
233,weekend,6,0.0,16.4,65.1
233,weekend,7,0.0,26.2,84.1
233,weekend,8,0.0,36.8,106.4
233,weekend,9,0.0,63.8,158.6
233,weekend,10,0.0,96.6,206.3
233,weekend,11,0.0,96.3,207.0
233,weekend,12,0.0,108.1,195.2
233,weekend,13,0.0,96.2,193.0
233,weekend,14,0.0,85.1,172.4
233,weekend,15,0.0,81.2,168.2
233,weekend,16,0.0,89.1,186.6
233,weekend,17,0.0,94.2,182.3
233,weekend,18,0.0,112.4,218.7
233,weekend,19,0.0,88.8,186.9
233,weekend,20,0.0,71.1,185.3
233,weekend,21,0.0,52.8,149.9
233,weekend,22,0.0,48.0,145.8
233,weekend,23,0.0,44.6,117.9
234,weekday,0,1102.6,75.4,191.6
234,weekday,1,367.3,33.4,118.6
234,weekday,2,182.1,12.9,64.4
234,weekday,3,108.9,6.9,38.4
234,weekday,4,115.9,6.0,41.5
234,weekday,5,319.2,9.2,57.7
234,weekday,6,1156.8,32.4,112.8
234,weekday,7,3652.0,65.5,185.8
234,weekday,8,8060.2,116.4,263.6
234,weekday,9,5681.2,125.5,263.1
234,weekday,10,3901.4,129.0,249.1
234,weekday,11,4390.7,149.0,288.1
234,weekday,12,5120.5,169.5,303.8
234,weekday,13,5899.1,199.8,325.9
234,weekday,14,7258.6,215.9,350.5
234,weekday,15,10000.8,241.6,362.1
234,weekday,16,12362.4,268.0,386.3
234,weekday,17,16230.3,329.5,455.6
234,weekday,18,13418.3,358.8,496.5
234,weekday,19,9220.5,318.9,478.9
234,weekday,20,7348.1,298.7,508.8
234,weekday,21,5863.7,345.5,536.6
234,weekday,22,4223.7,291.7,478.7
234,weekday,23,2628.6,207.1,362.8
234,weekend,0,2285.4,254.9,400.1
234,weekend,1,1106.9,201.3,361.0
234,weekend,2,602.3,137.9,293.4
234,weekend,3,367.1,85.7,212.6
234,weekend,4,258.6,53.3,125.3
234,weekend,5,213.6,14.0,56.8
234,weekend,6,338.8,13.9,48.0
234,weekend,7,594.9,23.6,72.4
234,weekend,8,960.4,42.1,96.2
234,weekend,9,1512.8,67.4,136.1
234,weekend,10,2404.4,102.3,181.4
234,weekend,11,3444.0,127.0,232.0
234,weekend,12,4579.1,157.6,255.2
234,weekend,13,5625.9,185.1,267.0
234,weekend,14,6215.6,180.4,260.3
234,weekend,15,7083.4,191.8,253.9
234,weekend,16,7716.4,184.6,257.1
234,weekend,17,7078.8,177.9,256.3
234,weekend,18,6501.0,198.9,278.4
234,weekend,19,5562.3,189.8,316.6
234,weekend,20,4544.3,166.3,321.9
234,weekend,21,4043.9,165.4,357.0
234,weekend,22,3280.6,174.6,386.7
234,weekend,23,2514.1,162.6,326.3
235,weekday,0,31.7,0.3,74.1
235,weekday,1,21.2,0.4,46.6
235,weekday,2,23.6,0.2,30.0
235,weekday,3,42.9,0.2,26.8
235,weekday,4,191.9,0.8,38.7
235,weekday,5,477.6,1.4,71.1
235,weekday,6,796.5,2.8,119.8
235,weekday,7,1163.3,2.4,174.6
235,weekday,8,1048.1,3.5,199.8
235,weekday,9,597.6,3.2,167.4
235,weekday,10,453.5,2.0,142.2
235,weekday,11,458.1,1.7,129.6
235,weekday,12,478.9,1.4,118.0
235,weekday,13,541.5,1.5,120.4
235,weekday,14,609.8,1.4,131.1
235,weekday,15,714.8,1.2,129.1
235,weekday,16,589.2,1.2,127.4
235,weekday,17,518.8,0.7,127.1
235,weekday,18,363.2,1.1,115.7
235,weekday,19,265.9,0.5,104.1
235,weekday,20,213.3,0.4,94.6
235,weekday,21,165.0,0.4,98.1
235,weekday,22,153.4,1.1,104.5
235,weekday,23,79.7,1.4,90.0
235,weekend,0,35.1,1.3,128.3
235,weekend,1,21.9,0.8,111.7
235,weekend,2,19.7,0.8,75.8
235,weekend,3,27.0,0.4,61.7
235,weekend,4,78.4,1.2,53.3
235,weekend,5,153.2,1.7,71.9
235,weekend,6,293.9,2.2,84.8
235,weekend,7,336.0,2.1,104.6
235,weekend,8,364.4,1.7,104.8
235,weekend,9,343.0,2.3,120.3
235,weekend,10,330.4,1.9,129.1
235,weekend,11,317.6,2.2,120.4
235,weekend,12,351.6,1.9,122.0
235,weekend,13,379.3,1.8,117.1
235,weekend,14,430.8,1.6,119.7
235,weekend,15,364.7,2.3,132.1
235,weekend,16,289.9,1.1,127.1
235,weekend,17,264.6,1.8,135.8
235,weekend,18,243.7,1.9,134.1
235,weekend,19,188.8,1.4,129.4
235,weekend,20,153.8,1.4,133.6
235,weekend,21,154.9,1.4,146.4
235,weekend,22,136.8,2.2,141.8
235,weekend,23,78.6,2.3,142.9
236,weekday,0,228.1,18.9,56.7
236,weekday,1,82.1,7.9,31.7
236,weekday,2,37.6,3.0,16.7
236,weekday,3,32.9,2.7,14.8
236,weekday,4,49.8,6.5,32.1
236,weekday,5,180.4,26.8,70.8
236,weekday,6,745.2,99.6,121.5
236,weekday,7,2465.2,266.8,235.1
236,weekday,8,4744.5,380.1,308.4
236,weekday,9,2822.2,383.4,315.0
236,weekday,10,1811.2,371.7,267.5
236,weekday,11,1888.7,401.0,252.7
236,weekday,12,2165.2,448.5,263.3
236,weekday,13,2351.4,420.8,250.3
236,weekday,14,3052.5,444.6,259.2
236,weekday,15,4465.3,492.6,282.2
236,weekday,16,5598.4,438.1,264.5
236,weekday,17,5530.9,452.5,287.4
236,weekday,18,3921.4,464.9,315.1
236,weekday,19,2582.4,301.6,247.2
236,weekday,20,1969.0,248.1,217.6
236,weekday,21,1426.2,226.8,204.9
236,weekday,22,1022.9,148.8,161.2
236,weekday,23,653.9,61.6,108.2
236,weekend,0,366.6,53.3,97.3
236,weekend,1,149.6,30.0,64.4
236,weekend,2,66.0,10.9,41.0
236,weekend,3,37.9,7.8,27.1
236,weekend,4,39.1,7.1,26.8
236,weekend,5,59.3,8.9,36.9
236,weekend,6,225.8,26.3,63.8
236,weekend,7,466.4,50.9,87.8
236,weekend,8,606.2,88.1,104.9
236,weekend,9,810.9,145.7,144.7
236,weekend,10,1160.8,205.9,182.6
236,weekend,11,1561.8,225.4,204.9
236,weekend,12,1972.1,320.6,220.1
236,weekend,13,2109.7,299.4,232.6
236,weekend,14,2218.9,279.0,249.6
236,weekend,15,2473.2,273.2,229.2
236,weekend,16,2668.4,291.6,232.2
236,weekend,17,2758.8,313.0,251.9
236,weekend,18,2245.0,264.1,249.0
236,weekend,19,1666.6,197.9,206.4
236,weekend,20,1294.3,163.7,172.8
236,weekend,21,1060.0,137.2,172.1
236,weekend,22,794.7,98.9,146.2
236,weekend,23,559.2,61.8,109.9
237,weekday,0,588.0,46.8,93.2
237,weekday,1,169.4,18.1,46.4
237,weekday,2,79.2,10.4,25.1
237,weekday,3,59.8,7.9,21.2
237,weekday,4,89.8,9.8,33.5
237,weekday,5,262.5,16.7,57.6
237,weekday,6,880.6,51.5,103.9
237,weekday,7,2775.5,173.9,213.4
237,weekday,8,5579.5,307.5,301.4
237,weekday,9,4012.5,339.2,302.2
237,weekday,10,3000.6,362.2,293.2
237,weekday,11,3371.8,416.0,297.2
237,weekday,12,3854.6,470.3,313.8
237,weekday,13,4379.1,492.4,320.1
237,weekday,14,5726.0,539.8,329.2
237,weekday,15,8438.3,541.0,331.4
237,weekday,16,10826.2,500.9,331.6
237,weekday,17,13019.5,535.3,349.5
237,weekday,18,9234.1,556.6,405.2
237,weekday,19,5444.5,422.6,341.8
237,weekday,20,4024.5,388.5,341.8
237,weekday,21,2655.7,435.1,356.1
237,weekday,22,2187.2,305.9,297.5
237,weekday,23,1516.4,153.2,204.1
237,weekend,0,812.3,110.6,170.0
237,weekend,1,313.4,62.6,126.7
237,weekend,2,147.8,32.2,65.6
237,weekend,3,82.0,18.2,34.2
237,weekend,4,79.0,15.8,32.8
237,weekend,5,125.7,9.1,30.8
237,weekend,6,345.8,23.1,50.8
237,weekend,7,668.1,38.9,76.1
237,weekend,8,905.8,74.2,103.0
237,weekend,9,1229.4,133.1,144.2
237,weekend,10,1790.3,193.4,198.6
237,weekend,11,2313.4,227.8,218.3
237,weekend,12,2792.3,296.6,256.0
237,weekend,13,3222.6,311.1,268.0
237,weekend,14,3475.9,322.2,285.6
237,weekend,15,4040.0,313.8,254.1
237,weekend,16,4287.3,312.9,259.6
237,weekend,17,4155.1,319.1,269.7
237,weekend,18,3752.0,301.9,285.0
237,weekend,19,2919.6,228.2,248.8
237,weekend,20,2256.4,185.3,222.1
237,weekend,21,1743.3,194.7,222.2
237,weekend,22,1571.2,147.3,209.2
237,weekend,23,1151.3,106.8,165.2
238,weekday,0,239.1,20.3,55.9
238,weekday,1,67.7,9.4,30.0
238,weekday,2,41.2,4.2,18.7
238,weekday,3,34.8,2.7,18.4
238,weekday,4,82.9,8.4,38.5
238,weekday,5,255.0,22.4,64.8
238,weekday,6,910.1,69.9,110.1
238,weekday,7,2801.4,123.1,156.1
238,weekday,8,5953.2,147.1,221.7
238,weekday,9,3726.5,139.1,231.6
238,weekday,10,2264.0,156.4,195.4
238,weekday,11,2133.6,157.2,164.8
238,weekday,12,2265.7,159.1,157.5
238,weekday,13,2321.2,147.5,141.2
238,weekday,14,2730.9,170.2,148.6
238,weekday,15,3729.2,186.1,162.2
238,weekday,16,4223.9,155.1,157.5
238,weekday,17,4309.7,181.9,170.3
238,weekday,18,3677.0,184.9,182.2
238,weekday,19,2279.9,136.1,158.6
238,weekday,20,1826.8,96.7,123.9
238,weekday,21,1461.4,97.2,126.4
238,weekday,22,1140.2,78.2,111.4
238,weekday,23,578.4,46.1,89.4
238,weekend,0,435.4,54.4,115.0
238,weekend,1,151.9,30.8,76.9
238,weekend,2,68.2,19.1,51.2
238,weekend,3,55.4,10.4,42.9
238,weekend,4,57.7,11.7,40.7
238,weekend,5,106.8,12.3,43.7
238,weekend,6,285.4,36.3,68.3
238,weekend,7,579.9,51.0,85.9
238,weekend,8,965.6,77.8,113.1
238,weekend,9,1403.7,109.8,154.0
238,weekend,10,1844.0,142.9,185.7
238,weekend,11,2207.6,143.9,186.8
238,weekend,12,2584.2,160.4,168.6
238,weekend,13,2819.4,149.7,165.2
238,weekend,14,2512.0,148.9,163.8
238,weekend,15,2450.3,130.9,162.0
238,weekend,16,2437.9,130.8,150.0
238,weekend,17,2472.7,153.3,164.8
238,weekend,18,2354.0,148.4,172.1
238,weekend,19,1894.0,125.0,161.6
238,weekend,20,1457.1,95.0,125.8
238,weekend,21,1230.3,90.3,139.7
238,weekend,22,999.9,79.3,138.9
238,weekend,23,653.1,57.2,117.2
239,weekday,0,52.7,30.9,75.2
239,weekday,1,14.2,11.7,37.5
239,weekday,2,6.8,6.4,19.5
239,weekday,3,6.2,3.0,17.2
239,weekday,4,9.4,9.7,40.5
239,weekday,5,31.5,24.5,74.4
239,weekday,6,140.0,63.6,117.8
239,weekday,7,516.9,136.8,187.2
239,weekday,8,1143.2,154.4,254.4
239,weekday,9,830.7,157.2,254.7
239,weekday,10,525.8,188.8,216.7
239,weekday,11,498.6,205.5,197.5
239,weekday,12,529.9,222.9,187.4
239,weekday,13,566.3,220.2,186.1
239,weekday,14,632.8,243.9,187.4
239,weekday,15,827.9,244.2,184.9
239,weekday,16,1045.2,237.1,190.6
239,weekday,17,1056.4,258.8,213.8
239,weekday,18,964.9,258.5,229.4
239,weekday,19,590.0,190.4,191.5
239,weekday,20,445.0,168.8,169.1
239,weekday,21,365.5,212.9,195.9
239,weekday,22,268.5,188.4,191.1
239,weekday,23,155.4,83.4,134.5
239,weekend,0,138.4,112.3,170.6
239,weekend,1,50.9,60.4,120.2
239,weekend,2,21.8,27.4,65.3
239,weekend,3,8.3,13.0,44.0
239,weekend,4,11.8,14.0,42.1
239,weekend,5,18.0,11.2,41.7
239,weekend,6,46.3,27.7,64.3
239,weekend,7,90.2,47.8,81.3
239,weekend,8,185.6,81.8,108.7
239,weekend,9,301.0,122.7,150.9
239,weekend,10,442.6,173.3,194.0
239,weekend,11,545.8,203.0,209.7
239,weekend,12,685.8,229.7,225.8
239,weekend,13,802.4,229.9,225.0
239,weekend,14,782.1,247.0,235.3
239,weekend,15,792.2,230.8,213.1
239,weekend,16,888.0,244.9,214.2
239,weekend,17,969.9,244.7,229.9
239,weekend,18,747.0,217.7,218.9
239,weekend,19,530.0,173.3,196.9
239,weekend,20,391.6,142.4,166.0
239,weekend,21,349.0,150.6,187.4
239,weekend,22,283.2,136.2,175.3
239,weekend,23,177.6,92.4,156.6
240,weekday,0,0.0,0.2,20.6
240,weekday,1,0.0,0.1,12.5
240,weekday,2,0.0,0.0,7.2
240,weekday,3,0.0,0.1,6.4
240,weekday,4,0.0,0.1,6.7
240,weekday,5,0.0,0.1,5.9
240,weekday,6,0.0,0.2,13.5
240,weekday,7,0.0,0.5,24.9
240,weekday,8,0.0,0.3,29.3
240,weekday,9,0.0,0.2,25.5
240,weekday,10,0.0,0.1,19.7
240,weekday,11,0.0,0.1,16.8
240,weekday,12,0.0,0.1,16.2
240,weekday,13,0.0,0.1,20.5
240,weekday,14,0.0,0.1,22.1
240,weekday,15,0.0,0.1,23.7
240,weekday,16,0.0,0.2,25.2
240,weekday,17,0.0,0.0,28.2
240,weekday,18,0.0,0.1,26.9
240,weekday,19,0.0,0.2,23.6
240,weekday,20,0.0,0.1,25.9
240,weekday,21,0.0,0.1,22.0
240,weekday,22,0.0,0.6,25.5
240,weekday,23,0.0,0.2,22.6
240,weekend,0,0.0,0.6,35.2
240,weekend,1,0.0,0.2,25.0
240,weekend,2,0.0,0.2,20.4
240,weekend,3,0.0,0.1,14.3
240,weekend,4,0.0,0.1,14.2
240,weekend,5,0.0,0.1,10.2
240,weekend,6,0.0,0.2,13.9
240,weekend,7,0.0,0.1,15.1
240,weekend,8,0.0,0.0,15.3
240,weekend,9,0.0,0.4,22.8
240,weekend,10,0.0,0.1,22.7
240,weekend,11,0.0,0.7,24.0
240,weekend,12,0.0,0.3,22.1
240,weekend,13,0.0,0.0,24.3
240,weekend,14,0.0,0.7,30.3
240,weekend,15,0.0,0.4,31.6
240,weekend,16,0.0,0.2,30.7
240,weekend,17,0.0,0.3,34.4
240,weekend,18,0.0,0.3,34.7
240,weekend,19,0.0,0.1,33.4
240,weekend,20,0.0,0.3,41.6
240,weekend,21,0.0,0.7,37.4
240,weekend,22,0.0,0.7,34.0
240,weekend,23,0.0,0.2,36.1
241,weekday,0,35.2,0.4,58.8
241,weekday,1,15.6,0.2,38.5
241,weekday,2,23.3,0.2,26.0
241,weekday,3,51.2,0.0,23.8
241,weekday,4,181.1,0.4,34.6
241,weekday,5,439.0,0.4,54.4
241,weekday,6,814.1,1.7,113.9
241,weekday,7,1152.1,2.9,182.2
241,weekday,8,918.5,3.6,222.5
241,weekday,9,522.8,1.1,154.3
241,weekday,10,378.0,1.5,117.1
241,weekday,11,352.7,1.1,100.0
241,weekday,12,350.5,1.2,101.4
241,weekday,13,458.6,1.2,111.7
241,weekday,14,597.4,1.2,134.2
241,weekday,15,761.9,1.1,130.2
241,weekday,16,563.3,0.8,107.1
241,weekday,17,477.6,0.4,122.4
241,weekday,18,334.2,0.5,111.6
241,weekday,19,283.4,0.4,103.4
241,weekday,20,202.2,0.5,94.7
241,weekday,21,177.1,0.5,96.2
241,weekday,22,114.8,0.5,98.1
241,weekday,23,79.8,0.6,88.2
241,weekend,0,40.7,1.4,118.4
241,weekend,1,24.1,1.4,91.8
241,weekend,2,16.6,0.8,68.2
241,weekend,3,25.0,0.4,50.2
241,weekend,4,63.4,1.0,46.7
241,weekend,5,142.1,0.4,49.6
241,weekend,6,279.0,1.3,72.7
241,weekend,7,336.9,1.3,84.7
241,weekend,8,295.9,1.8,99.2
241,weekend,9,278.2,1.9,120.7
241,weekend,10,284.1,0.8,119.8
241,weekend,11,238.4,1.9,120.9
241,weekend,12,284.4,1.0,129.6
241,weekend,13,297.9,1.6,126.2
241,weekend,14,327.0,2.8,132.6
241,weekend,15,315.9,1.4,135.3
241,weekend,16,245.6,1.9,122.8
241,weekend,17,220.1,2.0,121.2
241,weekend,18,196.3,2.0,130.3
241,weekend,19,160.2,1.4,124.1
241,weekend,20,155.0,1.7,118.8
241,weekend,21,131.0,1.1,125.3
241,weekend,22,107.7,2.0,126.4
241,weekend,23,68.2,2.4,122.6
242,weekday,0,11.9,1.1,68.8
242,weekday,1,7.1,0.1,38.5
242,weekday,2,7.1,0.2,25.5
242,weekday,3,10.5,0.1,21.9
242,weekday,4,47.9,0.6,26.2
242,weekday,5,110.1,1.1,52.4
242,weekday,6,203.0,0.6,75.8
242,weekday,7,341.0,1.1,125.4
242,weekday,8,270.9,1.8,162.5
242,weekday,9,175.4,1.5,154.8
242,weekday,10,175.5,2.5,149.5
242,weekday,11,185.7,2.0,161.9
242,weekday,12,182.1,1.6,172.9
242,weekday,13,199.1,1.7,165.1
242,weekday,14,246.7,1.6,181.6
242,weekday,15,283.1,1.8,190.7
242,weekday,16,279.2,1.8,193.6
242,weekday,17,258.2,1.2,177.8
242,weekday,18,145.0,1.0,135.0
242,weekday,19,84.8,0.4,122.0
242,weekday,20,67.4,0.6,103.5
242,weekday,21,50.8,0.5,95.4
242,weekday,22,53.8,1.1,88.9
242,weekday,23,29.9,1.3,98.6
242,weekend,0,18.8,1.9,114.8
242,weekend,1,10.2,1.0,87.7
242,weekend,2,6.7,0.7,65.3
242,weekend,3,5.4,0.2,40.7
242,weekend,4,18.1,0.2,34.3
242,weekend,5,54.2,1.0,46.1
242,weekend,6,67.4,0.8,50.6
242,weekend,7,81.0,0.6,70.8
242,weekend,8,84.9,1.3,78.4
242,weekend,9,79.3,0.9,84.7
242,weekend,10,79.9,0.6,87.4
242,weekend,11,89.2,1.2,94.3
242,weekend,12,107.0,1.6,115.6
242,weekend,13,117.7,1.1,107.2
242,weekend,14,110.7,1.2,117.4
242,weekend,15,112.1,2.1,110.3
242,weekend,16,96.8,1.2,109.1
242,weekend,17,81.9,0.9,105.1
242,weekend,18,63.3,1.7,100.7
242,weekend,19,53.4,1.3,105.7
242,weekend,20,42.7,1.0,91.8
242,weekend,21,45.0,1.0,100.9
242,weekend,22,38.6,2.6,95.0
242,weekend,23,23.9,2.7,108.7
243,weekday,0,83.4,4.3,103.8
243,weekday,1,51.5,1.7,70.3
243,weekday,2,47.1,1.2,52.0
243,weekday,3,76.5,0.5,37.2
243,weekday,4,231.8,1.7,50.8
243,weekday,5,881.0,3.2,64.5
243,weekday,6,1842.6,5.7,131.1
243,weekday,7,3708.5,8.4,210.9
243,weekday,8,4248.9,11.1,256.8
243,weekday,9,2519.3,7.2,210.5
243,weekday,10,1735.4,5.9,166.4
243,weekday,11,1642.4,5.7,154.2
243,weekday,12,1621.1,5.2,159.5
243,weekday,13,1782.6,5.7,148.5
243,weekday,14,2061.1,5.4,153.2
243,weekday,15,2069.0,6.9,156.5
243,weekday,16,2069.6,6.2,149.3
243,weekday,17,1971.4,7.4,157.8
243,weekday,18,1431.7,8.4,166.6
243,weekday,19,981.3,5.0,145.8
243,weekday,20,698.7,5.8,132.9
243,weekday,21,497.4,5.5,133.4
243,weekday,22,312.1,8.6,130.5
243,weekday,23,204.8,8.6,135.5
243,weekend,0,129.4,14.9,191.1
243,weekend,1,74.1,7.6,172.3
243,weekend,2,52.8,6.0,155.2
243,weekend,3,60.8,4.2,127.4
243,weekend,4,125.2,5.0,111.3
243,weekend,5,311.0,2.8,82.1
243,weekend,6,546.1,5.2,92.1
243,weekend,7,799.6,5.1,117.8
243,weekend,8,1003.0,6.4,148.3
243,weekend,9,1106.4,9.6,176.3
243,weekend,10,1199.0,10.9,188.7
243,weekend,11,1270.4,9.8,198.6
243,weekend,12,1418.2,13.6,190.6
243,weekend,13,1429.9,13.2,189.8
243,weekend,14,1399.1,12.4,188.8
243,weekend,15,1362.2,12.8,189.0
243,weekend,16,1186.4,9.7,183.1
243,weekend,17,1092.0,12.0,184.2
243,weekend,18,891.2,11.9,184.2
243,weekend,19,698.8,10.4,172.7
243,weekend,20,553.0,10.4,177.3
243,weekend,21,450.9,8.3,194.9
243,weekend,22,337.6,11.7,195.1
243,weekend,23,220.9,14.4,198.8
244,weekday,0,120.8,9.7,132.5
244,weekday,1,54.2,3.0,77.5
244,weekday,2,52.9,2.1,59.4
244,weekday,3,80.4,1.8,53.6
244,weekday,4,251.5,2.4,66.2
244,weekday,5,818.9,5.6,94.5
244,weekday,6,1561.5,11.3,164.4
244,weekday,7,3046.4,24.7,273.2
244,weekday,8,3413.1,26.9,317.2
244,weekday,9,2137.4,19.9,272.1
244,weekday,10,1634.4,16.1,239.8
244,weekday,11,1576.7,16.5,223.5
244,weekday,12,1624.1,19.8,228.1
244,weekday,13,1797.8,20.4,227.2
244,weekday,14,2150.0,22.5,251.1
244,weekday,15,2657.7,20.4,265.6
244,weekday,16,3184.4,23.0,263.4
244,weekday,17,3305.4,24.9,255.3
244,weekday,18,1995.0,21.2,249.6
244,weekday,19,1364.0,14.4,243.9
244,weekday,20,870.9,13.1,210.8
244,weekday,21,554.4,11.9,194.4
244,weekday,22,416.0,18.4,198.6
244,weekday,23,286.1,16.8,190.7
244,weekend,0,187.4,24.4,233.9
244,weekend,1,86.0,11.9,175.4
244,weekend,2,66.4,7.2,130.0
244,weekend,3,65.7,5.0,97.8
244,weekend,4,115.6,7.6,94.9
244,weekend,5,320.2,5.1,92.3
244,weekend,6,585.4,11.3,123.9
244,weekend,7,993.6,12.7,179.8
244,weekend,8,1147.8,16.1,187.3
244,weekend,9,1299.2,20.8,219.1
244,weekend,10,1442.4,18.6,228.2
244,weekend,11,1589.8,18.0,232.3
244,weekend,12,1700.8,18.9,221.9
244,weekend,13,1788.7,19.1,230.3
244,weekend,14,1685.3,19.7,233.3
244,weekend,15,1595.6,21.3,241.8
244,weekend,16,1403.9,22.8,225.6
244,weekend,17,1257.4,22.4,230.7
244,weekend,18,1101.3,25.3,259.2
244,weekend,19,1011.7,23.8,269.6
244,weekend,20,720.1,19.4,247.8
244,weekend,21,513.2,19.6,243.7
244,weekend,22,431.0,21.8,244.6
244,weekend,23,296.8,23.1,243.7
245,weekday,0,0.0,0.0,11.9
245,weekday,1,0.0,0.0,7.0
245,weekday,2,0.0,0.0,4.9
245,weekday,3,0.0,0.0,4.4
245,weekday,4,0.0,0.0,5.8
245,weekday,5,0.0,0.0,10.8
245,weekday,6,0.0,0.0,17.3
245,weekday,7,0.0,0.2,31.3
245,weekday,8,0.0,0.0,39.4
245,weekday,9,0.0,0.0,28.1
245,weekday,10,0.0,0.0,28.9
245,weekday,11,0.0,0.0,28.0
245,weekday,12,0.0,0.0,27.1
245,weekday,13,0.0,0.1,31.4
245,weekday,14,0.0,0.0,35.5
245,weekday,15,0.0,0.1,35.8
245,weekday,16,0.0,0.0,33.6
245,weekday,17,0.0,0.0,34.7
245,weekday,18,0.0,0.1,28.4
245,weekday,19,0.0,0.0,21.7
245,weekday,20,0.0,0.1,22.4
245,weekday,21,0.0,0.0,18.9
245,weekday,22,0.0,0.0,17.3
245,weekday,23,0.0,0.0,18.4
245,weekend,0,0.0,0.0,32.7
245,weekend,1,0.0,0.0,27.7
245,weekend,2,0.0,0.0,23.1
245,weekend,3,0.0,0.0,14.6
245,weekend,4,0.0,0.0,10.7
245,weekend,5,0.0,0.0,14.2
245,weekend,6,0.0,0.0,11.0
245,weekend,7,0.0,0.1,16.7
245,weekend,8,0.0,0.0,13.7
245,weekend,9,0.0,0.0,17.6
245,weekend,10,0.0,0.1,23.9
245,weekend,11,0.0,0.0,24.3
245,weekend,12,0.0,0.0,26.1
245,weekend,13,0.0,0.1,24.7
245,weekend,14,0.0,0.0,28.1
245,weekend,15,0.0,0.0,26.8
245,weekend,16,0.0,0.0,30.2
245,weekend,17,0.0,0.0,26.4
245,weekend,18,0.0,0.0,32.0
245,weekend,19,0.0,0.1,26.7
245,weekend,20,0.0,0.1,23.9
245,weekend,21,0.0,0.0,22.3
245,weekend,22,0.0,0.0,20.7
245,weekend,23,0.0,0.0,22.2
246,weekday,0,178.6,41.1,147.9
246,weekday,1,72.1,27.3,80.2
246,weekday,2,32.1,23.2,57.3
246,weekday,3,23.1,22.2,44.3
246,weekday,4,32.1,9.9,42.8
246,weekday,5,69.1,4.2,54.8
246,weekday,6,181.6,12.5,123.6
246,weekday,7,443.8,35.1,216.3
246,weekday,8,770.8,71.4,315.8
246,weekday,9,577.0,68.2,281.9
246,weekday,10,451.9,72.1,236.8
246,weekday,11,595.3,92.6,271.7
246,weekday,12,731.8,104.1,295.4
246,weekday,13,913.6,127.1,331.8
246,weekday,14,1291.5,145.9,355.1
246,weekday,15,1857.5,178.6,411.1
246,weekday,16,2618.9,209.3,461.3
246,weekday,17,4200.0,252.4,556.8
246,weekday,18,2842.8,260.6,556.2
246,weekday,19,1491.9,209.5,511.4
246,weekday,20,1089.4,219.8,538.9
246,weekday,21,925.8,217.1,598.4
246,weekday,22,694.9,154.2,488.5
246,weekday,23,436.8,88.4,307.4
246,weekend,0,259.6,97.7,235.8
246,weekend,1,95.7,100.6,212.0
246,weekend,2,63.0,110.9,227.7
246,weekend,3,59.2,116.8,191.6
246,weekend,4,57.0,56.4,103.1
246,weekend,5,36.2,7.2,47.7
246,weekend,6,80.6,7.8,54.9
246,weekend,7,133.4,9.4,72.2
246,weekend,8,113.3,20.6,104.2
246,weekend,9,167.3,36.7,146.0
246,weekend,10,290.0,62.7,223.1
246,weekend,11,422.9,91.8,274.4
246,weekend,12,548.3,126.4,304.9
246,weekend,13,698.1,175.6,342.9
246,weekend,14,826.9,185.0,349.0
246,weekend,15,1032.3,207.2,375.9
246,weekend,16,1158.2,200.0,396.7
246,weekend,17,1128.9,192.9,410.0
246,weekend,18,981.4,191.9,387.9
246,weekend,19,916.9,167.8,379.1
246,weekend,20,693.6,139.2,324.7
246,weekend,21,683.6,134.6,352.0
246,weekend,22,489.7,98.4,288.1
246,weekend,23,315.8,80.3,231.2
247,weekday,0,160.9,2.5,116.6
247,weekday,1,79.4,1.4,71.5
247,weekday,2,73.7,0.4,42.9
247,weekday,3,146.9,0.3,32.1
247,weekday,4,485.9,0.6,38.7
247,weekday,5,1428.3,0.8,58.9
247,weekday,6,2268.2,1.6,91.8
247,weekday,7,3415.7,5.1,164.7
247,weekday,8,3265.8,3.8,213.2
247,weekday,9,1933.9,3.1,179.4
247,weekday,10,1504.6,1.8,134.6
247,weekday,11,1389.9,1.9,130.0
247,weekday,12,1424.4,2.9,135.5
247,weekday,13,1637.9,1.9,138.6
247,weekday,14,1918.3,1.8,153.9
247,weekday,15,2366.4,3.5,165.5
247,weekday,16,2663.5,2.6,171.5
247,weekday,17,2296.3,3.0,179.9
247,weekday,18,1253.4,2.4,173.5
247,weekday,19,906.6,2.2,154.8
247,weekday,20,994.8,3.1,162.0
247,weekday,21,3522.2,7.9,225.5
247,weekday,22,2383.9,10.4,226.9
247,weekday,23,410.7,6.7,164.5
247,weekend,0,361.6,9.8,230.3
247,weekend,1,133.1,5.2,155.4
247,weekend,2,81.7,1.4,97.7
247,weekend,3,92.9,1.8,81.1
247,weekend,4,195.4,2.0,70.1
247,weekend,5,483.7,1.3,64.7
247,weekend,6,842.3,1.7,71.7
247,weekend,7,1035.7,2.1,82.7
247,weekend,8,1095.6,2.8,105.7
247,weekend,9,1049.0,3.0,126.3
247,weekend,10,1059.4,3.8,138.6
247,weekend,11,1042.6,3.3,134.3
247,weekend,12,1111.6,4.8,138.6
247,weekend,13,1391.2,4.0,153.7
247,weekend,14,2328.1,5.3,171.8
247,weekend,15,3165.6,5.7,198.9
247,weekend,16,3538.9,6.8,216.1
247,weekend,17,1586.7,3.2,213.6
247,weekend,18,956.6,4.1,213.3
247,weekend,19,692.4,4.1,199.1
247,weekend,20,672.4,2.9,195.0
247,weekend,21,1326.7,5.9,225.1
247,weekend,22,2889.4,8.0,239.8
247,weekend,23,647.4,11.1,215.6
248,weekday,0,0.0,0.2,41.9
248,weekday,1,0.0,0.2,25.6
248,weekday,2,0.0,0.2,18.2
248,weekday,3,0.0,0.5,17.2
248,weekday,4,0.0,0.3,26.1
248,weekday,5,0.0,0.9,41.1
248,weekday,6,0.0,2.4,67.1
248,weekday,7,0.0,4.2,107.0
248,weekday,8,0.0,4.2,126.9
248,weekday,9,0.0,1.8,102.2
248,weekday,10,0.0,0.8,73.9
248,weekday,11,0.0,0.9,63.1
248,weekday,12,0.0,0.9,63.6
248,weekday,13,0.0,0.8,69.2
248,weekday,14,0.0,1.0,80.4
248,weekday,15,0.0,0.5,80.0
248,weekday,16,0.0,0.7,72.1
248,weekday,17,0.0,0.5,71.6
248,weekday,18,0.0,0.5,67.7
248,weekday,19,0.0,0.4,61.8
248,weekday,20,0.0,0.6,59.8
248,weekday,21,0.0,0.6,64.7
248,weekday,22,0.0,1.1,62.6
248,weekday,23,0.0,0.8,55.4
248,weekend,0,0.0,2.0,80.6
248,weekend,1,0.0,0.8,63.2
248,weekend,2,0.0,1.3,49.1
248,weekend,3,0.0,0.7,39.0
248,weekend,4,0.0,1.0,41.1
248,weekend,5,0.0,0.7,42.0
248,weekend,6,0.0,1.9,47.8
248,weekend,7,0.0,1.4,58.8
248,weekend,8,0.0,2.6,68.6
248,weekend,9,0.0,1.8,76.2
248,weekend,10,0.0,1.3,81.6
248,weekend,11,0.0,1.7,72.4
248,weekend,12,0.0,1.3,69.6
248,weekend,13,0.0,0.9,76.9
248,weekend,14,0.0,2.0,88.6
248,weekend,15,0.0,1.6,82.8
248,weekend,16,0.0,0.4,82.9
248,weekend,17,0.0,0.8,78.6
248,weekend,18,0.0,1.3,80.1
248,weekend,19,0.0,1.1,78.3
248,weekend,20,0.0,1.0,81.1
248,weekend,21,0.0,1.2,89.0
248,weekend,22,0.0,2.6,93.6
248,weekend,23,0.0,2.3,76.4
249,weekday,0,861.8,117.9,209.0
249,weekday,1,376.4,63.9,150.2
249,weekday,2,187.5,41.2,96.8
249,weekday,3,103.2,24.8,63.0
249,weekday,4,78.2,16.1,58.3
249,weekday,5,132.5,13.0,75.7
249,weekday,6,421.0,34.2,118.0
249,weekday,7,1135.0,63.1,160.4
249,weekday,8,2787.4,97.1,209.7
249,weekday,9,1861.4,105.2,227.5
249,weekday,10,1110.9,71.3,168.5
249,weekday,11,1169.5,75.8,153.5
249,weekday,12,1495.8,75.4,155.4
249,weekday,13,1851.4,88.9,176.6
249,weekday,14,2168.9,90.0,178.1
249,weekday,15,3082.1,104.4,172.8
249,weekday,16,3621.1,97.3,169.6
249,weekday,17,4074.6,121.5,198.2
249,weekday,18,3669.9,145.5,264.6
249,weekday,19,3056.4,161.8,306.6
249,weekday,20,3025.4,184.1,346.7
249,weekday,21,3223.2,252.5,382.7
249,weekday,22,2635.1,255.9,390.4
249,weekday,23,1821.8,243.5,352.6
249,weekend,0,2182.9,504.3,581.1
249,weekend,1,1391.2,514.1,561.7
249,weekend,2,895.9,416.8,459.6
249,weekend,3,482.7,254.2,312.3
249,weekend,4,224.4,94.1,151.1
249,weekend,5,141.4,22.3,74.1
249,weekend,6,158.6,14.0,61.6
249,weekend,7,242.1,19.6,68.4
249,weekend,8,324.3,29.4,95.2
249,weekend,9,542.2,46.0,127.0
249,weekend,10,866.9,69.4,166.1
249,weekend,11,1204.4,73.8,200.4
249,weekend,12,1756.1,92.7,214.3
249,weekend,13,2381.2,119.3,245.1
249,weekend,14,2660.6,129.3,253.4
249,weekend,15,2935.0,133.1,262.2
249,weekend,16,3173.7,138.1,248.1
249,weekend,17,2832.3,135.3,266.9
249,weekend,18,2710.0,158.7,296.1
249,weekend,19,2922.0,158.1,320.0
249,weekend,20,2961.3,155.1,328.6
249,weekend,21,3004.1,203.2,388.1
249,weekend,22,2594.7,243.0,426.1
249,weekend,23,2119.3,269.4,413.1
250,weekday,0,15.9,0.4,36.4
250,weekday,1,11.7,0.1,23.2
250,weekday,2,11.6,0.5,15.8
250,weekday,3,32.9,0.2,15.4
250,weekday,4,134.2,1.0,27.5
250,weekday,5,388.4,0.6,40.1
250,weekday,6,544.9,0.9,60.4
250,weekday,7,866.3,4.1,94.2
250,weekday,8,703.9,1.9,126.5
250,weekday,9,371.7,1.4,104.8
250,weekday,10,278.2,1.3,81.7
250,weekday,11,246.8,0.9,77.4
250,weekday,12,241.1,1.0,81.4
250,weekday,13,281.6,1.0,82.9
250,weekday,14,320.3,0.9,85.1
250,weekday,15,300.0,1.4,89.8
250,weekday,16,302.6,1.5,96.1
250,weekday,17,286.2,1.2,99.2
250,weekday,18,176.4,0.9,79.1
250,weekday,19,135.5,0.6,64.6
250,weekday,20,114.4,0.2,54.3
250,weekday,21,97.2,0.5,55.5
250,weekday,22,67.5,1.1,57.4
250,weekday,23,35.4,0.9,51.9
250,weekend,0,22.4,2.3,90.0
250,weekend,1,13.8,1.3,64.1
250,weekend,2,8.9,0.6,47.9
250,weekend,3,17.1,0.7,27.9
250,weekend,4,48.4,0.7,36.8
250,weekend,5,132.8,0.7,38.0
250,weekend,6,183.2,1.9,41.1
250,weekend,7,181.3,1.2,48.6
250,weekend,8,194.0,1.8,54.6
250,weekend,9,213.8,2.0,60.3
250,weekend,10,200.0,1.6,70.0
250,weekend,11,184.7,1.4,70.6
250,weekend,12,203.2,1.4,75.7
250,weekend,13,233.9,1.9,77.7
250,weekend,14,226.9,2.1,76.7
250,weekend,15,208.0,2.2,84.7
250,weekend,16,178.7,0.7,78.0
250,weekend,17,149.7,0.6,75.3
250,weekend,18,117.0,1.7,69.0
250,weekend,19,107.2,1.6,70.9
250,weekend,20,93.1,1.3,68.0
250,weekend,21,91.1,2.0,78.6
250,weekend,22,61.4,1.7,81.8
250,weekend,23,37.0,2.2,75.3
251,weekday,0,0.0,0.0,11.7
251,weekday,1,0.0,0.1,5.8
251,weekday,2,0.0,0.1,4.8
251,weekday,3,0.0,0.0,3.3
251,weekday,4,0.0,0.0,6.1
251,weekday,5,0.0,0.1,9.9
251,weekday,6,0.0,0.0,18.6
251,weekday,7,0.0,0.2,25.2
251,weekday,8,0.0,0.1,43.4
251,weekday,9,0.0,0.0,29.4
251,weekday,10,0.0,0.0,24.8
251,weekday,11,0.0,0.0,27.6
251,weekday,12,0.0,0.1,29.8
251,weekday,13,0.0,0.0,30.8
251,weekday,14,0.0,0.0,35.5
251,weekday,15,0.0,0.1,35.4
251,weekday,16,0.0,0.0,36.3
251,weekday,17,0.0,0.1,37.9
251,weekday,18,0.0,0.1,32.8
251,weekday,19,0.0,0.0,28.8
251,weekday,20,0.0,0.0,17.5
251,weekday,21,0.0,0.1,18.9
251,weekday,22,0.0,0.0,15.1
251,weekday,23,0.0,0.0,13.8
251,weekend,0,0.0,0.0,26.6
251,weekend,1,0.0,0.0,18.4
251,weekend,2,0.0,0.0,16.6
251,weekend,3,0.0,0.0,11.9
251,weekend,4,0.0,0.1,5.0
251,weekend,5,0.0,0.0,8.3
251,weekend,6,0.0,0.2,11.9
251,weekend,7,0.0,0.0,16.3
251,weekend,8,0.0,0.0,17.3
251,weekend,9,0.0,0.0,23.2
251,weekend,10,0.0,0.0,23.1
251,weekend,11,0.0,0.0,30.0
251,weekend,12,0.0,0.0,27.1
251,weekend,13,0.0,0.0,25.9
251,weekend,14,0.0,0.0,30.9
251,weekend,15,0.0,0.0,32.9
251,weekend,16,0.0,0.0,27.6
251,weekend,17,0.0,0.0,28.3
251,weekend,18,0.0,0.1,30.7
251,weekend,19,0.0,0.0,28.3
251,weekend,20,0.0,0.0,26.3
251,weekend,21,0.0,0.0,22.9
251,weekend,22,0.0,0.1,21.7
251,weekend,23,0.0,0.0,19.7
252,weekday,0,0.0,0.5,14.2
252,weekday,1,0.0,0.0,8.1
252,weekday,2,0.0,0.2,6.5
252,weekday,3,0.0,0.1,7.4
252,weekday,4,0.0,0.2,10.1
252,weekday,5,0.0,0.4,22.6
252,weekday,6,0.0,0.3,34.9
252,weekday,7,0.0,0.6,46.8
252,weekday,8,0.0,0.8,57.5
252,weekday,9,0.0,0.4,51.7
252,weekday,10,0.0,0.4,47.9
252,weekday,11,0.0,0.6,40.0
252,weekday,12,0.0,0.9,44.7
252,weekday,13,0.0,0.8,49.8
252,weekday,14,0.0,0.6,55.6
252,weekday,15,0.0,0.7,56.1
252,weekday,16,0.0,0.3,56.3
252,weekday,17,0.0,0.5,55.6
252,weekday,18,0.0,0.3,55.0
252,weekday,19,0.0,0.3,49.8
252,weekday,20,0.0,0.5,42.9
252,weekday,21,0.0,0.5,34.4
252,weekday,22,0.0,0.9,33.0
252,weekday,23,0.0,0.7,22.8
252,weekend,0,0.0,1.0,34.6
252,weekend,1,0.0,0.6,26.0
252,weekend,2,0.0,0.2,17.0
252,weekend,3,0.0,0.2,14.2
252,weekend,4,0.0,0.2,12.2
252,weekend,5,0.0,0.2,18.1
252,weekend,6,0.0,0.7,22.7
252,weekend,7,0.0,0.3,22.1
252,weekend,8,0.0,0.3,36.3
252,weekend,9,0.0,0.8,41.3
252,weekend,10,0.0,0.7,46.3
252,weekend,11,0.0,0.3,46.7
252,weekend,12,0.0,0.9,54.3
252,weekend,13,0.0,0.9,53.9
252,weekend,14,0.0,0.8,51.3
252,weekend,15,0.0,0.4,53.3
252,weekend,16,0.0,0.6,51.1
252,weekend,17,0.0,1.1,56.3
252,weekend,18,0.0,0.6,56.4
252,weekend,19,0.0,0.7,49.7
252,weekend,20,0.0,1.0,43.9
252,weekend,21,0.0,2.1,40.8
252,weekend,22,0.0,1.4,39.2
252,weekend,23,0.0,2.1,32.1
253,weekday,0,0.0,0.2,2.2
253,weekday,1,0.0,0.2,0.3
253,weekday,2,0.0,0.2,0.2
253,weekday,3,0.0,0.0,0.5
253,weekday,4,0.0,0.0,0.2
253,weekday,5,0.0,0.0,0.1
253,weekday,6,0.0,0.0,0.4
253,weekday,7,0.0,0.0,0.2
253,weekday,8,0.0,0.0,1.6
253,weekday,9,0.0,0.0,2.1
253,weekday,10,0.0,0.0,2.4
253,weekday,11,0.0,0.0,3.1
253,weekday,12,0.0,0.0,3.0
253,weekday,13,0.0,0.1,2.4
253,weekday,14,0.0,0.1,2.2
253,weekday,15,0.0,0.2,3.9
253,weekday,16,0.0,0.1,3.6
253,weekday,17,0.0,0.0,1.5
253,weekday,18,0.0,0.2,1.6
253,weekday,19,0.0,0.1,0.9
253,weekday,20,0.0,0.3,0.9
253,weekday,21,0.0,0.4,2.9
253,weekday,22,0.0,0.6,5.5
253,weekday,23,0.0,0.5,6.1
253,weekend,0,0.0,0.1,0.3
253,weekend,1,0.0,0.0,0.1
253,weekend,2,0.0,0.1,0.0
253,weekend,3,0.0,0.1,0.6
253,weekend,4,0.0,0.0,0.1
253,weekend,5,0.0,0.0,0.6
253,weekend,6,0.0,0.0,0.1
253,weekend,7,0.0,0.0,0.4
253,weekend,8,0.0,0.0,0.3
253,weekend,9,0.0,0.0,0.6
253,weekend,10,0.0,0.0,1.2
253,weekend,11,0.0,0.0,1.3
253,weekend,12,0.0,0.1,1.1
253,weekend,13,0.0,0.1,1.1
253,weekend,14,0.0,0.0,0.9
253,weekend,15,0.0,0.0,1.1
253,weekend,16,0.0,0.3,1.9
253,weekend,17,0.0,0.1,1.3
253,weekend,18,0.0,0.2,1.0
253,weekend,19,0.0,0.0,0.3
253,weekend,20,0.0,0.2,1.2
253,weekend,21,0.0,0.1,1.0
253,weekend,22,0.0,0.1,0.3
253,weekend,23,0.0,0.0,0.8
254,weekday,0,44.7,0.9,88.4
254,weekday,1,28.2,0.2,48.6
254,weekday,2,21.7,0.4,35.2
254,weekday,3,73.5,0.5,30.4
254,weekday,4,188.9,0.8,45.8
254,weekday,5,531.8,2.4,82.4
254,weekday,6,1072.3,4.1,136.8
254,weekday,7,1436.9,4.1,187.5
254,weekday,8,1038.5,4.2,244.5
254,weekday,9,613.2,3.1,197.0
254,weekday,10,485.6,3.3,163.8
254,weekday,11,455.6,2.4,146.5
254,weekday,12,475.2,1.8,149.1
254,weekday,13,552.3,1.7,156.7
254,weekday,14,587.2,2.6,190.8
254,weekday,15,624.9,1.6,183.1
254,weekday,16,618.6,1.0,176.0
254,weekday,17,559.7,0.8,173.2
254,weekday,18,412.9,0.2,150.9
254,weekday,19,297.9,0.6,130.8
254,weekday,20,255.1,0.9,114.3
254,weekday,21,208.9,1.0,117.3
254,weekday,22,147.9,1.1,125.1
254,weekday,23,97.1,0.9,121.4
254,weekend,0,67.3,1.7,138.1
254,weekend,1,37.7,0.8,99.1
254,weekend,2,25.8,0.4,80.0
254,weekend,3,35.9,1.0,60.3
254,weekend,4,82.6,1.0,51.9
254,weekend,5,212.4,1.3,67.8
254,weekend,6,356.0,2.0,88.8
254,weekend,7,400.0,3.4,126.3
254,weekend,8,382.1,2.2,137.0
254,weekend,9,357.2,2.8,141.4
254,weekend,10,329.9,3.9,181.9
254,weekend,11,324.1,3.1,176.4
254,weekend,12,360.1,2.8,166.0
254,weekend,13,428.8,2.4,176.7
254,weekend,14,408.7,2.8,189.2
254,weekend,15,388.0,2.1,187.9
254,weekend,16,335.9,2.0,179.2
254,weekend,17,301.6,1.6,163.7
254,weekend,18,279.0,2.2,167.9
254,weekend,19,237.0,1.3,158.8
254,weekend,20,222.0,1.6,139.6
254,weekend,21,194.4,1.7,155.7
254,weekend,22,151.0,2.1,160.4
254,weekend,23,104.1,2.8,169.3
255,weekday,0,254.1,18.9,213.5
255,weekday,1,93.4,10.1,130.2
255,weekday,2,46.7,5.3,80.8
255,weekday,3,24.4,3.4,48.9
255,weekday,4,33.2,1.8,60.5
255,weekday,5,113.4,1.1,87.1
255,weekday,6,474.2,1.3,124.3
255,weekday,7,1518.7,3.1,147.2
255,weekday,8,3450.9,5.8,184.2
255,weekday,9,2466.8,5.2,199.2
255,weekday,10,1256.1,2.4,170.8
255,weekday,11,1056.6,3.8,181.5
255,weekday,12,1042.5,4.5,188.7
255,weekday,13,1063.7,5.4,194.5
255,weekday,14,1179.3,5.2,202.9
255,weekday,15,1353.7,6.7,222.9
255,weekday,16,1557.6,6.3,235.3
255,weekday,17,2058.4,9.5,282.2
255,weekday,18,2099.0,11.3,345.9
255,weekday,19,1629.6,10.7,346.1
255,weekday,20,1361.9,14.2,331.6
255,weekday,21,1231.6,17.9,364.3
255,weekday,22,1058.7,29.8,391.5
255,weekday,23,697.6,32.5,363.9
255,weekend,0,1112.2,78.0,839.8
255,weekend,1,653.4,88.1,812.0
255,weekend,2,379.9,76.1,632.0
255,weekend,3,199.1,60.4,462.4
255,weekend,4,108.3,27.9,264.6
255,weekend,5,58.4,8.2,113.4
255,weekend,6,111.8,2.7,91.8
255,weekend,7,212.9,3.2,99.3
255,weekend,8,332.1,2.2,120.4
255,weekend,9,608.8,3.9,178.6
255,weekend,10,915.4,4.9,242.9
255,weekend,11,1294.1,6.9,296.4
255,weekend,12,1602.0,9.3,360.9
255,weekend,13,1892.4,15.7,404.8
255,weekend,14,1951.3,18.1,433.9
255,weekend,15,2065.0,14.7,459.6
255,weekend,16,2259.3,19.6,486.1
255,weekend,17,2157.1,21.9,518.8
255,weekend,18,2196.8,26.1,551.2
255,weekend,19,1876.4,25.8,521.2
255,weekend,20,1569.4,26.2,517.1
255,weekend,21,1428.6,37.9,519.0
255,weekend,22,1309.2,38.8,541.3
255,weekend,23,1066.3,47.1,538.1
256,weekday,0,190.2,18.0,225.8
256,weekday,1,85.5,11.6,140.1
256,weekday,2,44.5,6.4,93.2
256,weekday,3,40.9,4.4,71.9
256,weekday,4,65.6,2.9,68.1
256,weekday,5,126.7,1.6,89.6
256,weekday,6,326.4,4.4,122.2
256,weekday,7,861.5,5.0,143.9
256,weekday,8,1712.0,7.0,177.3
256,weekday,9,1143.9,6.6,206.2
256,weekday,10,593.8,4.5,189.1
256,weekday,11,499.0,4.1,184.3
256,weekday,12,463.7,5.8,179.4
256,weekday,13,493.1,6.5,166.6
256,weekday,14,537.9,7.9,171.4
256,weekday,15,650.5,7.4,181.8
256,weekday,16,724.4,6.9,189.3
256,weekday,17,923.6,8.8,235.0
256,weekday,18,934.5,11.5,278.0
256,weekday,19,698.6,11.4,285.5
256,weekday,20,595.1,11.4,275.3
256,weekday,21,598.2,18.8,314.3
256,weekday,22,554.1,23.6,335.2
256,weekday,23,415.6,19.4,281.0
256,weekend,0,707.2,43.1,586.4
256,weekend,1,446.2,44.2,521.8
256,weekend,2,291.9,32.8,428.0
256,weekend,3,184.4,31.1,306.3
256,weekend,4,111.8,21.3,202.2
256,weekend,5,87.4,10.7,121.7
256,weekend,6,148.2,5.2,109.1
256,weekend,7,211.4,4.7,120.0
256,weekend,8,330.1,5.0,151.1
256,weekend,9,471.2,6.9,187.2
256,weekend,10,655.4,8.9,242.9
256,weekend,11,831.0,11.8,276.3
256,weekend,12,935.6,10.4,307.7
256,weekend,13,1040.4,14.7,312.9
256,weekend,14,999.7,15.6,320.7
256,weekend,15,1017.3,16.6,327.8
256,weekend,16,1068.1,15.9,356.1
256,weekend,17,1046.3,17.3,379.2
256,weekend,18,1045.8,18.4,397.1
256,weekend,19,882.3,17.8,410.3
256,weekend,20,753.7,26.4,407.7
256,weekend,21,738.2,28.0,418.3
256,weekend,22,742.4,31.0,423.8
256,weekend,23,612.3,32.0,409.0
257,weekday,0,24.9,0.9,19.2
257,weekday,1,9.1,0.2,11.8
257,weekday,2,3.6,0.1,7.2
257,weekday,3,5.4,0.3,5.2
257,weekday,4,20.5,0.3,12.4
257,weekday,5,109.9,0.6,23.8
257,weekday,6,329.8,1.2,39.1
257,weekday,7,1120.4,2.8,60.1
257,weekday,8,1669.4,3.5,72.4
257,weekday,9,848.1,1.7,63.1
257,weekday,10,479.8,1.5,51.6
257,weekday,11,430.7,1.2,47.1
257,weekday,12,412.5,0.9,48.2
257,weekday,13,379.9,0.9,42.8
257,weekday,14,482.3,0.9,52.3
257,weekday,15,478.5,1.2,50.8
257,weekday,16,570.6,1.2,51.2
257,weekday,17,638.4,1.2,63.4
257,weekday,18,495.0,1.2,64.2
257,weekday,19,298.6,1.2,57.5
257,weekday,20,217.1,0.9,43.2
257,weekday,21,163.1,0.4,39.1
257,weekday,22,132.5,0.9,39.4
257,weekday,23,62.9,0.9,31.5
257,weekend,0,56.0,1.8,54.2
257,weekend,1,17.6,0.8,30.7
257,weekend,2,11.2,0.3,20.1
257,weekend,3,4.3,0.1,10.9
257,weekend,4,14.6,0.4,13.0
257,weekend,5,31.0,1.3,13.8
257,weekend,6,66.7,1.1,20.3
257,weekend,7,119.7,0.3,21.8
257,weekend,8,206.1,1.4,36.0
257,weekend,9,314.2,0.9,56.9
257,weekend,10,381.1,1.8,63.0
257,weekend,11,481.8,1.4,66.7
257,weekend,12,536.0,1.6,70.4
257,weekend,13,531.6,2.4,68.4
257,weekend,14,473.1,1.4,64.7
257,weekend,15,407.4,1.6,61.4
257,weekend,16,426.0,1.3,62.4
257,weekend,17,427.2,2.6,66.6
257,weekend,18,377.8,1.2,68.2
257,weekend,19,271.7,1.3,63.0
257,weekend,20,217.9,0.9,56.7
257,weekend,21,167.4,2.4,56.1
257,weekend,22,123.9,3.1,63.2
257,weekend,23,70.8,3.0,49.1
258,weekday,0,24.8,1.2,41.7
258,weekday,1,18.2,1.5,29.9
258,weekday,2,14.3,0.4,21.2
258,weekday,3,44.4,0.8,22.1
258,weekday,4,171.6,0.9,43.2
258,weekday,5,495.4,1.8,79.9
258,weekday,6,733.1,4.2,101.9
258,weekday,7,1185.0,6.2,145.7
258,weekday,8,979.6,5.5,172.1
258,weekday,9,540.1,2.9,137.9
258,weekday,10,383.7,2.2,113.3
258,weekday,11,357.6,2.1,97.2
258,weekday,12,354.0,1.9,94.1
258,weekday,13,406.4,3.3,100.2
258,weekday,14,465.6,3.4,119.8
258,weekday,15,475.2,2.3,104.7
258,weekday,16,375.9,1.7,105.1
258,weekday,17,353.1,1.5,102.8
258,weekday,18,274.2,0.8,95.5
258,weekday,19,204.2,0.8,82.8
258,weekday,20,166.8,0.6,73.1
258,weekday,21,131.6,2.0,71.4
258,weekday,22,90.9,1.4,68.0
258,weekday,23,46.2,1.2,59.2
258,weekend,0,20.6,2.4,99.3
258,weekend,1,13.1,2.8,91.2
258,weekend,2,9.6,2.4,64.7
258,weekend,3,11.6,1.6,54.4
258,weekend,4,39.0,2.9,64.6
258,weekend,5,77.4,2.0,61.4
258,weekend,6,129.6,3.8,71.0
258,weekend,7,151.0,2.9,79.4
258,weekend,8,173.7,3.9,104.3
258,weekend,9,172.7,3.3,112.1
258,weekend,10,168.8,4.0,123.6
258,weekend,11,148.0,3.2,115.1
258,weekend,12,157.1,6.0,123.2
258,weekend,13,169.4,4.7,126.6
258,weekend,14,160.1,3.4,128.2
258,weekend,15,139.0,3.3,123.2
258,weekend,16,120.8,2.3,117.0
258,weekend,17,121.8,1.6,115.7
258,weekend,18,98.9,1.7,120.3
258,weekend,19,84.9,1.7,117.6
258,weekend,20,84.1,1.2,106.4
258,weekend,21,63.7,3.0,120.7
258,weekend,22,53.2,5.1,109.3
258,weekend,23,29.2,3.9,104.2
259,weekday,0,28.4,0.7,59.3
259,weekday,1,13.5,0.3,35.0
259,weekday,2,20.2,0.1,27.7
259,weekday,3,27.8,0.3,25.4
259,weekday,4,95.3,0.9,29.8
259,weekday,5,283.1,0.8,58.0
259,weekday,6,571.4,2.0,104.0
259,weekday,7,668.2,1.8,151.8
259,weekday,8,428.9,2.9,179.9
259,weekday,9,238.9,1.6,145.1
259,weekday,10,197.1,1.5,114.1
259,weekday,11,174.1,1.0,103.4
259,weekday,12,202.5,0.9,105.1
259,weekday,13,219.8,0.9,102.4
259,weekday,14,230.2,0.8,124.1
259,weekday,15,252.5,1.1,118.0
259,weekday,16,279.6,1.1,109.2
259,weekday,17,300.7,0.9,120.4
259,weekday,18,190.2,0.4,108.6
259,weekday,19,130.4,0.3,92.8
259,weekday,20,131.9,0.2,76.5
259,weekday,21,109.7,0.2,74.9
259,weekday,22,68.3,0.8,82.6
259,weekday,23,46.5,0.8,88.4
259,weekend,0,35.0,0.8,105.4
259,weekend,1,17.7,0.9,79.1
259,weekend,2,13.2,0.6,64.8
259,weekend,3,16.7,0.4,53.3
259,weekend,4,40.4,0.6,49.6
259,weekend,5,90.9,0.8,62.2
259,weekend,6,152.3,1.7,72.1
259,weekend,7,155.2,1.3,96.6
259,weekend,8,162.6,1.0,102.1
259,weekend,9,159.1,1.1,118.3
259,weekend,10,143.3,1.2,127.0
259,weekend,11,137.6,1.1,111.6
259,weekend,12,152.9,0.7,112.7
259,weekend,13,174.0,1.0,110.8
259,weekend,14,163.0,1.2,120.3
259,weekend,15,151.3,0.6,120.0
259,weekend,16,152.4,1.1,113.9
259,weekend,17,144.7,0.8,113.6
259,weekend,18,130.9,1.2,116.7
259,weekend,19,103.6,0.6,105.8
259,weekend,20,107.2,0.9,104.0
259,weekend,21,97.9,0.6,102.6
259,weekend,22,75.4,1.7,107.1
259,weekend,23,47.1,1.4,110.9
260,weekday,0,83.5,4.8,79.8
260,weekday,1,41.8,4.1,55.1
260,weekday,2,31.7,3.4,46.7
260,weekday,3,69.6,3.0,46.9
260,weekday,4,212.4,3.2,69.4
260,weekday,5,878.0,3.5,75.5
260,weekday,6,1983.0,8.3,120.9
260,weekday,7,3282.3,9.3,172.6
260,weekday,8,3410.1,8.1,178.2
260,weekday,9,2002.3,5.4,150.8
260,weekday,10,1384.3,4.8,133.9
260,weekday,11,1077.4,5.9,121.2
260,weekday,12,987.6,5.0,120.9
260,weekday,13,1086.4,4.8,124.9
260,weekday,14,1230.1,5.6,138.3
260,weekday,15,1355.6,4.9,131.8
260,weekday,16,1356.9,6.5,139.0
260,weekday,17,1449.3,7.2,151.5
260,weekday,18,1246.2,5.9,155.3
260,weekday,19,767.4,5.1,131.0
260,weekday,20,581.9,3.9,120.8
260,weekday,21,435.6,4.9,119.2
260,weekday,22,297.0,6.4,118.5
260,weekday,23,194.7,6.6,102.5
260,weekend,0,124.2,10.7,170.6
260,weekend,1,66.7,6.9,152.8
260,weekend,2,49.9,8.6,133.4
260,weekend,3,55.2,9.2,130.7
260,weekend,4,93.0,7.3,122.8
260,weekend,5,259.7,6.1,86.4
260,weekend,6,485.2,7.9,93.1
260,weekend,7,636.7,5.3,92.3
260,weekend,8,833.8,7.8,117.7
260,weekend,9,907.2,5.9,138.9
260,weekend,10,984.6,8.1,164.6
260,weekend,11,900.3,7.1,171.8
260,weekend,12,894.8,8.2,161.0
260,weekend,13,1018.0,7.3,174.4
260,weekend,14,1009.7,7.6,172.8
260,weekend,15,954.8,8.4,174.9
260,weekend,16,790.2,7.1,174.9
260,weekend,17,730.4,9.9,168.9
260,weekend,18,626.9,11.0,174.6
260,weekend,19,514.1,7.7,172.7
260,weekend,20,443.7,12.8,167.0
260,weekend,21,348.3,11.4,163.9
260,weekend,22,262.0,14.1,148.9
260,weekend,23,181.6,15.4,158.1
261,weekday,0,215.6,9.8,55.2
261,weekday,1,68.8,4.5,32.9
261,weekday,2,34.7,2.2,18.7
261,weekday,3,34.4,1.4,15.0
261,weekday,4,61.9,1.5,22.8
261,weekday,5,270.7,2.8,32.8
261,weekday,6,964.1,6.1,51.7
261,weekday,7,1880.4,9.8,79.9
261,weekday,8,3296.5,19.9,99.4
261,weekday,9,2256.4,23.1,85.2
261,weekday,10,1410.8,27.6,85.1
261,weekday,11,1544.5,33.7,105.1
261,weekday,12,1798.6,42.7,114.9
261,weekday,13,2016.8,52.6,122.0
261,weekday,14,2552.6,57.9,133.2
261,weekday,15,3621.0,55.5,141.8
261,weekday,16,5079.5,60.6,150.1
261,weekday,17,6760.6,67.1,172.2
261,weekday,18,4049.5,71.8,178.2
261,weekday,19,2000.2,57.4,159.8
261,weekday,20,1220.5,50.3,184.5
261,weekday,21,840.9,46.7,162.5
261,weekday,22,539.8,40.8,132.6
261,weekday,23,341.1,23.7,107.2
261,weekend,0,269.3,26.3,78.6
261,weekend,1,114.3,18.3,56.4
261,weekend,2,54.0,10.2,41.0
261,weekend,3,34.2,6.8,33.9
261,weekend,4,34.9,5.4,32.7
261,weekend,5,67.1,3.7,29.7
261,weekend,6,192.1,5.2,32.2
261,weekend,7,290.4,7.1,44.6
261,weekend,8,493.9,11.2,69.1
261,weekend,9,703.4,21.8,82.3
261,weekend,10,1071.8,35.1,107.8
261,weekend,11,1388.4,44.4,123.4
261,weekend,12,1749.1,55.2,134.4
261,weekend,13,2010.4,67.4,132.1
261,weekend,14,1963.1,64.3,134.7
261,weekend,15,2063.2,58.9,130.2
261,weekend,16,2149.9,58.3,125.9
261,weekend,17,2157.1,57.6,136.6
261,weekend,18,1765.9,60.3,133.1
261,weekend,19,1335.1,46.2,128.0
261,weekend,20,902.6,35.0,103.7
261,weekend,21,723.6,33.4,104.8
261,weekend,22,522.7,24.9,98.7
261,weekend,23,320.6,22.6,78.0
262,weekday,0,0.0,7.2,30.0
262,weekday,1,0.0,2.9,15.3
262,weekday,2,0.0,1.6,10.9
262,weekday,3,0.0,1.9,12.9
262,weekday,4,0.0,7.8,30.3
262,weekday,5,0.0,26.6,53.1
262,weekday,6,0.0,85.9,101.2
262,weekday,7,0.0,165.7,155.4
262,weekday,8,0.0,162.1,211.1
262,weekday,9,0.0,151.5,185.5
262,weekday,10,0.0,140.1,136.8
262,weekday,11,0.0,123.1,111.4
262,weekday,12,0.0,126.0,112.1
262,weekday,13,0.0,111.2,91.7
262,weekday,14,0.0,108.7,93.5
262,weekday,15,0.0,116.5,102.9
262,weekday,16,0.0,104.2,98.2
262,weekday,17,0.0,126.8,122.5
262,weekday,18,0.0,127.8,138.2
262,weekday,19,0.0,95.4,118.6
262,weekday,20,0.0,56.1,92.2
262,weekday,21,0.0,45.1,77.2
262,weekday,22,0.0,35.6,67.9
262,weekday,23,0.0,23.2,51.6
262,weekend,0,0.0,24.9,63.6
262,weekend,1,0.0,14.8,40.9
262,weekend,2,0.0,7.7,28.4
262,weekend,3,0.0,6.2,23.8
262,weekend,4,0.0,7.0,27.7
262,weekend,5,0.0,8.9,32.9
262,weekend,6,0.0,24.1,49.7
262,weekend,7,0.0,44.8,60.8
262,weekend,8,0.0,67.3,76.4
262,weekend,9,0.0,95.0,106.6
262,weekend,10,0.0,111.9,126.0
262,weekend,11,0.0,118.7,133.8
262,weekend,12,0.0,116.6,127.8
262,weekend,13,0.0,102.7,129.1
262,weekend,14,0.0,89.1,112.7
262,weekend,15,0.0,90.3,104.2
262,weekend,16,0.0,85.7,104.9
262,weekend,17,0.0,93.6,117.3
262,weekend,18,0.0,101.4,125.1
262,weekend,19,0.0,73.1,108.9
262,weekend,20,0.0,51.6,91.0
262,weekend,21,0.0,41.4,90.1
262,weekend,22,0.0,30.6,80.4
262,weekend,23,0.0,24.1,61.3
263,weekday,0,57.4,27.1,67.0
263,weekday,1,19.0,14.8,43.3
263,weekday,2,10.4,9.2,25.4
263,weekday,3,8.4,5.4,23.9
263,weekday,4,17.4,12.6,46.8
263,weekday,5,83.9,32.3,86.4
263,weekday,6,396.3,79.3,156.8
263,weekday,7,1364.6,134.2,196.4
263,weekday,8,3459.5,143.5,218.4
263,weekday,9,1904.8,135.7,212.6
263,weekday,10,915.6,134.3,163.6
263,weekday,11,766.8,129.8,140.9
263,weekday,12,779.9,132.0,137.9
263,weekday,13,781.9,126.6,130.2
263,weekday,14,842.6,139.8,134.8
263,weekday,15,1175.9,148.2,136.8
263,weekday,16,1508.9,133.2,136.6
263,weekday,17,1741.5,158.2,156.1
263,weekday,18,1498.5,161.5,183.9
263,weekday,19,906.2,140.1,165.9
263,weekday,20,655.5,127.5,151.6
263,weekday,21,505.9,127.5,150.6
263,weekday,22,391.5,113.6,144.4
263,weekday,23,179.5,63.6,113.5
263,weekend,0,138.3,116.6,174.7
263,weekend,1,57.8,72.4,152.0
263,weekend,2,29.0,48.1,105.6
263,weekend,3,15.3,30.4,67.9
263,weekend,4,18.0,24.0,57.7
263,weekend,5,28.4,18.3,59.9
263,weekend,6,90.3,32.1,81.2
263,weekend,7,198.2,47.4,91.9
263,weekend,8,353.6,69.9,112.0
263,weekend,9,570.7,99.4,134.9
263,weekend,10,796.9,136.2,179.6
263,weekend,11,1004.7,142.1,191.0
263,weekend,12,1175.1,153.8,173.4
263,weekend,13,1265.0,140.9,173.6
263,weekend,14,1044.2,131.3,178.4
263,weekend,15,1016.4,135.9,170.0
263,weekend,16,1007.3,129.0,177.0
263,weekend,17,1045.7,143.4,178.2
263,weekend,18,1010.9,151.3,189.2
263,weekend,19,806.2,136.0,173.7
263,weekend,20,568.4,112.8,155.1
263,weekend,21,481.4,105.8,167.3
263,weekend,22,424.6,100.3,180.1
263,weekend,23,250.2,77.7,148.6
